Date,Year,Month,MonthNumber,Quarter,MonthYear,MonthYearSort
1-Jan-11,2011,January,1,Q1,Jan-11,201101
2-Jan-11,2011,January,1,Q1,Jan-11,201101
3-Jan-11,2011,January,1,Q1,Jan-11,201101
4-Jan-11,2011,January,1,Q1,Jan-11,201101
5-Jan-11,2011,January,1,Q1,Jan-11,201101
6-Jan-11,2011,January,1,Q1,Jan-11,201101
7-Jan-11,2011,January,1,Q1,Jan-11,201101
8-Jan-11,2011,January,1,Q1,Jan-11,201101
9-Jan-11,2011,January,1,Q1,Jan-11,201101
10-Jan-11,2011,January,1,Q1,Jan-11,201101
11-Jan-11,2011,January,1,Q1,Jan-11,201101
12-Jan-11,2011,January,1,Q1,Jan-11,201101
13-Jan-11,2011,January,1,Q1,Jan-11,201101
14-Jan-11,2011,January,1,Q1,Jan-11,201101
15-Jan-11,2011,January,1,Q1,Jan-11,201101
16-Jan-11,2011,January,1,Q1,Jan-11,201101
17-Jan-11,2011,January,1,Q1,Jan-11,201101
18-Jan-11,2011,January,1,Q1,Jan-11,201101
19-Jan-11,2011,January,1,Q1,Jan-11,201101
20-Jan-11,2011,January,1,Q1,Jan-11,201101
21-Jan-11,2011,January,1,Q1,Jan-11,201101
22-Jan-11,2011,January,1,Q1,Jan-11,201101
23-Jan-11,2011,January,1,Q1,Jan-11,201101
24-Jan-11,2011,January,1,Q1,Jan-11,201101
25-Jan-11,2011,January,1,Q1,Jan-11,201101
26-Jan-11,2011,January,1,Q1,Jan-11,201101
27-Jan-11,2011,January,1,Q1,Jan-11,201101
28-Jan-11,2011,January,1,Q1,Jan-11,201101
29-Jan-11,2011,January,1,Q1,Jan-11,201101
30-Jan-11,2011,January,1,Q1,Jan-11,201101
31-Jan-11,2011,January,1,Q1,Jan-11,201101
1-Feb-11,2011,February,2,Q1,Feb-11,201102
2-Feb-11,2011,February,2,Q1,Feb-11,201102
3-Feb-11,2011,February,2,Q1,Feb-11,201102
4-Feb-11,2011,February,2,Q1,Feb-11,201102
5-Feb-11,2011,February,2,Q1,Feb-11,201102
6-Feb-11,2011,February,2,Q1,Feb-11,201102
7-Feb-11,2011,February,2,Q1,Feb-11,201102
8-Feb-11,2011,February,2,Q1,Feb-11,201102
9-Feb-11,2011,February,2,Q1,Feb-11,201102
10-Feb-11,2011,February,2,Q1,Feb-11,201102
11-Feb-11,2011,February,2,Q1,Feb-11,201102
12-Feb-11,2011,February,2,Q1,Feb-11,201102
13-Feb-11,2011,February,2,Q1,Feb-11,201102
14-Feb-11,2011,February,2,Q1,Feb-11,201102
15-Feb-11,2011,February,2,Q1,Feb-11,201102
16-Feb-11,2011,February,2,Q1,Feb-11,201102
17-Feb-11,2011,February,2,Q1,Feb-11,201102
18-Feb-11,2011,February,2,Q1,Feb-11,201102
19-Feb-11,2011,February,2,Q1,Feb-11,201102
20-Feb-11,2011,February,2,Q1,Feb-11,201102
21-Feb-11,2011,February,2,Q1,Feb-11,201102
22-Feb-11,2011,February,2,Q1,Feb-11,201102
23-Feb-11,2011,February,2,Q1,Feb-11,201102
24-Feb-11,2011,February,2,Q1,Feb-11,201102
25-Feb-11,2011,February,2,Q1,Feb-11,201102
26-Feb-11,2011,February,2,Q1,Feb-11,201102
27-Feb-11,2011,February,2,Q1,Feb-11,201102
28-Feb-11,2011,February,2,Q1,Feb-11,201102
1-Mar-11,2011,March,3,Q1,Mar-11,201103
2-Mar-11,2011,March,3,Q1,Mar-11,201103
3-Mar-11,2011,March,3,Q1,Mar-11,201103
4-Mar-11,2011,March,3,Q1,Mar-11,201103
5-Mar-11,2011,March,3,Q1,Mar-11,201103
6-Mar-11,2011,March,3,Q1,Mar-11,201103
7-Mar-11,2011,March,3,Q1,Mar-11,201103
8-Mar-11,2011,March,3,Q1,Mar-11,201103
9-Mar-11,2011,March,3,Q1,Mar-11,201103
10-Mar-11,2011,March,3,Q1,Mar-11,201103
11-Mar-11,2011,March,3,Q1,Mar-11,201103
12-Mar-11,2011,March,3,Q1,Mar-11,201103
13-Mar-11,2011,March,3,Q1,Mar-11,201103
14-Mar-11,2011,March,3,Q1,Mar-11,201103
15-Mar-11,2011,March,3,Q1,Mar-11,201103
16-Mar-11,2011,March,3,Q1,Mar-11,201103
17-Mar-11,2011,March,3,Q1,Mar-11,201103
18-Mar-11,2011,March,3,Q1,Mar-11,201103
19-Mar-11,2011,March,3,Q1,Mar-11,201103
20-Mar-11,2011,March,3,Q1,Mar-11,201103
21-Mar-11,2011,March,3,Q1,Mar-11,201103
22-Mar-11,2011,March,3,Q1,Mar-11,201103
23-Mar-11,2011,March,3,Q1,Mar-11,201103
24-Mar-11,2011,March,3,Q1,Mar-11,201103
25-Mar-11,2011,March,3,Q1,Mar-11,201103
26-Mar-11,2011,March,3,Q1,Mar-11,201103
27-Mar-11,2011,March,3,Q1,Mar-11,201103
28-Mar-11,2011,March,3,Q1,Mar-11,201103
29-Mar-11,2011,March,3,Q1,Mar-11,201103
30-Mar-11,2011,March,3,Q1,Mar-11,201103
31-Mar-11,2011,March,3,Q1,Mar-11,201103
1-Apr-11,2011,April,4,Q2,Apr-11,201104
2-Apr-11,2011,April,4,Q2,Apr-11,201104
3-Apr-11,2011,April,4,Q2,Apr-11,201104
4-Apr-11,2011,April,4,Q2,Apr-11,201104
5-Apr-11,2011,April,4,Q2,Apr-11,201104
6-Apr-11,2011,April,4,Q2,Apr-11,201104
7-Apr-11,2011,April,4,Q2,Apr-11,201104
8-Apr-11,2011,April,4,Q2,Apr-11,201104
9-Apr-11,2011,April,4,Q2,Apr-11,201104
10-Apr-11,2011,April,4,Q2,Apr-11,201104
11-Apr-11,2011,April,4,Q2,Apr-11,201104
12-Apr-11,2011,April,4,Q2,Apr-11,201104
13-Apr-11,2011,April,4,Q2,Apr-11,201104
14-Apr-11,2011,April,4,Q2,Apr-11,201104
15-Apr-11,2011,April,4,Q2,Apr-11,201104
16-Apr-11,2011,April,4,Q2,Apr-11,201104
17-Apr-11,2011,April,4,Q2,Apr-11,201104
18-Apr-11,2011,April,4,Q2,Apr-11,201104
19-Apr-11,2011,April,4,Q2,Apr-11,201104
20-Apr-11,2011,April,4,Q2,Apr-11,201104
21-Apr-11,2011,April,4,Q2,Apr-11,201104
22-Apr-11,2011,April,4,Q2,Apr-11,201104
23-Apr-11,2011,April,4,Q2,Apr-11,201104
24-Apr-11,2011,April,4,Q2,Apr-11,201104
25-Apr-11,2011,April,4,Q2,Apr-11,201104
26-Apr-11,2011,April,4,Q2,Apr-11,201104
27-Apr-11,2011,April,4,Q2,Apr-11,201104
28-Apr-11,2011,April,4,Q2,Apr-11,201104
29-Apr-11,2011,April,4,Q2,Apr-11,201104
30-Apr-11,2011,April,4,Q2,Apr-11,201104
1-May-11,2011,May,5,Q2,May-11,201105
2-May-11,2011,May,5,Q2,May-11,201105
3-May-11,2011,May,5,Q2,May-11,201105
4-May-11,2011,May,5,Q2,May-11,201105
5-May-11,2011,May,5,Q2,May-11,201105
6-May-11,2011,May,5,Q2,May-11,201105
7-May-11,2011,May,5,Q2,May-11,201105
8-May-11,2011,May,5,Q2,May-11,201105
9-May-11,2011,May,5,Q2,May-11,201105
10-May-11,2011,May,5,Q2,May-11,201105
11-May-11,2011,May,5,Q2,May-11,201105
12-May-11,2011,May,5,Q2,May-11,201105
13-May-11,2011,May,5,Q2,May-11,201105
14-May-11,2011,May,5,Q2,May-11,201105
15-May-11,2011,May,5,Q2,May-11,201105
16-May-11,2011,May,5,Q2,May-11,201105
17-May-11,2011,May,5,Q2,May-11,201105
18-May-11,2011,May,5,Q2,May-11,201105
19-May-11,2011,May,5,Q2,May-11,201105
20-May-11,2011,May,5,Q2,May-11,201105
21-May-11,2011,May,5,Q2,May-11,201105
22-May-11,2011,May,5,Q2,May-11,201105
23-May-11,2011,May,5,Q2,May-11,201105
24-May-11,2011,May,5,Q2,May-11,201105
25-May-11,2011,May,5,Q2,May-11,201105
26-May-11,2011,May,5,Q2,May-11,201105
27-May-11,2011,May,5,Q2,May-11,201105
28-May-11,2011,May,5,Q2,May-11,201105
29-May-11,2011,May,5,Q2,May-11,201105
30-May-11,2011,May,5,Q2,May-11,201105
31-May-11,2011,May,5,Q2,May-11,201105
1-Jun-11,2011,June,6,Q2,Jun-11,201106
2-Jun-11,2011,June,6,Q2,Jun-11,201106
3-Jun-11,2011,June,6,Q2,Jun-11,201106
4-Jun-11,2011,June,6,Q2,Jun-11,201106
5-Jun-11,2011,June,6,Q2,Jun-11,201106
6-Jun-11,2011,June,6,Q2,Jun-11,201106
7-Jun-11,2011,June,6,Q2,Jun-11,201106
8-Jun-11,2011,June,6,Q2,Jun-11,201106
9-Jun-11,2011,June,6,Q2,Jun-11,201106
10-Jun-11,2011,June,6,Q2,Jun-11,201106
11-Jun-11,2011,June,6,Q2,Jun-11,201106
12-Jun-11,2011,June,6,Q2,Jun-11,201106
13-Jun-11,2011,June,6,Q2,Jun-11,201106
14-Jun-11,2011,June,6,Q2,Jun-11,201106
15-Jun-11,2011,June,6,Q2,Jun-11,201106
16-Jun-11,2011,June,6,Q2,Jun-11,201106
17-Jun-11,2011,June,6,Q2,Jun-11,201106
18-Jun-11,2011,June,6,Q2,Jun-11,201106
19-Jun-11,2011,June,6,Q2,Jun-11,201106
20-Jun-11,2011,June,6,Q2,Jun-11,201106
21-Jun-11,2011,June,6,Q2,Jun-11,201106
22-Jun-11,2011,June,6,Q2,Jun-11,201106
23-Jun-11,2011,June,6,Q2,Jun-11,201106
24-Jun-11,2011,June,6,Q2,Jun-11,201106
25-Jun-11,2011,June,6,Q2,Jun-11,201106
26-Jun-11,2011,June,6,Q2,Jun-11,201106
27-Jun-11,2011,June,6,Q2,Jun-11,201106
28-Jun-11,2011,June,6,Q2,Jun-11,201106
29-Jun-11,2011,June,6,Q2,Jun-11,201106
30-Jun-11,2011,June,6,Q2,Jun-11,201106
1-Jul-11,2011,July,7,Q3,Jul-11,201107
2-Jul-11,2011,July,7,Q3,Jul-11,201107
3-Jul-11,2011,July,7,Q3,Jul-11,201107
4-Jul-11,2011,July,7,Q3,Jul-11,201107
5-Jul-11,2011,July,7,Q3,Jul-11,201107
6-Jul-11,2011,July,7,Q3,Jul-11,201107
7-Jul-11,2011,July,7,Q3,Jul-11,201107
8-Jul-11,2011,July,7,Q3,Jul-11,201107
9-Jul-11,2011,July,7,Q3,Jul-11,201107
10-Jul-11,2011,July,7,Q3,Jul-11,201107
11-Jul-11,2011,July,7,Q3,Jul-11,201107
12-Jul-11,2011,July,7,Q3,Jul-11,201107
13-Jul-11,2011,July,7,Q3,Jul-11,201107
14-Jul-11,2011,July,7,Q3,Jul-11,201107
15-Jul-11,2011,July,7,Q3,Jul-11,201107
16-Jul-11,2011,July,7,Q3,Jul-11,201107
17-Jul-11,2011,July,7,Q3,Jul-11,201107
18-Jul-11,2011,July,7,Q3,Jul-11,201107
19-Jul-11,2011,July,7,Q3,Jul-11,201107
20-Jul-11,2011,July,7,Q3,Jul-11,201107
21-Jul-11,2011,July,7,Q3,Jul-11,201107
22-Jul-11,2011,July,7,Q3,Jul-11,201107
23-Jul-11,2011,July,7,Q3,Jul-11,201107
24-Jul-11,2011,July,7,Q3,Jul-11,201107
25-Jul-11,2011,July,7,Q3,Jul-11,201107
26-Jul-11,2011,July,7,Q3,Jul-11,201107
27-Jul-11,2011,July,7,Q3,Jul-11,201107
28-Jul-11,2011,July,7,Q3,Jul-11,201107
29-Jul-11,2011,July,7,Q3,Jul-11,201107
30-Jul-11,2011,July,7,Q3,Jul-11,201107
31-Jul-11,2011,July,7,Q3,Jul-11,201107
1-Aug-11,2011,August,8,Q3,Aug-11,201108
2-Aug-11,2011,August,8,Q3,Aug-11,201108
3-Aug-11,2011,August,8,Q3,Aug-11,201108
4-Aug-11,2011,August,8,Q3,Aug-11,201108
5-Aug-11,2011,August,8,Q3,Aug-11,201108
6-Aug-11,2011,August,8,Q3,Aug-11,201108
7-Aug-11,2011,August,8,Q3,Aug-11,201108
8-Aug-11,2011,August,8,Q3,Aug-11,201108
9-Aug-11,2011,August,8,Q3,Aug-11,201108
10-Aug-11,2011,August,8,Q3,Aug-11,201108
11-Aug-11,2011,August,8,Q3,Aug-11,201108
12-Aug-11,2011,August,8,Q3,Aug-11,201108
13-Aug-11,2011,August,8,Q3,Aug-11,201108
14-Aug-11,2011,August,8,Q3,Aug-11,201108
15-Aug-11,2011,August,8,Q3,Aug-11,201108
16-Aug-11,2011,August,8,Q3,Aug-11,201108
17-Aug-11,2011,August,8,Q3,Aug-11,201108
18-Aug-11,2011,August,8,Q3,Aug-11,201108
19-Aug-11,2011,August,8,Q3,Aug-11,201108
20-Aug-11,2011,August,8,Q3,Aug-11,201108
21-Aug-11,2011,August,8,Q3,Aug-11,201108
22-Aug-11,2011,August,8,Q3,Aug-11,201108
23-Aug-11,2011,August,8,Q3,Aug-11,201108
24-Aug-11,2011,August,8,Q3,Aug-11,201108
25-Aug-11,2011,August,8,Q3,Aug-11,201108
26-Aug-11,2011,August,8,Q3,Aug-11,201108
27-Aug-11,2011,August,8,Q3,Aug-11,201108
28-Aug-11,2011,August,8,Q3,Aug-11,201108
29-Aug-11,2011,August,8,Q3,Aug-11,201108
30-Aug-11,2011,August,8,Q3,Aug-11,201108
31-Aug-11,2011,August,8,Q3,Aug-11,201108
1-Sep-11,2011,September,9,Q3,Sep-11,201109
2-Sep-11,2011,September,9,Q3,Sep-11,201109
3-Sep-11,2011,September,9,Q3,Sep-11,201109
4-Sep-11,2011,September,9,Q3,Sep-11,201109
5-Sep-11,2011,September,9,Q3,Sep-11,201109
6-Sep-11,2011,September,9,Q3,Sep-11,201109
7-Sep-11,2011,September,9,Q3,Sep-11,201109
8-Sep-11,2011,September,9,Q3,Sep-11,201109
9-Sep-11,2011,September,9,Q3,Sep-11,201109
10-Sep-11,2011,September,9,Q3,Sep-11,201109
11-Sep-11,2011,September,9,Q3,Sep-11,201109
12-Sep-11,2011,September,9,Q3,Sep-11,201109
13-Sep-11,2011,September,9,Q3,Sep-11,201109
14-Sep-11,2011,September,9,Q3,Sep-11,201109
15-Sep-11,2011,September,9,Q3,Sep-11,201109
16-Sep-11,2011,September,9,Q3,Sep-11,201109
17-Sep-11,2011,September,9,Q3,Sep-11,201109
18-Sep-11,2011,September,9,Q3,Sep-11,201109
19-Sep-11,2011,September,9,Q3,Sep-11,201109
20-Sep-11,2011,September,9,Q3,Sep-11,201109
21-Sep-11,2011,September,9,Q3,Sep-11,201109
22-Sep-11,2011,September,9,Q3,Sep-11,201109
23-Sep-11,2011,September,9,Q3,Sep-11,201109
24-Sep-11,2011,September,9,Q3,Sep-11,201109
25-Sep-11,2011,September,9,Q3,Sep-11,201109
26-Sep-11,2011,September,9,Q3,Sep-11,201109
27-Sep-11,2011,September,9,Q3,Sep-11,201109
28-Sep-11,2011,September,9,Q3,Sep-11,201109
29-Sep-11,2011,September,9,Q3,Sep-11,201109
30-Sep-11,2011,September,9,Q3,Sep-11,201109
1-Oct-11,2011,October,10,Q4,Oct-11,201110
2-Oct-11,2011,October,10,Q4,Oct-11,201110
3-Oct-11,2011,October,10,Q4,Oct-11,201110
4-Oct-11,2011,October,10,Q4,Oct-11,201110
5-Oct-11,2011,October,10,Q4,Oct-11,201110
6-Oct-11,2011,October,10,Q4,Oct-11,201110
7-Oct-11,2011,October,10,Q4,Oct-11,201110
8-Oct-11,2011,October,10,Q4,Oct-11,201110
9-Oct-11,2011,October,10,Q4,Oct-11,201110
10-Oct-11,2011,October,10,Q4,Oct-11,201110
11-Oct-11,2011,October,10,Q4,Oct-11,201110
12-Oct-11,2011,October,10,Q4,Oct-11,201110
13-Oct-11,2011,October,10,Q4,Oct-11,201110
14-Oct-11,2011,October,10,Q4,Oct-11,201110
15-Oct-11,2011,October,10,Q4,Oct-11,201110
16-Oct-11,2011,October,10,Q4,Oct-11,201110
17-Oct-11,2011,October,10,Q4,Oct-11,201110
18-Oct-11,2011,October,10,Q4,Oct-11,201110
19-Oct-11,2011,October,10,Q4,Oct-11,201110
20-Oct-11,2011,October,10,Q4,Oct-11,201110
21-Oct-11,2011,October,10,Q4,Oct-11,201110
22-Oct-11,2011,October,10,Q4,Oct-11,201110
23-Oct-11,2011,October,10,Q4,Oct-11,201110
24-Oct-11,2011,October,10,Q4,Oct-11,201110
25-Oct-11,2011,October,10,Q4,Oct-11,201110
26-Oct-11,2011,October,10,Q4,Oct-11,201110
27-Oct-11,2011,October,10,Q4,Oct-11,201110
28-Oct-11,2011,October,10,Q4,Oct-11,201110
29-Oct-11,2011,October,10,Q4,Oct-11,201110
30-Oct-11,2011,October,10,Q4,Oct-11,201110
31-Oct-11,2011,October,10,Q4,Oct-11,201110
1-Nov-11,2011,November,11,Q4,Nov-11,201111
2-Nov-11,2011,November,11,Q4,Nov-11,201111
3-Nov-11,2011,November,11,Q4,Nov-11,201111
4-Nov-11,2011,November,11,Q4,Nov-11,201111
5-Nov-11,2011,November,11,Q4,Nov-11,201111
6-Nov-11,2011,November,11,Q4,Nov-11,201111
7-Nov-11,2011,November,11,Q4,Nov-11,201111
8-Nov-11,2011,November,11,Q4,Nov-11,201111
9-Nov-11,2011,November,11,Q4,Nov-11,201111
10-Nov-11,2011,November,11,Q4,Nov-11,201111
11-Nov-11,2011,November,11,Q4,Nov-11,201111
12-Nov-11,2011,November,11,Q4,Nov-11,201111
13-Nov-11,2011,November,11,Q4,Nov-11,201111
14-Nov-11,2011,November,11,Q4,Nov-11,201111
15-Nov-11,2011,November,11,Q4,Nov-11,201111
16-Nov-11,2011,November,11,Q4,Nov-11,201111
17-Nov-11,2011,November,11,Q4,Nov-11,201111
18-Nov-11,2011,November,11,Q4,Nov-11,201111
19-Nov-11,2011,November,11,Q4,Nov-11,201111
20-Nov-11,2011,November,11,Q4,Nov-11,201111
21-Nov-11,2011,November,11,Q4,Nov-11,201111
22-Nov-11,2011,November,11,Q4,Nov-11,201111
23-Nov-11,2011,November,11,Q4,Nov-11,201111
24-Nov-11,2011,November,11,Q4,Nov-11,201111
25-Nov-11,2011,November,11,Q4,Nov-11,201111
26-Nov-11,2011,November,11,Q4,Nov-11,201111
27-Nov-11,2011,November,11,Q4,Nov-11,201111
28-Nov-11,2011,November,11,Q4,Nov-11,201111
29-Nov-11,2011,November,11,Q4,Nov-11,201111
30-Nov-11,2011,November,11,Q4,Nov-11,201111
1-Dec-11,2011,December,12,Q4,Dec-11,201112
2-Dec-11,2011,December,12,Q4,Dec-11,201112
3-Dec-11,2011,December,12,Q4,Dec-11,201112
4-Dec-11,2011,December,12,Q4,Dec-11,201112
5-Dec-11,2011,December,12,Q4,Dec-11,201112
6-Dec-11,2011,December,12,Q4,Dec-11,201112
7-Dec-11,2011,December,12,Q4,Dec-11,201112
8-Dec-11,2011,December,12,Q4,Dec-11,201112
9-Dec-11,2011,December,12,Q4,Dec-11,201112
10-Dec-11,2011,December,12,Q4,Dec-11,201112
11-Dec-11,2011,December,12,Q4,Dec-11,201112
12-Dec-11,2011,December,12,Q4,Dec-11,201112
13-Dec-11,2011,December,12,Q4,Dec-11,201112
14-Dec-11,2011,December,12,Q4,Dec-11,201112
15-Dec-11,2011,December,12,Q4,Dec-11,201112
16-Dec-11,2011,December,12,Q4,Dec-11,201112
17-Dec-11,2011,December,12,Q4,Dec-11,201112
18-Dec-11,2011,December,12,Q4,Dec-11,201112
19-Dec-11,2011,December,12,Q4,Dec-11,201112
20-Dec-11,2011,December,12,Q4,Dec-11,201112
21-Dec-11,2011,December,12,Q4,Dec-11,201112
22-Dec-11,2011,December,12,Q4,Dec-11,201112
23-Dec-11,2011,December,12,Q4,Dec-11,201112
24-Dec-11,2011,December,12,Q4,Dec-11,201112
25-Dec-11,2011,December,12,Q4,Dec-11,201112
26-Dec-11,2011,December,12,Q4,Dec-11,201112
27-Dec-11,2011,December,12,Q4,Dec-11,201112
28-Dec-11,2011,December,12,Q4,Dec-11,201112
29-Dec-11,2011,December,12,Q4,Dec-11,201112
30-Dec-11,2011,December,12,Q4,Dec-11,201112
31-Dec-11,2011,December,12,Q4,Dec-11,201112
1-Jan-12,2012,January,1,Q1,Jan-12,201201
2-Jan-12,2012,January,1,Q1,Jan-12,201201
3-Jan-12,2012,January,1,Q1,Jan-12,201201
4-Jan-12,2012,January,1,Q1,Jan-12,201201
5-Jan-12,2012,January,1,Q1,Jan-12,201201
6-Jan-12,2012,January,1,Q1,Jan-12,201201
7-Jan-12,2012,January,1,Q1,Jan-12,201201
8-Jan-12,2012,January,1,Q1,Jan-12,201201
9-Jan-12,2012,January,1,Q1,Jan-12,201201
10-Jan-12,2012,January,1,Q1,Jan-12,201201
11-Jan-12,2012,January,1,Q1,Jan-12,201201
12-Jan-12,2012,January,1,Q1,Jan-12,201201
13-Jan-12,2012,January,1,Q1,Jan-12,201201
14-Jan-12,2012,January,1,Q1,Jan-12,201201
15-Jan-12,2012,January,1,Q1,Jan-12,201201
16-Jan-12,2012,January,1,Q1,Jan-12,201201
17-Jan-12,2012,January,1,Q1,Jan-12,201201
18-Jan-12,2012,January,1,Q1,Jan-12,201201
19-Jan-12,2012,January,1,Q1,Jan-12,201201
20-Jan-12,2012,January,1,Q1,Jan-12,201201
21-Jan-12,2012,January,1,Q1,Jan-12,201201
22-Jan-12,2012,January,1,Q1,Jan-12,201201
23-Jan-12,2012,January,1,Q1,Jan-12,201201
24-Jan-12,2012,January,1,Q1,Jan-12,201201
25-Jan-12,2012,January,1,Q1,Jan-12,201201
26-Jan-12,2012,January,1,Q1,Jan-12,201201
27-Jan-12,2012,January,1,Q1,Jan-12,201201
28-Jan-12,2012,January,1,Q1,Jan-12,201201
29-Jan-12,2012,January,1,Q1,Jan-12,201201
30-Jan-12,2012,January,1,Q1,Jan-12,201201
31-Jan-12,2012,January,1,Q1,Jan-12,201201
1-Feb-12,2012,February,2,Q1,Feb-12,201202
2-Feb-12,2012,February,2,Q1,Feb-12,201202
3-Feb-12,2012,February,2,Q1,Feb-12,201202
4-Feb-12,2012,February,2,Q1,Feb-12,201202
5-Feb-12,2012,February,2,Q1,Feb-12,201202
6-Feb-12,2012,February,2,Q1,Feb-12,201202
7-Feb-12,2012,February,2,Q1,Feb-12,201202
8-Feb-12,2012,February,2,Q1,Feb-12,201202
9-Feb-12,2012,February,2,Q1,Feb-12,201202
10-Feb-12,2012,February,2,Q1,Feb-12,201202
11-Feb-12,2012,February,2,Q1,Feb-12,201202
12-Feb-12,2012,February,2,Q1,Feb-12,201202
13-Feb-12,2012,February,2,Q1,Feb-12,201202
14-Feb-12,2012,February,2,Q1,Feb-12,201202
15-Feb-12,2012,February,2,Q1,Feb-12,201202
16-Feb-12,2012,February,2,Q1,Feb-12,201202
17-Feb-12,2012,February,2,Q1,Feb-12,201202
18-Feb-12,2012,February,2,Q1,Feb-12,201202
19-Feb-12,2012,February,2,Q1,Feb-12,201202
20-Feb-12,2012,February,2,Q1,Feb-12,201202
21-Feb-12,2012,February,2,Q1,Feb-12,201202
22-Feb-12,2012,February,2,Q1,Feb-12,201202
23-Feb-12,2012,February,2,Q1,Feb-12,201202
24-Feb-12,2012,February,2,Q1,Feb-12,201202
25-Feb-12,2012,February,2,Q1,Feb-12,201202
26-Feb-12,2012,February,2,Q1,Feb-12,201202
27-Feb-12,2012,February,2,Q1,Feb-12,201202
28-Feb-12,2012,February,2,Q1,Feb-12,201202
29-Feb-12,2012,February,2,Q1,Feb-12,201202
1-Mar-12,2012,March,3,Q1,Mar-12,201203
2-Mar-12,2012,March,3,Q1,Mar-12,201203
3-Mar-12,2012,March,3,Q1,Mar-12,201203
4-Mar-12,2012,March,3,Q1,Mar-12,201203
5-Mar-12,2012,March,3,Q1,Mar-12,201203
6-Mar-12,2012,March,3,Q1,Mar-12,201203
7-Mar-12,2012,March,3,Q1,Mar-12,201203
8-Mar-12,2012,March,3,Q1,Mar-12,201203
9-Mar-12,2012,March,3,Q1,Mar-12,201203
10-Mar-12,2012,March,3,Q1,Mar-12,201203
11-Mar-12,2012,March,3,Q1,Mar-12,201203
12-Mar-12,2012,March,3,Q1,Mar-12,201203
13-Mar-12,2012,March,3,Q1,Mar-12,201203
14-Mar-12,2012,March,3,Q1,Mar-12,201203
15-Mar-12,2012,March,3,Q1,Mar-12,201203
16-Mar-12,2012,March,3,Q1,Mar-12,201203
17-Mar-12,2012,March,3,Q1,Mar-12,201203
18-Mar-12,2012,March,3,Q1,Mar-12,201203
19-Mar-12,2012,March,3,Q1,Mar-12,201203
20-Mar-12,2012,March,3,Q1,Mar-12,201203
21-Mar-12,2012,March,3,Q1,Mar-12,201203
22-Mar-12,2012,March,3,Q1,Mar-12,201203
23-Mar-12,2012,March,3,Q1,Mar-12,201203
24-Mar-12,2012,March,3,Q1,Mar-12,201203
25-Mar-12,2012,March,3,Q1,Mar-12,201203
26-Mar-12,2012,March,3,Q1,Mar-12,201203
27-Mar-12,2012,March,3,Q1,Mar-12,201203
28-Mar-12,2012,March,3,Q1,Mar-12,201203
29-Mar-12,2012,March,3,Q1,Mar-12,201203
30-Mar-12,2012,March,3,Q1,Mar-12,201203
31-Mar-12,2012,March,3,Q1,Mar-12,201203
1-Apr-12,2012,April,4,Q2,Apr-12,201204
2-Apr-12,2012,April,4,Q2,Apr-12,201204
3-Apr-12,2012,April,4,Q2,Apr-12,201204
4-Apr-12,2012,April,4,Q2,Apr-12,201204
5-Apr-12,2012,April,4,Q2,Apr-12,201204
6-Apr-12,2012,April,4,Q2,Apr-12,201204
7-Apr-12,2012,April,4,Q2,Apr-12,201204
8-Apr-12,2012,April,4,Q2,Apr-12,201204
9-Apr-12,2012,April,4,Q2,Apr-12,201204
10-Apr-12,2012,April,4,Q2,Apr-12,201204
11-Apr-12,2012,April,4,Q2,Apr-12,201204
12-Apr-12,2012,April,4,Q2,Apr-12,201204
13-Apr-12,2012,April,4,Q2,Apr-12,201204
14-Apr-12,2012,April,4,Q2,Apr-12,201204
15-Apr-12,2012,April,4,Q2,Apr-12,201204
16-Apr-12,2012,April,4,Q2,Apr-12,201204
17-Apr-12,2012,April,4,Q2,Apr-12,201204
18-Apr-12,2012,April,4,Q2,Apr-12,201204
19-Apr-12,2012,April,4,Q2,Apr-12,201204
20-Apr-12,2012,April,4,Q2,Apr-12,201204
21-Apr-12,2012,April,4,Q2,Apr-12,201204
22-Apr-12,2012,April,4,Q2,Apr-12,201204
23-Apr-12,2012,April,4,Q2,Apr-12,201204
24-Apr-12,2012,April,4,Q2,Apr-12,201204
25-Apr-12,2012,April,4,Q2,Apr-12,201204
26-Apr-12,2012,April,4,Q2,Apr-12,201204
27-Apr-12,2012,April,4,Q2,Apr-12,201204
28-Apr-12,2012,April,4,Q2,Apr-12,201204
29-Apr-12,2012,April,4,Q2,Apr-12,201204
30-Apr-12,2012,April,4,Q2,Apr-12,201204
1-May-12,2012,May,5,Q2,May-12,201205
2-May-12,2012,May,5,Q2,May-12,201205
3-May-12,2012,May,5,Q2,May-12,201205
4-May-12,2012,May,5,Q2,May-12,201205
5-May-12,2012,May,5,Q2,May-12,201205
6-May-12,2012,May,5,Q2,May-12,201205
7-May-12,2012,May,5,Q2,May-12,201205
8-May-12,2012,May,5,Q2,May-12,201205
9-May-12,2012,May,5,Q2,May-12,201205
10-May-12,2012,May,5,Q2,May-12,201205
11-May-12,2012,May,5,Q2,May-12,201205
12-May-12,2012,May,5,Q2,May-12,201205
13-May-12,2012,May,5,Q2,May-12,201205
14-May-12,2012,May,5,Q2,May-12,201205
15-May-12,2012,May,5,Q2,May-12,201205
16-May-12,2012,May,5,Q2,May-12,201205
17-May-12,2012,May,5,Q2,May-12,201205
18-May-12,2012,May,5,Q2,May-12,201205
19-May-12,2012,May,5,Q2,May-12,201205
20-May-12,2012,May,5,Q2,May-12,201205
21-May-12,2012,May,5,Q2,May-12,201205
22-May-12,2012,May,5,Q2,May-12,201205
23-May-12,2012,May,5,Q2,May-12,201205
24-May-12,2012,May,5,Q2,May-12,201205
25-May-12,2012,May,5,Q2,May-12,201205
26-May-12,2012,May,5,Q2,May-12,201205
27-May-12,2012,May,5,Q2,May-12,201205
28-May-12,2012,May,5,Q2,May-12,201205
29-May-12,2012,May,5,Q2,May-12,201205
30-May-12,2012,May,5,Q2,May-12,201205
31-May-12,2012,May,5,Q2,May-12,201205
1-Jun-12,2012,June,6,Q2,Jun-12,201206
2-Jun-12,2012,June,6,Q2,Jun-12,201206
3-Jun-12,2012,June,6,Q2,Jun-12,201206
4-Jun-12,2012,June,6,Q2,Jun-12,201206
5-Jun-12,2012,June,6,Q2,Jun-12,201206
6-Jun-12,2012,June,6,Q2,Jun-12,201206
7-Jun-12,2012,June,6,Q2,Jun-12,201206
8-Jun-12,2012,June,6,Q2,Jun-12,201206
9-Jun-12,2012,June,6,Q2,Jun-12,201206
10-Jun-12,2012,June,6,Q2,Jun-12,201206
11-Jun-12,2012,June,6,Q2,Jun-12,201206
12-Jun-12,2012,June,6,Q2,Jun-12,201206
13-Jun-12,2012,June,6,Q2,Jun-12,201206
14-Jun-12,2012,June,6,Q2,Jun-12,201206
15-Jun-12,2012,June,6,Q2,Jun-12,201206
16-Jun-12,2012,June,6,Q2,Jun-12,201206
17-Jun-12,2012,June,6,Q2,Jun-12,201206
18-Jun-12,2012,June,6,Q2,Jun-12,201206
19-Jun-12,2012,June,6,Q2,Jun-12,201206
20-Jun-12,2012,June,6,Q2,Jun-12,201206
21-Jun-12,2012,June,6,Q2,Jun-12,201206
22-Jun-12,2012,June,6,Q2,Jun-12,201206
23-Jun-12,2012,June,6,Q2,Jun-12,201206
24-Jun-12,2012,June,6,Q2,Jun-12,201206
25-Jun-12,2012,June,6,Q2,Jun-12,201206
26-Jun-12,2012,June,6,Q2,Jun-12,201206
27-Jun-12,2012,June,6,Q2,Jun-12,201206
28-Jun-12,2012,June,6,Q2,Jun-12,201206
29-Jun-12,2012,June,6,Q2,Jun-12,201206
30-Jun-12,2012,June,6,Q2,Jun-12,201206
1-Jul-12,2012,July,7,Q3,Jul-12,201207
2-Jul-12,2012,July,7,Q3,Jul-12,201207
3-Jul-12,2012,July,7,Q3,Jul-12,201207
4-Jul-12,2012,July,7,Q3,Jul-12,201207
5-Jul-12,2012,July,7,Q3,Jul-12,201207
6-Jul-12,2012,July,7,Q3,Jul-12,201207
7-Jul-12,2012,July,7,Q3,Jul-12,201207
8-Jul-12,2012,July,7,Q3,Jul-12,201207
9-Jul-12,2012,July,7,Q3,Jul-12,201207
10-Jul-12,2012,July,7,Q3,Jul-12,201207
11-Jul-12,2012,July,7,Q3,Jul-12,201207
12-Jul-12,2012,July,7,Q3,Jul-12,201207
13-Jul-12,2012,July,7,Q3,Jul-12,201207
14-Jul-12,2012,July,7,Q3,Jul-12,201207
15-Jul-12,2012,July,7,Q3,Jul-12,201207
16-Jul-12,2012,July,7,Q3,Jul-12,201207
17-Jul-12,2012,July,7,Q3,Jul-12,201207
18-Jul-12,2012,July,7,Q3,Jul-12,201207
19-Jul-12,2012,July,7,Q3,Jul-12,201207
20-Jul-12,2012,July,7,Q3,Jul-12,201207
21-Jul-12,2012,July,7,Q3,Jul-12,201207
22-Jul-12,2012,July,7,Q3,Jul-12,201207
23-Jul-12,2012,July,7,Q3,Jul-12,201207
24-Jul-12,2012,July,7,Q3,Jul-12,201207
25-Jul-12,2012,July,7,Q3,Jul-12,201207
26-Jul-12,2012,July,7,Q3,Jul-12,201207
27-Jul-12,2012,July,7,Q3,Jul-12,201207
28-Jul-12,2012,July,7,Q3,Jul-12,201207
29-Jul-12,2012,July,7,Q3,Jul-12,201207
30-Jul-12,2012,July,7,Q3,Jul-12,201207
31-Jul-12,2012,July,7,Q3,Jul-12,201207
1-Aug-12,2012,August,8,Q3,Aug-12,201208
2-Aug-12,2012,August,8,Q3,Aug-12,201208
3-Aug-12,2012,August,8,Q3,Aug-12,201208
4-Aug-12,2012,August,8,Q3,Aug-12,201208
5-Aug-12,2012,August,8,Q3,Aug-12,201208
6-Aug-12,2012,August,8,Q3,Aug-12,201208
7-Aug-12,2012,August,8,Q3,Aug-12,201208
8-Aug-12,2012,August,8,Q3,Aug-12,201208
9-Aug-12,2012,August,8,Q3,Aug-12,201208
10-Aug-12,2012,August,8,Q3,Aug-12,201208
11-Aug-12,2012,August,8,Q3,Aug-12,201208
12-Aug-12,2012,August,8,Q3,Aug-12,201208
13-Aug-12,2012,August,8,Q3,Aug-12,201208
14-Aug-12,2012,August,8,Q3,Aug-12,201208
15-Aug-12,2012,August,8,Q3,Aug-12,201208
16-Aug-12,2012,August,8,Q3,Aug-12,201208
17-Aug-12,2012,August,8,Q3,Aug-12,201208
18-Aug-12,2012,August,8,Q3,Aug-12,201208
19-Aug-12,2012,August,8,Q3,Aug-12,201208
20-Aug-12,2012,August,8,Q3,Aug-12,201208
21-Aug-12,2012,August,8,Q3,Aug-12,201208
22-Aug-12,2012,August,8,Q3,Aug-12,201208
23-Aug-12,2012,August,8,Q3,Aug-12,201208
24-Aug-12,2012,August,8,Q3,Aug-12,201208
25-Aug-12,2012,August,8,Q3,Aug-12,201208
26-Aug-12,2012,August,8,Q3,Aug-12,201208
27-Aug-12,2012,August,8,Q3,Aug-12,201208
28-Aug-12,2012,August,8,Q3,Aug-12,201208
29-Aug-12,2012,August,8,Q3,Aug-12,201208
30-Aug-12,2012,August,8,Q3,Aug-12,201208
31-Aug-12,2012,August,8,Q3,Aug-12,201208
1-Sep-12,2012,September,9,Q3,Sep-12,201209
2-Sep-12,2012,September,9,Q3,Sep-12,201209
3-Sep-12,2012,September,9,Q3,Sep-12,201209
4-Sep-12,2012,September,9,Q3,Sep-12,201209
5-Sep-12,2012,September,9,Q3,Sep-12,201209
6-Sep-12,2012,September,9,Q3,Sep-12,201209
7-Sep-12,2012,September,9,Q3,Sep-12,201209
8-Sep-12,2012,September,9,Q3,Sep-12,201209
9-Sep-12,2012,September,9,Q3,Sep-12,201209
10-Sep-12,2012,September,9,Q3,Sep-12,201209
11-Sep-12,2012,September,9,Q3,Sep-12,201209
12-Sep-12,2012,September,9,Q3,Sep-12,201209
13-Sep-12,2012,September,9,Q3,Sep-12,201209
14-Sep-12,2012,September,9,Q3,Sep-12,201209
15-Sep-12,2012,September,9,Q3,Sep-12,201209
16-Sep-12,2012,September,9,Q3,Sep-12,201209
17-Sep-12,2012,September,9,Q3,Sep-12,201209
18-Sep-12,2012,September,9,Q3,Sep-12,201209
19-Sep-12,2012,September,9,Q3,Sep-12,201209
20-Sep-12,2012,September,9,Q3,Sep-12,201209
21-Sep-12,2012,September,9,Q3,Sep-12,201209
22-Sep-12,2012,September,9,Q3,Sep-12,201209
23-Sep-12,2012,September,9,Q3,Sep-12,201209
24-Sep-12,2012,September,9,Q3,Sep-12,201209
25-Sep-12,2012,September,9,Q3,Sep-12,201209
26-Sep-12,2012,September,9,Q3,Sep-12,201209
27-Sep-12,2012,September,9,Q3,Sep-12,201209
28-Sep-12,2012,September,9,Q3,Sep-12,201209
29-Sep-12,2012,September,9,Q3,Sep-12,201209
30-Sep-12,2012,September,9,Q3,Sep-12,201209
1-Oct-12,2012,October,10,Q4,Oct-12,201210
2-Oct-12,2012,October,10,Q4,Oct-12,201210
3-Oct-12,2012,October,10,Q4,Oct-12,201210
4-Oct-12,2012,October,10,Q4,Oct-12,201210
5-Oct-12,2012,October,10,Q4,Oct-12,201210
6-Oct-12,2012,October,10,Q4,Oct-12,201210
7-Oct-12,2012,October,10,Q4,Oct-12,201210
8-Oct-12,2012,October,10,Q4,Oct-12,201210
9-Oct-12,2012,October,10,Q4,Oct-12,201210
10-Oct-12,2012,October,10,Q4,Oct-12,201210
11-Oct-12,2012,October,10,Q4,Oct-12,201210
12-Oct-12,2012,October,10,Q4,Oct-12,201210
13-Oct-12,2012,October,10,Q4,Oct-12,201210
14-Oct-12,2012,October,10,Q4,Oct-12,201210
15-Oct-12,2012,October,10,Q4,Oct-12,201210
16-Oct-12,2012,October,10,Q4,Oct-12,201210
17-Oct-12,2012,October,10,Q4,Oct-12,201210
18-Oct-12,2012,October,10,Q4,Oct-12,201210
19-Oct-12,2012,October,10,Q4,Oct-12,201210
20-Oct-12,2012,October,10,Q4,Oct-12,201210
21-Oct-12,2012,October,10,Q4,Oct-12,201210
22-Oct-12,2012,October,10,Q4,Oct-12,201210
23-Oct-12,2012,October,10,Q4,Oct-12,201210
24-Oct-12,2012,October,10,Q4,Oct-12,201210
25-Oct-12,2012,October,10,Q4,Oct-12,201210
26-Oct-12,2012,October,10,Q4,Oct-12,201210
27-Oct-12,2012,October,10,Q4,Oct-12,201210
28-Oct-12,2012,October,10,Q4,Oct-12,201210
29-Oct-12,2012,October,10,Q4,Oct-12,201210
30-Oct-12,2012,October,10,Q4,Oct-12,201210
31-Oct-12,2012,October,10,Q4,Oct-12,201210
1-Nov-12,2012,November,11,Q4,Nov-12,201211
2-Nov-12,2012,November,11,Q4,Nov-12,201211
3-Nov-12,2012,November,11,Q4,Nov-12,201211
4-Nov-12,2012,November,11,Q4,Nov-12,201211
5-Nov-12,2012,November,11,Q4,Nov-12,201211
6-Nov-12,2012,November,11,Q4,Nov-12,201211
7-Nov-12,2012,November,11,Q4,Nov-12,201211
8-Nov-12,2012,November,11,Q4,Nov-12,201211
9-Nov-12,2012,November,11,Q4,Nov-12,201211
10-Nov-12,2012,November,11,Q4,Nov-12,201211
11-Nov-12,2012,November,11,Q4,Nov-12,201211
12-Nov-12,2012,November,11,Q4,Nov-12,201211
13-Nov-12,2012,November,11,Q4,Nov-12,201211
14-Nov-12,2012,November,11,Q4,Nov-12,201211
15-Nov-12,2012,November,11,Q4,Nov-12,201211
16-Nov-12,2012,November,11,Q4,Nov-12,201211
17-Nov-12,2012,November,11,Q4,Nov-12,201211
18-Nov-12,2012,November,11,Q4,Nov-12,201211
19-Nov-12,2012,November,11,Q4,Nov-12,201211
20-Nov-12,2012,November,11,Q4,Nov-12,201211
21-Nov-12,2012,November,11,Q4,Nov-12,201211
22-Nov-12,2012,November,11,Q4,Nov-12,201211
23-Nov-12,2012,November,11,Q4,Nov-12,201211
24-Nov-12,2012,November,11,Q4,Nov-12,201211
25-Nov-12,2012,November,11,Q4,Nov-12,201211
26-Nov-12,2012,November,11,Q4,Nov-12,201211
27-Nov-12,2012,November,11,Q4,Nov-12,201211
28-Nov-12,2012,November,11,Q4,Nov-12,201211
29-Nov-12,2012,November,11,Q4,Nov-12,201211
30-Nov-12,2012,November,11,Q4,Nov-12,201211
1-Dec-12,2012,December,12,Q4,Dec-12,201212
2-Dec-12,2012,December,12,Q4,Dec-12,201212
3-Dec-12,2012,December,12,Q4,Dec-12,201212
4-Dec-12,2012,December,12,Q4,Dec-12,201212
5-Dec-12,2012,December,12,Q4,Dec-12,201212
6-Dec-12,2012,December,12,Q4,Dec-12,201212
7-Dec-12,2012,December,12,Q4,Dec-12,201212
8-Dec-12,2012,December,12,Q4,Dec-12,201212
9-Dec-12,2012,December,12,Q4,Dec-12,201212
10-Dec-12,2012,December,12,Q4,Dec-12,201212
11-Dec-12,2012,December,12,Q4,Dec-12,201212
12-Dec-12,2012,December,12,Q4,Dec-12,201212
13-Dec-12,2012,December,12,Q4,Dec-12,201212
14-Dec-12,2012,December,12,Q4,Dec-12,201212
15-Dec-12,2012,December,12,Q4,Dec-12,201212
16-Dec-12,2012,December,12,Q4,Dec-12,201212
17-Dec-12,2012,December,12,Q4,Dec-12,201212
18-Dec-12,2012,December,12,Q4,Dec-12,201212
19-Dec-12,2012,December,12,Q4,Dec-12,201212
20-Dec-12,2012,December,12,Q4,Dec-12,201212
21-Dec-12,2012,December,12,Q4,Dec-12,201212
22-Dec-12,2012,December,12,Q4,Dec-12,201212
23-Dec-12,2012,December,12,Q4,Dec-12,201212
24-Dec-12,2012,December,12,Q4,Dec-12,201212
25-Dec-12,2012,December,12,Q4,Dec-12,201212
26-Dec-12,2012,December,12,Q4,Dec-12,201212
27-Dec-12,2012,December,12,Q4,Dec-12,201212
28-Dec-12,2012,December,12,Q4,Dec-12,201212
29-Dec-12,2012,December,12,Q4,Dec-12,201212
30-Dec-12,2012,December,12,Q4,Dec-12,201212
31-Dec-12,2012,December,12,Q4,Dec-12,201212
1-Jan-13,2013,January,1,Q1,Jan-13,201301
2-Jan-13,2013,January,1,Q1,Jan-13,201301
3-Jan-13,2013,January,1,Q1,Jan-13,201301
4-Jan-13,2013,January,1,Q1,Jan-13,201301
5-Jan-13,2013,January,1,Q1,Jan-13,201301
6-Jan-13,2013,January,1,Q1,Jan-13,201301
7-Jan-13,2013,January,1,Q1,Jan-13,201301
8-Jan-13,2013,January,1,Q1,Jan-13,201301
9-Jan-13,2013,January,1,Q1,Jan-13,201301
10-Jan-13,2013,January,1,Q1,Jan-13,201301
11-Jan-13,2013,January,1,Q1,Jan-13,201301
12-Jan-13,2013,January,1,Q1,Jan-13,201301
13-Jan-13,2013,January,1,Q1,Jan-13,201301
14-Jan-13,2013,January,1,Q1,Jan-13,201301
15-Jan-13,2013,January,1,Q1,Jan-13,201301
16-Jan-13,2013,January,1,Q1,Jan-13,201301
17-Jan-13,2013,January,1,Q1,Jan-13,201301
18-Jan-13,2013,January,1,Q1,Jan-13,201301
19-Jan-13,2013,January,1,Q1,Jan-13,201301
20-Jan-13,2013,January,1,Q1,Jan-13,201301
21-Jan-13,2013,January,1,Q1,Jan-13,201301
22-Jan-13,2013,January,1,Q1,Jan-13,201301
23-Jan-13,2013,January,1,Q1,Jan-13,201301
24-Jan-13,2013,January,1,Q1,Jan-13,201301
25-Jan-13,2013,January,1,Q1,Jan-13,201301
26-Jan-13,2013,January,1,Q1,Jan-13,201301
27-Jan-13,2013,January,1,Q1,Jan-13,201301
28-Jan-13,2013,January,1,Q1,Jan-13,201301
29-Jan-13,2013,January,1,Q1,Jan-13,201301
30-Jan-13,2013,January,1,Q1,Jan-13,201301
31-Jan-13,2013,January,1,Q1,Jan-13,201301
1-Feb-13,2013,February,2,Q1,Feb-13,201302
2-Feb-13,2013,February,2,Q1,Feb-13,201302
3-Feb-13,2013,February,2,Q1,Feb-13,201302
4-Feb-13,2013,February,2,Q1,Feb-13,201302
5-Feb-13,2013,February,2,Q1,Feb-13,201302
6-Feb-13,2013,February,2,Q1,Feb-13,201302
7-Feb-13,2013,February,2,Q1,Feb-13,201302
8-Feb-13,2013,February,2,Q1,Feb-13,201302
9-Feb-13,2013,February,2,Q1,Feb-13,201302
10-Feb-13,2013,February,2,Q1,Feb-13,201302
11-Feb-13,2013,February,2,Q1,Feb-13,201302
12-Feb-13,2013,February,2,Q1,Feb-13,201302
13-Feb-13,2013,February,2,Q1,Feb-13,201302
14-Feb-13,2013,February,2,Q1,Feb-13,201302
15-Feb-13,2013,February,2,Q1,Feb-13,201302
16-Feb-13,2013,February,2,Q1,Feb-13,201302
17-Feb-13,2013,February,2,Q1,Feb-13,201302
18-Feb-13,2013,February,2,Q1,Feb-13,201302
19-Feb-13,2013,February,2,Q1,Feb-13,201302
20-Feb-13,2013,February,2,Q1,Feb-13,201302
21-Feb-13,2013,February,2,Q1,Feb-13,201302
22-Feb-13,2013,February,2,Q1,Feb-13,201302
23-Feb-13,2013,February,2,Q1,Feb-13,201302
24-Feb-13,2013,February,2,Q1,Feb-13,201302
25-Feb-13,2013,February,2,Q1,Feb-13,201302
26-Feb-13,2013,February,2,Q1,Feb-13,201302
27-Feb-13,2013,February,2,Q1,Feb-13,201302
28-Feb-13,2013,February,2,Q1,Feb-13,201302
1-Mar-13,2013,March,3,Q1,Mar-13,201303
2-Mar-13,2013,March,3,Q1,Mar-13,201303
3-Mar-13,2013,March,3,Q1,Mar-13,201303
4-Mar-13,2013,March,3,Q1,Mar-13,201303
5-Mar-13,2013,March,3,Q1,Mar-13,201303
6-Mar-13,2013,March,3,Q1,Mar-13,201303
7-Mar-13,2013,March,3,Q1,Mar-13,201303
8-Mar-13,2013,March,3,Q1,Mar-13,201303
9-Mar-13,2013,March,3,Q1,Mar-13,201303
10-Mar-13,2013,March,3,Q1,Mar-13,201303
11-Mar-13,2013,March,3,Q1,Mar-13,201303
12-Mar-13,2013,March,3,Q1,Mar-13,201303
13-Mar-13,2013,March,3,Q1,Mar-13,201303
14-Mar-13,2013,March,3,Q1,Mar-13,201303
15-Mar-13,2013,March,3,Q1,Mar-13,201303
16-Mar-13,2013,March,3,Q1,Mar-13,201303
17-Mar-13,2013,March,3,Q1,Mar-13,201303
18-Mar-13,2013,March,3,Q1,Mar-13,201303
19-Mar-13,2013,March,3,Q1,Mar-13,201303
20-Mar-13,2013,March,3,Q1,Mar-13,201303
21-Mar-13,2013,March,3,Q1,Mar-13,201303
22-Mar-13,2013,March,3,Q1,Mar-13,201303
23-Mar-13,2013,March,3,Q1,Mar-13,201303
24-Mar-13,2013,March,3,Q1,Mar-13,201303
25-Mar-13,2013,March,3,Q1,Mar-13,201303
26-Mar-13,2013,March,3,Q1,Mar-13,201303
27-Mar-13,2013,March,3,Q1,Mar-13,201303
28-Mar-13,2013,March,3,Q1,Mar-13,201303
29-Mar-13,2013,March,3,Q1,Mar-13,201303
30-Mar-13,2013,March,3,Q1,Mar-13,201303
31-Mar-13,2013,March,3,Q1,Mar-13,201303
1-Apr-13,2013,April,4,Q2,Apr-13,201304
2-Apr-13,2013,April,4,Q2,Apr-13,201304
3-Apr-13,2013,April,4,Q2,Apr-13,201304
4-Apr-13,2013,April,4,Q2,Apr-13,201304
5-Apr-13,2013,April,4,Q2,Apr-13,201304
6-Apr-13,2013,April,4,Q2,Apr-13,201304
7-Apr-13,2013,April,4,Q2,Apr-13,201304
8-Apr-13,2013,April,4,Q2,Apr-13,201304
9-Apr-13,2013,April,4,Q2,Apr-13,201304
10-Apr-13,2013,April,4,Q2,Apr-13,201304
11-Apr-13,2013,April,4,Q2,Apr-13,201304
12-Apr-13,2013,April,4,Q2,Apr-13,201304
13-Apr-13,2013,April,4,Q2,Apr-13,201304
14-Apr-13,2013,April,4,Q2,Apr-13,201304
15-Apr-13,2013,April,4,Q2,Apr-13,201304
16-Apr-13,2013,April,4,Q2,Apr-13,201304
17-Apr-13,2013,April,4,Q2,Apr-13,201304
18-Apr-13,2013,April,4,Q2,Apr-13,201304
19-Apr-13,2013,April,4,Q2,Apr-13,201304
20-Apr-13,2013,April,4,Q2,Apr-13,201304
21-Apr-13,2013,April,4,Q2,Apr-13,201304
22-Apr-13,2013,April,4,Q2,Apr-13,201304
23-Apr-13,2013,April,4,Q2,Apr-13,201304
24-Apr-13,2013,April,4,Q2,Apr-13,201304
25-Apr-13,2013,April,4,Q2,Apr-13,201304
26-Apr-13,2013,April,4,Q2,Apr-13,201304
27-Apr-13,2013,April,4,Q2,Apr-13,201304
28-Apr-13,2013,April,4,Q2,Apr-13,201304
29-Apr-13,2013,April,4,Q2,Apr-13,201304
30-Apr-13,2013,April,4,Q2,Apr-13,201304
1-May-13,2013,May,5,Q2,May-13,201305
2-May-13,2013,May,5,Q2,May-13,201305
3-May-13,2013,May,5,Q2,May-13,201305
4-May-13,2013,May,5,Q2,May-13,201305
5-May-13,2013,May,5,Q2,May-13,201305
6-May-13,2013,May,5,Q2,May-13,201305
7-May-13,2013,May,5,Q2,May-13,201305
8-May-13,2013,May,5,Q2,May-13,201305
9-May-13,2013,May,5,Q2,May-13,201305
10-May-13,2013,May,5,Q2,May-13,201305
11-May-13,2013,May,5,Q2,May-13,201305
12-May-13,2013,May,5,Q2,May-13,201305
13-May-13,2013,May,5,Q2,May-13,201305
14-May-13,2013,May,5,Q2,May-13,201305
15-May-13,2013,May,5,Q2,May-13,201305
16-May-13,2013,May,5,Q2,May-13,201305
17-May-13,2013,May,5,Q2,May-13,201305
18-May-13,2013,May,5,Q2,May-13,201305
19-May-13,2013,May,5,Q2,May-13,201305
20-May-13,2013,May,5,Q2,May-13,201305
21-May-13,2013,May,5,Q2,May-13,201305
22-May-13,2013,May,5,Q2,May-13,201305
23-May-13,2013,May,5,Q2,May-13,201305
24-May-13,2013,May,5,Q2,May-13,201305
25-May-13,2013,May,5,Q2,May-13,201305
26-May-13,2013,May,5,Q2,May-13,201305
27-May-13,2013,May,5,Q2,May-13,201305
28-May-13,2013,May,5,Q2,May-13,201305
29-May-13,2013,May,5,Q2,May-13,201305
30-May-13,2013,May,5,Q2,May-13,201305
31-May-13,2013,May,5,Q2,May-13,201305
1-Jun-13,2013,June,6,Q2,Jun-13,201306
2-Jun-13,2013,June,6,Q2,Jun-13,201306
3-Jun-13,2013,June,6,Q2,Jun-13,201306
4-Jun-13,2013,June,6,Q2,Jun-13,201306
5-Jun-13,2013,June,6,Q2,Jun-13,201306
6-Jun-13,2013,June,6,Q2,Jun-13,201306
7-Jun-13,2013,June,6,Q2,Jun-13,201306
8-Jun-13,2013,June,6,Q2,Jun-13,201306
9-Jun-13,2013,June,6,Q2,Jun-13,201306
10-Jun-13,2013,June,6,Q2,Jun-13,201306
11-Jun-13,2013,June,6,Q2,Jun-13,201306
12-Jun-13,2013,June,6,Q2,Jun-13,201306
13-Jun-13,2013,June,6,Q2,Jun-13,201306
14-Jun-13,2013,June,6,Q2,Jun-13,201306
15-Jun-13,2013,June,6,Q2,Jun-13,201306
16-Jun-13,2013,June,6,Q2,Jun-13,201306
17-Jun-13,2013,June,6,Q2,Jun-13,201306
18-Jun-13,2013,June,6,Q2,Jun-13,201306
19-Jun-13,2013,June,6,Q2,Jun-13,201306
20-Jun-13,2013,June,6,Q2,Jun-13,201306
21-Jun-13,2013,June,6,Q2,Jun-13,201306
22-Jun-13,2013,June,6,Q2,Jun-13,201306
23-Jun-13,2013,June,6,Q2,Jun-13,201306
24-Jun-13,2013,June,6,Q2,Jun-13,201306
25-Jun-13,2013,June,6,Q2,Jun-13,201306
26-Jun-13,2013,June,6,Q2,Jun-13,201306
27-Jun-13,2013,June,6,Q2,Jun-13,201306
28-Jun-13,2013,June,6,Q2,Jun-13,201306
29-Jun-13,2013,June,6,Q2,Jun-13,201306
30-Jun-13,2013,June,6,Q2,Jun-13,201306
1-Jul-13,2013,July,7,Q3,Jul-13,201307
2-Jul-13,2013,July,7,Q3,Jul-13,201307
3-Jul-13,2013,July,7,Q3,Jul-13,201307
4-Jul-13,2013,July,7,Q3,Jul-13,201307
5-Jul-13,2013,July,7,Q3,Jul-13,201307
6-Jul-13,2013,July,7,Q3,Jul-13,201307
7-Jul-13,2013,July,7,Q3,Jul-13,201307
8-Jul-13,2013,July,7,Q3,Jul-13,201307
9-Jul-13,2013,July,7,Q3,Jul-13,201307
10-Jul-13,2013,July,7,Q3,Jul-13,201307
11-Jul-13,2013,July,7,Q3,Jul-13,201307
12-Jul-13,2013,July,7,Q3,Jul-13,201307
13-Jul-13,2013,July,7,Q3,Jul-13,201307
14-Jul-13,2013,July,7,Q3,Jul-13,201307
15-Jul-13,2013,July,7,Q3,Jul-13,201307
16-Jul-13,2013,July,7,Q3,Jul-13,201307
17-Jul-13,2013,July,7,Q3,Jul-13,201307
18-Jul-13,2013,July,7,Q3,Jul-13,201307
19-Jul-13,2013,July,7,Q3,Jul-13,201307
20-Jul-13,2013,July,7,Q3,Jul-13,201307
21-Jul-13,2013,July,7,Q3,Jul-13,201307
22-Jul-13,2013,July,7,Q3,Jul-13,201307
23-Jul-13,2013,July,7,Q3,Jul-13,201307
24-Jul-13,2013,July,7,Q3,Jul-13,201307
25-Jul-13,2013,July,7,Q3,Jul-13,201307
26-Jul-13,2013,July,7,Q3,Jul-13,201307
27-Jul-13,2013,July,7,Q3,Jul-13,201307
28-Jul-13,2013,July,7,Q3,Jul-13,201307
29-Jul-13,2013,July,7,Q3,Jul-13,201307
30-Jul-13,2013,July,7,Q3,Jul-13,201307
31-Jul-13,2013,July,7,Q3,Jul-13,201307
1-Aug-13,2013,August,8,Q3,Aug-13,201308
2-Aug-13,2013,August,8,Q3,Aug-13,201308
3-Aug-13,2013,August,8,Q3,Aug-13,201308
4-Aug-13,2013,August,8,Q3,Aug-13,201308
5-Aug-13,2013,August,8,Q3,Aug-13,201308
6-Aug-13,2013,August,8,Q3,Aug-13,201308
7-Aug-13,2013,August,8,Q3,Aug-13,201308
8-Aug-13,2013,August,8,Q3,Aug-13,201308
9-Aug-13,2013,August,8,Q3,Aug-13,201308
10-Aug-13,2013,August,8,Q3,Aug-13,201308
11-Aug-13,2013,August,8,Q3,Aug-13,201308
12-Aug-13,2013,August,8,Q3,Aug-13,201308
13-Aug-13,2013,August,8,Q3,Aug-13,201308
14-Aug-13,2013,August,8,Q3,Aug-13,201308
15-Aug-13,2013,August,8,Q3,Aug-13,201308
16-Aug-13,2013,August,8,Q3,Aug-13,201308
17-Aug-13,2013,August,8,Q3,Aug-13,201308
18-Aug-13,2013,August,8,Q3,Aug-13,201308
19-Aug-13,2013,August,8,Q3,Aug-13,201308
20-Aug-13,2013,August,8,Q3,Aug-13,201308
21-Aug-13,2013,August,8,Q3,Aug-13,201308
22-Aug-13,2013,August,8,Q3,Aug-13,201308
23-Aug-13,2013,August,8,Q3,Aug-13,201308
24-Aug-13,2013,August,8,Q3,Aug-13,201308
25-Aug-13,2013,August,8,Q3,Aug-13,201308
26-Aug-13,2013,August,8,Q3,Aug-13,201308
27-Aug-13,2013,August,8,Q3,Aug-13,201308
28-Aug-13,2013,August,8,Q3,Aug-13,201308
29-Aug-13,2013,August,8,Q3,Aug-13,201308
30-Aug-13,2013,August,8,Q3,Aug-13,201308
31-Aug-13,2013,August,8,Q3,Aug-13,201308
1-Sep-13,2013,September,9,Q3,Sep-13,201309
2-Sep-13,2013,September,9,Q3,Sep-13,201309
3-Sep-13,2013,September,9,Q3,Sep-13,201309
4-Sep-13,2013,September,9,Q3,Sep-13,201309
5-Sep-13,2013,September,9,Q3,Sep-13,201309
6-Sep-13,2013,September,9,Q3,Sep-13,201309
7-Sep-13,2013,September,9,Q3,Sep-13,201309
8-Sep-13,2013,September,9,Q3,Sep-13,201309
9-Sep-13,2013,September,9,Q3,Sep-13,201309
10-Sep-13,2013,September,9,Q3,Sep-13,201309
11-Sep-13,2013,September,9,Q3,Sep-13,201309
12-Sep-13,2013,September,9,Q3,Sep-13,201309
13-Sep-13,2013,September,9,Q3,Sep-13,201309
14-Sep-13,2013,September,9,Q3,Sep-13,201309
15-Sep-13,2013,September,9,Q3,Sep-13,201309
16-Sep-13,2013,September,9,Q3,Sep-13,201309
17-Sep-13,2013,September,9,Q3,Sep-13,201309
18-Sep-13,2013,September,9,Q3,Sep-13,201309
19-Sep-13,2013,September,9,Q3,Sep-13,201309
20-Sep-13,2013,September,9,Q3,Sep-13,201309
21-Sep-13,2013,September,9,Q3,Sep-13,201309
22-Sep-13,2013,September,9,Q3,Sep-13,201309
23-Sep-13,2013,September,9,Q3,Sep-13,201309
24-Sep-13,2013,September,9,Q3,Sep-13,201309
25-Sep-13,2013,September,9,Q3,Sep-13,201309
26-Sep-13,2013,September,9,Q3,Sep-13,201309
27-Sep-13,2013,September,9,Q3,Sep-13,201309
28-Sep-13,2013,September,9,Q3,Sep-13,201309
29-Sep-13,2013,September,9,Q3,Sep-13,201309
30-Sep-13,2013,September,9,Q3,Sep-13,201309
1-Oct-13,2013,October,10,Q4,Oct-13,201310
2-Oct-13,2013,October,10,Q4,Oct-13,201310
3-Oct-13,2013,October,10,Q4,Oct-13,201310
4-Oct-13,2013,October,10,Q4,Oct-13,201310
5-Oct-13,2013,October,10,Q4,Oct-13,201310
6-Oct-13,2013,October,10,Q4,Oct-13,201310
7-Oct-13,2013,October,10,Q4,Oct-13,201310
8-Oct-13,2013,October,10,Q4,Oct-13,201310
9-Oct-13,2013,October,10,Q4,Oct-13,201310
10-Oct-13,2013,October,10,Q4,Oct-13,201310
11-Oct-13,2013,October,10,Q4,Oct-13,201310
12-Oct-13,2013,October,10,Q4,Oct-13,201310
13-Oct-13,2013,October,10,Q4,Oct-13,201310
14-Oct-13,2013,October,10,Q4,Oct-13,201310
15-Oct-13,2013,October,10,Q4,Oct-13,201310
16-Oct-13,2013,October,10,Q4,Oct-13,201310
17-Oct-13,2013,October,10,Q4,Oct-13,201310
18-Oct-13,2013,October,10,Q4,Oct-13,201310
19-Oct-13,2013,October,10,Q4,Oct-13,201310
20-Oct-13,2013,October,10,Q4,Oct-13,201310
21-Oct-13,2013,October,10,Q4,Oct-13,201310
22-Oct-13,2013,October,10,Q4,Oct-13,201310
23-Oct-13,2013,October,10,Q4,Oct-13,201310
24-Oct-13,2013,October,10,Q4,Oct-13,201310
25-Oct-13,2013,October,10,Q4,Oct-13,201310
26-Oct-13,2013,October,10,Q4,Oct-13,201310
27-Oct-13,2013,October,10,Q4,Oct-13,201310
28-Oct-13,2013,October,10,Q4,Oct-13,201310
29-Oct-13,2013,October,10,Q4,Oct-13,201310
30-Oct-13,2013,October,10,Q4,Oct-13,201310
31-Oct-13,2013,October,10,Q4,Oct-13,201310
1-Nov-13,2013,November,11,Q4,Nov-13,201311
2-Nov-13,2013,November,11,Q4,Nov-13,201311
3-Nov-13,2013,November,11,Q4,Nov-13,201311
4-Nov-13,2013,November,11,Q4,Nov-13,201311
5-Nov-13,2013,November,11,Q4,Nov-13,201311
6-Nov-13,2013,November,11,Q4,Nov-13,201311
7-Nov-13,2013,November,11,Q4,Nov-13,201311
8-Nov-13,2013,November,11,Q4,Nov-13,201311
9-Nov-13,2013,November,11,Q4,Nov-13,201311
10-Nov-13,2013,November,11,Q4,Nov-13,201311
11-Nov-13,2013,November,11,Q4,Nov-13,201311
12-Nov-13,2013,November,11,Q4,Nov-13,201311
13-Nov-13,2013,November,11,Q4,Nov-13,201311
14-Nov-13,2013,November,11,Q4,Nov-13,201311
15-Nov-13,2013,November,11,Q4,Nov-13,201311
16-Nov-13,2013,November,11,Q4,Nov-13,201311
17-Nov-13,2013,November,11,Q4,Nov-13,201311
18-Nov-13,2013,November,11,Q4,Nov-13,201311
19-Nov-13,2013,November,11,Q4,Nov-13,201311
20-Nov-13,2013,November,11,Q4,Nov-13,201311
21-Nov-13,2013,November,11,Q4,Nov-13,201311
22-Nov-13,2013,November,11,Q4,Nov-13,201311
23-Nov-13,2013,November,11,Q4,Nov-13,201311
24-Nov-13,2013,November,11,Q4,Nov-13,201311
25-Nov-13,2013,November,11,Q4,Nov-13,201311
26-Nov-13,2013,November,11,Q4,Nov-13,201311
27-Nov-13,2013,November,11,Q4,Nov-13,201311
28-Nov-13,2013,November,11,Q4,Nov-13,201311
29-Nov-13,2013,November,11,Q4,Nov-13,201311
30-Nov-13,2013,November,11,Q4,Nov-13,201311
1-Dec-13,2013,December,12,Q4,Dec-13,201312
2-Dec-13,2013,December,12,Q4,Dec-13,201312
3-Dec-13,2013,December,12,Q4,Dec-13,201312
4-Dec-13,2013,December,12,Q4,Dec-13,201312
5-Dec-13,2013,December,12,Q4,Dec-13,201312
6-Dec-13,2013,December,12,Q4,Dec-13,201312
7-Dec-13,2013,December,12,Q4,Dec-13,201312
8-Dec-13,2013,December,12,Q4,Dec-13,201312
9-Dec-13,2013,December,12,Q4,Dec-13,201312
10-Dec-13,2013,December,12,Q4,Dec-13,201312
11-Dec-13,2013,December,12,Q4,Dec-13,201312
12-Dec-13,2013,December,12,Q4,Dec-13,201312
13-Dec-13,2013,December,12,Q4,Dec-13,201312
14-Dec-13,2013,December,12,Q4,Dec-13,201312
15-Dec-13,2013,December,12,Q4,Dec-13,201312
16-Dec-13,2013,December,12,Q4,Dec-13,201312
17-Dec-13,2013,December,12,Q4,Dec-13,201312
18-Dec-13,2013,December,12,Q4,Dec-13,201312
19-Dec-13,2013,December,12,Q4,Dec-13,201312
20-Dec-13,2013,December,12,Q4,Dec-13,201312
21-Dec-13,2013,December,12,Q4,Dec-13,201312
22-Dec-13,2013,December,12,Q4,Dec-13,201312
23-Dec-13,2013,December,12,Q4,Dec-13,201312
24-Dec-13,2013,December,12,Q4,Dec-13,201312
25-Dec-13,2013,December,12,Q4,Dec-13,201312
26-Dec-13,2013,December,12,Q4,Dec-13,201312
27-Dec-13,2013,December,12,Q4,Dec-13,201312
28-Dec-13,2013,December,12,Q4,Dec-13,201312
29-Dec-13,2013,December,12,Q4,Dec-13,201312
30-Dec-13,2013,December,12,Q4,Dec-13,201312
31-Dec-13,2013,December,12,Q4,Dec-13,201312
1-Jan-14,2014,January,1,Q1,Jan-14,201401
2-Jan-14,2014,January,1,Q1,Jan-14,201401
3-Jan-14,2014,January,1,Q1,Jan-14,201401
4-Jan-14,2014,January,1,Q1,Jan-14,201401
5-Jan-14,2014,January,1,Q1,Jan-14,201401
6-Jan-14,2014,January,1,Q1,Jan-14,201401
7-Jan-14,2014,January,1,Q1,Jan-14,201401
8-Jan-14,2014,January,1,Q1,Jan-14,201401
9-Jan-14,2014,January,1,Q1,Jan-14,201401
10-Jan-14,2014,January,1,Q1,Jan-14,201401
11-Jan-14,2014,January,1,Q1,Jan-14,201401
12-Jan-14,2014,January,1,Q1,Jan-14,201401
13-Jan-14,2014,January,1,Q1,Jan-14,201401
14-Jan-14,2014,January,1,Q1,Jan-14,201401
15-Jan-14,2014,January,1,Q1,Jan-14,201401
16-Jan-14,2014,January,1,Q1,Jan-14,201401
17-Jan-14,2014,January,1,Q1,Jan-14,201401
18-Jan-14,2014,January,1,Q1,Jan-14,201401
19-Jan-14,2014,January,1,Q1,Jan-14,201401
20-Jan-14,2014,January,1,Q1,Jan-14,201401
21-Jan-14,2014,January,1,Q1,Jan-14,201401
22-Jan-14,2014,January,1,Q1,Jan-14,201401
23-Jan-14,2014,January,1,Q1,Jan-14,201401
24-Jan-14,2014,January,1,Q1,Jan-14,201401
25-Jan-14,2014,January,1,Q1,Jan-14,201401
26-Jan-14,2014,January,1,Q1,Jan-14,201401
27-Jan-14,2014,January,1,Q1,Jan-14,201401
28-Jan-14,2014,January,1,Q1,Jan-14,201401
29-Jan-14,2014,January,1,Q1,Jan-14,201401
30-Jan-14,2014,January,1,Q1,Jan-14,201401
31-Jan-14,2014,January,1,Q1,Jan-14,201401
1-Feb-14,2014,February,2,Q1,Feb-14,201402
2-Feb-14,2014,February,2,Q1,Feb-14,201402
3-Feb-14,2014,February,2,Q1,Feb-14,201402
4-Feb-14,2014,February,2,Q1,Feb-14,201402
5-Feb-14,2014,February,2,Q1,Feb-14,201402
6-Feb-14,2014,February,2,Q1,Feb-14,201402
7-Feb-14,2014,February,2,Q1,Feb-14,201402
8-Feb-14,2014,February,2,Q1,Feb-14,201402
9-Feb-14,2014,February,2,Q1,Feb-14,201402
10-Feb-14,2014,February,2,Q1,Feb-14,201402
11-Feb-14,2014,February,2,Q1,Feb-14,201402
12-Feb-14,2014,February,2,Q1,Feb-14,201402
13-Feb-14,2014,February,2,Q1,Feb-14,201402
14-Feb-14,2014,February,2,Q1,Feb-14,201402
15-Feb-14,2014,February,2,Q1,Feb-14,201402
16-Feb-14,2014,February,2,Q1,Feb-14,201402
17-Feb-14,2014,February,2,Q1,Feb-14,201402
18-Feb-14,2014,February,2,Q1,Feb-14,201402
19-Feb-14,2014,February,2,Q1,Feb-14,201402
20-Feb-14,2014,February,2,Q1,Feb-14,201402
21-Feb-14,2014,February,2,Q1,Feb-14,201402
22-Feb-14,2014,February,2,Q1,Feb-14,201402
23-Feb-14,2014,February,2,Q1,Feb-14,201402
24-Feb-14,2014,February,2,Q1,Feb-14,201402
25-Feb-14,2014,February,2,Q1,Feb-14,201402
26-Feb-14,2014,February,2,Q1,Feb-14,201402
27-Feb-14,2014,February,2,Q1,Feb-14,201402
28-Feb-14,2014,February,2,Q1,Feb-14,201402
1-Mar-14,2014,March,3,Q1,Mar-14,201403
2-Mar-14,2014,March,3,Q1,Mar-14,201403
3-Mar-14,2014,March,3,Q1,Mar-14,201403
4-Mar-14,2014,March,3,Q1,Mar-14,201403
5-Mar-14,2014,March,3,Q1,Mar-14,201403
6-Mar-14,2014,March,3,Q1,Mar-14,201403
7-Mar-14,2014,March,3,Q1,Mar-14,201403
8-Mar-14,2014,March,3,Q1,Mar-14,201403
9-Mar-14,2014,March,3,Q1,Mar-14,201403
10-Mar-14,2014,March,3,Q1,Mar-14,201403
11-Mar-14,2014,March,3,Q1,Mar-14,201403
12-Mar-14,2014,March,3,Q1,Mar-14,201403
13-Mar-14,2014,March,3,Q1,Mar-14,201403
14-Mar-14,2014,March,3,Q1,Mar-14,201403
15-Mar-14,2014,March,3,Q1,Mar-14,201403
16-Mar-14,2014,March,3,Q1,Mar-14,201403
17-Mar-14,2014,March,3,Q1,Mar-14,201403
18-Mar-14,2014,March,3,Q1,Mar-14,201403
19-Mar-14,2014,March,3,Q1,Mar-14,201403
20-Mar-14,2014,March,3,Q1,Mar-14,201403
21-Mar-14,2014,March,3,Q1,Mar-14,201403
22-Mar-14,2014,March,3,Q1,Mar-14,201403
23-Mar-14,2014,March,3,Q1,Mar-14,201403
24-Mar-14,2014,March,3,Q1,Mar-14,201403
25-Mar-14,2014,March,3,Q1,Mar-14,201403
26-Mar-14,2014,March,3,Q1,Mar-14,201403
27-Mar-14,2014,March,3,Q1,Mar-14,201403
28-Mar-14,2014,March,3,Q1,Mar-14,201403
29-Mar-14,2014,March,3,Q1,Mar-14,201403
30-Mar-14,2014,March,3,Q1,Mar-14,201403
31-Mar-14,2014,March,3,Q1,Mar-14,201403
1-Apr-14,2014,April,4,Q2,Apr-14,201404
2-Apr-14,2014,April,4,Q2,Apr-14,201404
3-Apr-14,2014,April,4,Q2,Apr-14,201404
4-Apr-14,2014,April,4,Q2,Apr-14,201404
5-Apr-14,2014,April,4,Q2,Apr-14,201404
6-Apr-14,2014,April,4,Q2,Apr-14,201404
7-Apr-14,2014,April,4,Q2,Apr-14,201404
8-Apr-14,2014,April,4,Q2,Apr-14,201404
9-Apr-14,2014,April,4,Q2,Apr-14,201404
10-Apr-14,2014,April,4,Q2,Apr-14,201404
11-Apr-14,2014,April,4,Q2,Apr-14,201404
12-Apr-14,2014,April,4,Q2,Apr-14,201404
13-Apr-14,2014,April,4,Q2,Apr-14,201404
14-Apr-14,2014,April,4,Q2,Apr-14,201404
15-Apr-14,2014,April,4,Q2,Apr-14,201404
16-Apr-14,2014,April,4,Q2,Apr-14,201404
17-Apr-14,2014,April,4,Q2,Apr-14,201404
18-Apr-14,2014,April,4,Q2,Apr-14,201404
19-Apr-14,2014,April,4,Q2,Apr-14,201404
20-Apr-14,2014,April,4,Q2,Apr-14,201404
21-Apr-14,2014,April,4,Q2,Apr-14,201404
22-Apr-14,2014,April,4,Q2,Apr-14,201404
23-Apr-14,2014,April,4,Q2,Apr-14,201404
24-Apr-14,2014,April,4,Q2,Apr-14,201404
25-Apr-14,2014,April,4,Q2,Apr-14,201404
26-Apr-14,2014,April,4,Q2,Apr-14,201404
27-Apr-14,2014,April,4,Q2,Apr-14,201404
28-Apr-14,2014,April,4,Q2,Apr-14,201404
29-Apr-14,2014,April,4,Q2,Apr-14,201404
30-Apr-14,2014,April,4,Q2,Apr-14,201404
1-May-14,2014,May,5,Q2,May-14,201405
2-May-14,2014,May,5,Q2,May-14,201405
3-May-14,2014,May,5,Q2,May-14,201405
4-May-14,2014,May,5,Q2,May-14,201405
5-May-14,2014,May,5,Q2,May-14,201405
6-May-14,2014,May,5,Q2,May-14,201405
7-May-14,2014,May,5,Q2,May-14,201405
8-May-14,2014,May,5,Q2,May-14,201405
9-May-14,2014,May,5,Q2,May-14,201405
10-May-14,2014,May,5,Q2,May-14,201405
11-May-14,2014,May,5,Q2,May-14,201405
12-May-14,2014,May,5,Q2,May-14,201405
13-May-14,2014,May,5,Q2,May-14,201405
14-May-14,2014,May,5,Q2,May-14,201405
15-May-14,2014,May,5,Q2,May-14,201405
16-May-14,2014,May,5,Q2,May-14,201405
17-May-14,2014,May,5,Q2,May-14,201405
18-May-14,2014,May,5,Q2,May-14,201405
19-May-14,2014,May,5,Q2,May-14,201405
20-May-14,2014,May,5,Q2,May-14,201405
21-May-14,2014,May,5,Q2,May-14,201405
22-May-14,2014,May,5,Q2,May-14,201405
23-May-14,2014,May,5,Q2,May-14,201405
24-May-14,2014,May,5,Q2,May-14,201405
25-May-14,2014,May,5,Q2,May-14,201405
26-May-14,2014,May,5,Q2,May-14,201405
27-May-14,2014,May,5,Q2,May-14,201405
28-May-14,2014,May,5,Q2,May-14,201405
29-May-14,2014,May,5,Q2,May-14,201405
30-May-14,2014,May,5,Q2,May-14,201405
31-May-14,2014,May,5,Q2,May-14,201405
1-Jun-14,2014,June,6,Q2,Jun-14,201406
2-Jun-14,2014,June,6,Q2,Jun-14,201406
3-Jun-14,2014,June,6,Q2,Jun-14,201406
4-Jun-14,2014,June,6,Q2,Jun-14,201406
5-Jun-14,2014,June,6,Q2,Jun-14,201406
6-Jun-14,2014,June,6,Q2,Jun-14,201406
7-Jun-14,2014,June,6,Q2,Jun-14,201406
8-Jun-14,2014,June,6,Q2,Jun-14,201406
9-Jun-14,2014,June,6,Q2,Jun-14,201406
10-Jun-14,2014,June,6,Q2,Jun-14,201406
11-Jun-14,2014,June,6,Q2,Jun-14,201406
12-Jun-14,2014,June,6,Q2,Jun-14,201406
13-Jun-14,2014,June,6,Q2,Jun-14,201406
14-Jun-14,2014,June,6,Q2,Jun-14,201406
15-Jun-14,2014,June,6,Q2,Jun-14,201406
16-Jun-14,2014,June,6,Q2,Jun-14,201406
17-Jun-14,2014,June,6,Q2,Jun-14,201406
18-Jun-14,2014,June,6,Q2,Jun-14,201406
19-Jun-14,2014,June,6,Q2,Jun-14,201406
20-Jun-14,2014,June,6,Q2,Jun-14,201406
21-Jun-14,2014,June,6,Q2,Jun-14,201406
22-Jun-14,2014,June,6,Q2,Jun-14,201406
23-Jun-14,2014,June,6,Q2,Jun-14,201406
24-Jun-14,2014,June,6,Q2,Jun-14,201406
25-Jun-14,2014,June,6,Q2,Jun-14,201406
26-Jun-14,2014,June,6,Q2,Jun-14,201406
27-Jun-14,2014,June,6,Q2,Jun-14,201406
28-Jun-14,2014,June,6,Q2,Jun-14,201406
29-Jun-14,2014,June,6,Q2,Jun-14,201406
30-Jun-14,2014,June,6,Q2,Jun-14,201406
1-Jul-14,2014,July,7,Q3,Jul-14,201407
2-Jul-14,2014,July,7,Q3,Jul-14,201407
3-Jul-14,2014,July,7,Q3,Jul-14,201407
4-Jul-14,2014,July,7,Q3,Jul-14,201407
5-Jul-14,2014,July,7,Q3,Jul-14,201407
6-Jul-14,2014,July,7,Q3,Jul-14,201407
7-Jul-14,2014,July,7,Q3,Jul-14,201407
8-Jul-14,2014,July,7,Q3,Jul-14,201407
9-Jul-14,2014,July,7,Q3,Jul-14,201407
10-Jul-14,2014,July,7,Q3,Jul-14,201407
11-Jul-14,2014,July,7,Q3,Jul-14,201407
12-Jul-14,2014,July,7,Q3,Jul-14,201407
13-Jul-14,2014,July,7,Q3,Jul-14,201407
14-Jul-14,2014,July,7,Q3,Jul-14,201407
15-Jul-14,2014,July,7,Q3,Jul-14,201407
16-Jul-14,2014,July,7,Q3,Jul-14,201407
17-Jul-14,2014,July,7,Q3,Jul-14,201407
18-Jul-14,2014,July,7,Q3,Jul-14,201407
19-Jul-14,2014,July,7,Q3,Jul-14,201407
20-Jul-14,2014,July,7,Q3,Jul-14,201407
21-Jul-14,2014,July,7,Q3,Jul-14,201407
22-Jul-14,2014,July,7,Q3,Jul-14,201407
23-Jul-14,2014,July,7,Q3,Jul-14,201407
24-Jul-14,2014,July,7,Q3,Jul-14,201407
25-Jul-14,2014,July,7,Q3,Jul-14,201407
26-Jul-14,2014,July,7,Q3,Jul-14,201407
27-Jul-14,2014,July,7,Q3,Jul-14,201407
28-Jul-14,2014,July,7,Q3,Jul-14,201407
29-Jul-14,2014,July,7,Q3,Jul-14,201407
30-Jul-14,2014,July,7,Q3,Jul-14,201407
31-Jul-14,2014,July,7,Q3,Jul-14,201407
1-Aug-14,2014,August,8,Q3,Aug-14,201408
2-Aug-14,2014,August,8,Q3,Aug-14,201408
3-Aug-14,2014,August,8,Q3,Aug-14,201408
4-Aug-14,2014,August,8,Q3,Aug-14,201408
5-Aug-14,2014,August,8,Q3,Aug-14,201408
6-Aug-14,2014,August,8,Q3,Aug-14,201408
7-Aug-14,2014,August,8,Q3,Aug-14,201408
8-Aug-14,2014,August,8,Q3,Aug-14,201408
9-Aug-14,2014,August,8,Q3,Aug-14,201408
10-Aug-14,2014,August,8,Q3,Aug-14,201408
11-Aug-14,2014,August,8,Q3,Aug-14,201408
12-Aug-14,2014,August,8,Q3,Aug-14,201408
13-Aug-14,2014,August,8,Q3,Aug-14,201408
14-Aug-14,2014,August,8,Q3,Aug-14,201408
15-Aug-14,2014,August,8,Q3,Aug-14,201408
16-Aug-14,2014,August,8,Q3,Aug-14,201408
17-Aug-14,2014,August,8,Q3,Aug-14,201408
18-Aug-14,2014,August,8,Q3,Aug-14,201408
19-Aug-14,2014,August,8,Q3,Aug-14,201408
20-Aug-14,2014,August,8,Q3,Aug-14,201408
21-Aug-14,2014,August,8,Q3,Aug-14,201408
22-Aug-14,2014,August,8,Q3,Aug-14,201408
23-Aug-14,2014,August,8,Q3,Aug-14,201408
24-Aug-14,2014,August,8,Q3,Aug-14,201408
25-Aug-14,2014,August,8,Q3,Aug-14,201408
26-Aug-14,2014,August,8,Q3,Aug-14,201408
27-Aug-14,2014,August,8,Q3,Aug-14,201408
28-Aug-14,2014,August,8,Q3,Aug-14,201408
29-Aug-14,2014,August,8,Q3,Aug-14,201408
30-Aug-14,2014,August,8,Q3,Aug-14,201408
31-Aug-14,2014,August,8,Q3,Aug-14,201408
1-Sep-14,2014,September,9,Q3,Sep-14,201409
2-Sep-14,2014,September,9,Q3,Sep-14,201409
3-Sep-14,2014,September,9,Q3,Sep-14,201409
4-Sep-14,2014,September,9,Q3,Sep-14,201409
5-Sep-14,2014,September,9,Q3,Sep-14,201409
6-Sep-14,2014,September,9,Q3,Sep-14,201409
7-Sep-14,2014,September,9,Q3,Sep-14,201409
8-Sep-14,2014,September,9,Q3,Sep-14,201409
9-Sep-14,2014,September,9,Q3,Sep-14,201409
10-Sep-14,2014,September,9,Q3,Sep-14,201409
11-Sep-14,2014,September,9,Q3,Sep-14,201409
12-Sep-14,2014,September,9,Q3,Sep-14,201409
13-Sep-14,2014,September,9,Q3,Sep-14,201409
14-Sep-14,2014,September,9,Q3,Sep-14,201409
15-Sep-14,2014,September,9,Q3,Sep-14,201409
16-Sep-14,2014,September,9,Q3,Sep-14,201409
17-Sep-14,2014,September,9,Q3,Sep-14,201409
18-Sep-14,2014,September,9,Q3,Sep-14,201409
19-Sep-14,2014,September,9,Q3,Sep-14,201409
20-Sep-14,2014,September,9,Q3,Sep-14,201409
21-Sep-14,2014,September,9,Q3,Sep-14,201409
22-Sep-14,2014,September,9,Q3,Sep-14,201409
23-Sep-14,2014,September,9,Q3,Sep-14,201409
24-Sep-14,2014,September,9,Q3,Sep-14,201409
25-Sep-14,2014,September,9,Q3,Sep-14,201409
26-Sep-14,2014,September,9,Q3,Sep-14,201409
27-Sep-14,2014,September,9,Q3,Sep-14,201409
28-Sep-14,2014,September,9,Q3,Sep-14,201409
29-Sep-14,2014,September,9,Q3,Sep-14,201409
30-Sep-14,2014,September,9,Q3,Sep-14,201409
1-Oct-14,2014,October,10,Q4,Oct-14,201410
2-Oct-14,2014,October,10,Q4,Oct-14,201410
3-Oct-14,2014,October,10,Q4,Oct-14,201410
4-Oct-14,2014,October,10,Q4,Oct-14,201410
5-Oct-14,2014,October,10,Q4,Oct-14,201410
6-Oct-14,2014,October,10,Q4,Oct-14,201410
7-Oct-14,2014,October,10,Q4,Oct-14,201410
8-Oct-14,2014,October,10,Q4,Oct-14,201410
9-Oct-14,2014,October,10,Q4,Oct-14,201410
10-Oct-14,2014,October,10,Q4,Oct-14,201410
11-Oct-14,2014,October,10,Q4,Oct-14,201410
12-Oct-14,2014,October,10,Q4,Oct-14,201410
13-Oct-14,2014,October,10,Q4,Oct-14,201410
14-Oct-14,2014,October,10,Q4,Oct-14,201410
15-Oct-14,2014,October,10,Q4,Oct-14,201410
16-Oct-14,2014,October,10,Q4,Oct-14,201410
17-Oct-14,2014,October,10,Q4,Oct-14,201410
18-Oct-14,2014,October,10,Q4,Oct-14,201410
19-Oct-14,2014,October,10,Q4,Oct-14,201410
20-Oct-14,2014,October,10,Q4,Oct-14,201410
21-Oct-14,2014,October,10,Q4,Oct-14,201410
22-Oct-14,2014,October,10,Q4,Oct-14,201410
23-Oct-14,2014,October,10,Q4,Oct-14,201410
24-Oct-14,2014,October,10,Q4,Oct-14,201410
25-Oct-14,2014,October,10,Q4,Oct-14,201410
26-Oct-14,2014,October,10,Q4,Oct-14,201410
27-Oct-14,2014,October,10,Q4,Oct-14,201410
28-Oct-14,2014,October,10,Q4,Oct-14,201410
29-Oct-14,2014,October,10,Q4,Oct-14,201410
30-Oct-14,2014,October,10,Q4,Oct-14,201410
31-Oct-14,2014,October,10,Q4,Oct-14,201410
1-Nov-14,2014,November,11,Q4,Nov-14,201411
2-Nov-14,2014,November,11,Q4,Nov-14,201411
3-Nov-14,2014,November,11,Q4,Nov-14,201411
4-Nov-14,2014,November,11,Q4,Nov-14,201411
5-Nov-14,2014,November,11,Q4,Nov-14,201411
6-Nov-14,2014,November,11,Q4,Nov-14,201411
7-Nov-14,2014,November,11,Q4,Nov-14,201411
8-Nov-14,2014,November,11,Q4,Nov-14,201411
9-Nov-14,2014,November,11,Q4,Nov-14,201411
10-Nov-14,2014,November,11,Q4,Nov-14,201411
11-Nov-14,2014,November,11,Q4,Nov-14,201411
12-Nov-14,2014,November,11,Q4,Nov-14,201411
13-Nov-14,2014,November,11,Q4,Nov-14,201411
14-Nov-14,2014,November,11,Q4,Nov-14,201411
15-Nov-14,2014,November,11,Q4,Nov-14,201411
16-Nov-14,2014,November,11,Q4,Nov-14,201411
17-Nov-14,2014,November,11,Q4,Nov-14,201411
18-Nov-14,2014,November,11,Q4,Nov-14,201411
19-Nov-14,2014,November,11,Q4,Nov-14,201411
20-Nov-14,2014,November,11,Q4,Nov-14,201411
21-Nov-14,2014,November,11,Q4,Nov-14,201411
22-Nov-14,2014,November,11,Q4,Nov-14,201411
23-Nov-14,2014,November,11,Q4,Nov-14,201411
24-Nov-14,2014,November,11,Q4,Nov-14,201411
25-Nov-14,2014,November,11,Q4,Nov-14,201411
26-Nov-14,2014,November,11,Q4,Nov-14,201411
27-Nov-14,2014,November,11,Q4,Nov-14,201411
28-Nov-14,2014,November,11,Q4,Nov-14,201411
29-Nov-14,2014,November,11,Q4,Nov-14,201411
30-Nov-14,2014,November,11,Q4,Nov-14,201411
1-Dec-14,2014,December,12,Q4,Dec-14,201412
2-Dec-14,2014,December,12,Q4,Dec-14,201412
3-Dec-14,2014,December,12,Q4,Dec-14,201412
4-Dec-14,2014,December,12,Q4,Dec-14,201412
5-Dec-14,2014,December,12,Q4,Dec-14,201412
6-Dec-14,2014,December,12,Q4,Dec-14,201412
7-Dec-14,2014,December,12,Q4,Dec-14,201412
8-Dec-14,2014,December,12,Q4,Dec-14,201412
9-Dec-14,2014,December,12,Q4,Dec-14,201412
10-Dec-14,2014,December,12,Q4,Dec-14,201412
11-Dec-14,2014,December,12,Q4,Dec-14,201412
12-Dec-14,2014,December,12,Q4,Dec-14,201412
13-Dec-14,2014,December,12,Q4,Dec-14,201412
14-Dec-14,2014,December,12,Q4,Dec-14,201412
15-Dec-14,2014,December,12,Q4,Dec-14,201412
16-Dec-14,2014,December,12,Q4,Dec-14,201412
17-Dec-14,2014,December,12,Q4,Dec-14,201412
18-Dec-14,2014,December,12,Q4,Dec-14,201412
19-Dec-14,2014,December,12,Q4,Dec-14,201412
20-Dec-14,2014,December,12,Q4,Dec-14,201412
21-Dec-14,2014,December,12,Q4,Dec-14,201412
22-Dec-14,2014,December,12,Q4,Dec-14,201412
23-Dec-14,2014,December,12,Q4,Dec-14,201412
24-Dec-14,2014,December,12,Q4,Dec-14,201412
25-Dec-14,2014,December,12,Q4,Dec-14,201412
26-Dec-14,2014,December,12,Q4,Dec-14,201412
27-Dec-14,2014,December,12,Q4,Dec-14,201412
28-Dec-14,2014,December,12,Q4,Dec-14,201412
29-Dec-14,2014,December,12,Q4,Dec-14,201412
30-Dec-14,2014,December,12,Q4,Dec-14,201412
31-Dec-14,2014,December,12,Q4,Dec-14,201412
,,,,,,
,,,,,,
,,,,,,
,,,,,,
,,,,,,
,,,,,,
,,,,,,
,,,,,,
,,,,,,
,,,,,,
,,,,,,
,,,,,,
,,,,,,
,,,,,,
,,,,,,
,,,,,,
,,,,,,
,,,,,,
,,,,,,
,,,,,,
,,,,,,
,,,,,,
,,,,,,
,,,,,,
,,,,,,
,,,,,,
,,,,,,
,,,,,,
,,,,,,
,,,,,,
,,,,,,
,,,,,,
,,,,,,
,,,,,,
,,,,,,
,,,,,,
,,,,,,
,,,,,,
,,,,,,
,,,,,,
,,,,,,
,,,,,,
,,,,,,
,,,,,,
,,,,,,
,,,,,,
,,,,,,
,,,,,,
,,,,,,
,,,,,,
,,,,,,
,,,,,,
,,,,,,
,,,,,,
,,,,,,
,,,,,,
,,,,,,
,,,,,,
,,,,,,
,,,,,,
,,,,,,
,,,,,,
,,,,,,
,,,,,,
,,,,,,
,,,,,,
,,,,,,
,,,,,,
,,,,,,
,,,,,,
,,,,,,
,,,,,,
,,,,,,
,,,,,,
,,,,,,
,,,,,,
,,,,,,
,,,,,,
,,,,,,
,,,,,,
,,,,,,
,,,,,,
,,,,,,
,,,,,,
,,,,,,
,,,,,,
,,,,,,
,,,,,,
,,,,,,
,,,,,,
,,,,,,
,,,,,,
,,,,,,
,,,,,,
,,,,,,
,,,,,,
,,,,,,
,,,,,,
,,,,,,
,,,,,,
,,,,,,
,,,,,,
,,,,,,
,,,,,,
,,,,,,
,,,,,,
,,,,,,
,,,,,,
,,,,,,
,,,,,,
,,,,,,
,,,,,,
,,,,,,
,,,,,,
,,,,,,
,,,,,,
,,,,,,
,,,,,,
,,,,,,
,,,,,,
,,,,,,
,,,,,,
,,,,,,
,,,,,,
,,,,,,
,,,,,,
,,,,,,
,,,,,,
,,,,,,
,,,,,,
,,,,,,
,,,,,,
,,,,,,
,,,,,,
,,,,,,
,,,,,,
,,,,,,
,,,,,,
,,,,,,
,,,,,,
,,,,,,
,,,,,,
,,,,,,
,,,,,,
,,,,,,
,,,,,,
,,,,,,
,,,,,,
,,,,,,
,,,,,,
,,,,,,
,,,,,,
,,,,,,
,,,,,,
,,,,,,
,,,,,,
,,,,,,
,,,,,,
,,,,,,
,,,,,,
,,,,,,
,,,,,,
,,,,,,
,,,,,,
,,,,,,
,,,,,,
,,,,,,
,,,,,,
,,,,,,
,,,,,,
,,,,,,
,,,,,,
,,,,,,
,,,,,,
,,,,,,
,,,,,,
,,,,,,
,,,,,,
,,,,,,
,,,,,,
,,,,,,
,,,,,,
,,,,,,
,,,,,,
,,,,,,
,,,,,,
,,,,,,
,,,,,,
,,,,,,
,,,,,,
,,,,,,
,,,,,,
,,,,,,
,,,,,,
,,,,,,
,,,,,,
,,,,,,
,,,,,,
,,,,,,
,,,,,,
,,,,,,
,,,,,,
,,,,,,
,,,,,,
,,,,,,
,,,,,,
,,,,,,
,,,,,,
,,,,,,
,,,,,,
,,,,,,
,,,,,,
,,,,,,
,,,,,,
,,,,,,
,,,,,,
,,,,,,
,,,,,,
,,,,,,
,,,,,,
,,,,,,
,,,,,,
,,,,,,
,,,,,,
,,,,,,
,,,,,,
,,,,,,
,,,,,,
,,,,,,
,,,,,,
,,,,,,
,,,,,,
,,,,,,
,,,,,,
,,,,,,
,,,,,,
,,,,,,
,,,,,,
,,,,,,
,,,,,,
,,,,,,
,,,,,,
,,,,,,
,,,,,,
,,,,,,
,,,,,,
,,,,,,
,,,,,,
,,,,,,
,,,,,,
,,,,,,
,,,,,,
,,,,,,
,,,,,,
,,,,,,
,,,,,,
,,,,,,
,,,,,,
,,,,,,
,,,,,,
,,,,,,
,,,,,,
,,,,,,
,,,,,,
,,,,,,
,,,,,,
,,,,,,
,,,,,,
,,,,,,
,,,,,,
,,,,,,
,,,,,,
,,,,,,
,,,,,,
,,,,,,
,,,,,,
,,,,,,
,,,,,,
,,,,,,
,,,,,,
,,,,,,
,,,,,,
,,,,,,
,,,,,,
,,,,,,
,,,,,,
,,,,,,
,,,,,,
,,,,,,
,,,,,,
,,,,,,
,,,,,,
,,,,,,
,,,,,,
,,,,,,
,,,,,,
,,,,,,
,,,,,,
,,,,,,
,,,,,,
,,,,,,
,,,,,,
,,,,,,
,,,,,,
,,,,,,
,,,,,,
,,,,,,
,,,,,,
,,,,,,
,,,,,,
,,,,,,
,,,,,,
,,,,,,
,,,,,,
,,,,,,
,,,,,,
,,,,,,
,,,,,,
,,,,,,
,,,,,,
,,,,,,
,,,,,,
,,,,,,
,,,,,,
,,,,,,
,,,,,,
,,,,,,
,,,,,,
,,,,,,
,,,,,,
,,,,,,
,,,,,,
,,,,,,
,,,,,,
,,,,,,
,,,,,,
,,,,,,
,,,,,,
,,,,,,
,,,,,,
,,,,,,
,,,,,,
,,,,,,
,,,,,,
,,,,,,
,,,,,,
,,,,,,
,,,,,,
,,,,,,
,,,,,,
,,,,,,
,,,,,,
,,,,,,
,,,,,,
,,,,,,
,,,,,,
,,,,,,
,,,,,,
,,,,,,
,,,,,,
,,,,,,
,,,,,,
,,,,,,
,,,,,,
,,,,,,
,,,,,,
,,,,,,
,,,,,,
,,,,,,
,,,,,,
,,,,,,
,,,,,,
,,,,,,
,,,,,,
,,,,,,
,,,,,,
,,,,,,
,,,,,,
,,,,,,
,,,,,,
,,,,,,
,,,,,,
,,,,,,
,,,,,,
,,,,,,
,,,,,,
,,,,,,
,,,,,,
,,,,,,
,,,,,,
,,,,,,
,,,,,,
,,,,,,
,,,,,,
,,,,,,
,,,,,,
,,,,,,
,,,,,,
,,,,,,
,,,,,,
,,,,,,
,,,,,,
,,,,,,
,,,,,,
,,,,,,
,,,,,,
,,,,,,
,,,,,,
,,,,,,
,,,,,,
,,,,,,
,,,,,,
,,,,,,
,,,,,,
,,,,,,
,,,,,,
,,,,,,
,,,,,,
,,,,,,
,,,,,,
,,,,,,
,,,,,,
,,,,,,
,,,,,,
,,,,,,
,,,,,,
,,,,,,
,,,,,,
,,,,,,
,,,,,,
,,,,,,
,,,,,,
,,,,,,
,,,,,,
,,,,,,
,,,,,,
,,,,,,
,,,,,,
,,,,,,
,,,,,,
,,,,,,
,,,,,,
,,,,,,
,,,,,,
,,,,,,
,,,,,,
,,,,,,
,,,,,,
,,,,,,
,,,,,,
,,,,,,
,,,,,,
,,,,,,
,,,,,,
,,,,,,
,,,,,,
,,,,,,
,,,,,,
,,,,,,
,,,,,,
,,,,,,
,,,,,,
,,,,,,
,,,,,,
,,,,,,
,,,,,,
,,,,,,
,,,,,,
,,,,,,
,,,,,,
,,,,,,
,,,,,,
,,,,,,
,,,,,,
,,,,,,
,,,,,,
,,,,,,
,,,,,,
,,,,,,
,,,,,,
,,,,,,
,,,,,,
,,,,,,
,,,,,,
,,,,,,
,,,,,,
,,,,,,
,,,,,,
,,,,,,
,,,,,,
,,,,,,
,,,,,,
,,,,,,
,,,,,,
,,,,,,
,,,,,,
,,,,,,
,,,,,,
,,,,,,
,,,,,,
,,,,,,
,,,,,,
,,,,,,
,,,,,,
,,,,,,
,,,,,,
,,,,,,
,,,,,,
,,,,,,
,,,,,,
,,,,,,
,,,,,,
,,,,,,
,,,,,,
,,,,,,
,,,,,,
,,,,,,
,,,,,,
,,,,,,
,,,,,,
,,,,,,
,,,,,,
,,,,,,
,,,,,,
,,,,,,
,,,,,,
,,,,,,
,,,,,,
,,,,,,
,,,,,,
,,,,,,
,,,,,,
,,,,,,
,,,,,,
,,,,,,
,,,,,,
,,,,,,
,,,,,,
,,,,,,
,,,,,,
,,,,,,
,,,,,,
,,,,,,
,,,,,,
,,,,,,
,,,,,,
,,,,,,
,,,,,,
,,,,,,
,,,,,,
,,,,,,
,,,,,,
,,,,,,
,,,,,,
,,,,,,
,,,,,,
,,,,,,
,,,,,,
,,,,,,
,,,,,,
,,,,,,
,,,,,,
,,,,,,
,,,,,,
,,,,,,
,,,,,,
,,,,,,
,,,,,,
,,,,,,
,,,,,,
,,,,,,
,,,,,,
,,,,,,
,,,,,,
,,,,,,
,,,,,,
,,,,,,
,,,,,,
,,,,,,
,,,,,,
,,,,,,
,,,,,,
,,,,,,
,,,,,,
,,,,,,
,,,,,,
,,,,,,
,,,,,,
,,,,,,
,,,,,,
,,,,,,
,,,,,,
,,,,,,
,,,,,,
,,,,,,
,,,,,,
,,,,,,
,,,,,,
,,,,,,
,,,,,,
,,,,,,
,,,,,,
,,,,,,
,,,,,,
,,,,,,
,,,,,,
,,,,,,
,,,,,,
,,,,,,
,,,,,,
,,,,,,
,,,,,,
,,,,,,
,,,,,,
,,,,,,
,,,,,,
,,,,,,
,,,,,,
,,,,,,
,,,,,,
,,,,,,
,,,,,,
,,,,,,
,,,,,,
,,,,,,
,,,,,,
,,,,,,
,,,,,,
,,,,,,
,,,,,,
,,,,,,
,,,,,,
,,,,,,
,,,,,,
,,,,,,
,,,,,,
,,,,,,
,,,,,,
,,,,,,
,,,,,,
,,,,,,
,,,,,,
,,,,,,
,,,,,,
,,,,,,
,,,,,,
,,,,,,
,,,,,,
,,,,,,
,,,,,,
,,,,,,
,,,,,,
,,,,,,
,,,,,,
,,,,,,
,,,,,,
,,,,,,
,,,,,,
,,,,,,
,,,,,,
,,,,,,
,,,,,,
,,,,,,
,,,,,,
,,,,,,
,,,,,,
,,,,,,
,,,,,,
,,,,,,
,,,,,,
,,,,,,
,,,,,,
,,,,,,
,,,,,,
,,,,,,
,,,,,,
,,,,,,
,,,,,,
,,,,,,
,,,,,,
,,,,,,
,,,,,,
,,,,,,
,,,,,,
,,,,,,
,,,,,,
,,,,,,
,,,,,,
,,,,,,
,,,,,,
,,,,,,
,,,,,,
,,,,,,
,,,,,,
,,,,,,
,,,,,,
,,,,,,
,,,,,,
,,,,,,
,,,,,,
,,,,,,
,,,,,,
,,,,,,
,,,,,,
,,,,,,
,,,,,,
,,,,,,
,,,,,,
,,,,,,
,,,,,,
,,,,,,
,,,,,,
,,,,,,
,,,,,,
,,,,,,
,,,,,,
,,,,,,
,,,,,,
,,,,,,
,,,,,,
,,,,,,
,,,,,,
,,,,,,
,,,,,,
,,,,,,
,,,,,,
,,,,,,
,,,,,,
,,,,,,
,,,,,,
,,,,,,
,,,,,,
,,,,,,
,,,,,,
,,,,,,
,,,,,,
,,,,,,
,,,,,,
,,,,,,
,,,,,,
,,,,,,
,,,,,,
,,,,,,
,,,,,,
,,,,,,
,,,,,,
,,,,,,
,,,,,,
,,,,,,
,,,,,,
,,,,,,
,,,,,,
,,,,,,
,,,,,,
,,,,,,
,,,,,,
,,,,,,
,,,,,,
,,,,,,
,,,,,,
,,,,,,
,,,,,,
,,,,,,
,,,,,,
,,,,,,
,,,,,,
,,,,,,
,,,,,,
,,,,,,
,,,,,,
,,,,,,
,,,,,,
,,,,,,
,,,,,,
,,,,,,
,,,,,,
,,,,,,
,,,,,,
,,,,,,
,,,,,,
,,,,,,
,,,,,,
,,,,,,
,,,,,,
,,,,,,
,,,,,,
,,,,,,
,,,,,,
,,,,,,
,,,,,,
,,,,,,
,,,,,,
,,,,,,
,,,,,,
,,,,,,
,,,,,,
,,,,,,
,,,,,,
,,,,,,
,,,,,,
,,,,,,
,,,,,,
,,,,,,
,,,,,,
,,,,,,
,,,,,,
,,,,,,
,,,,,,
,,,,,,
,,,,,,
,,,,,,
,,,,,,
,,,,,,
,,,,,,
,,,,,,
,,,,,,
,,,,,,
,,,,,,
,,,,,,
,,,,,,
,,,,,,
,,,,,,
,,,,,,
,,,,,,
,,,,,,
,,,,,,
,,,,,,
,,,,,,
,,,,,,
,,,,,,
,,,,,,
,,,,,,
,,,,,,
,,,,,,
,,,,,,
,,,,,,
,,,,,,
,,,,,,
,,,,,,
,,,,,,
,,,,,,
,,,,,,
,,,,,,
,,,,,,
,,,,,,
,,,,,,
,,,,,,
,,,,,,
,,,,,,
,,,,,,
,,,,,,
,,,,,,
,,,,,,
,,,,,,
,,,,,,
,,,,,,
,,,,,,
,,,,,,
,,,,,,
,,,,,,
,,,,,,
,,,,,,
,,,,,,
,,,,,,
,,,,,,
,,,,,,
,,,,,,
,,,,,,
,,,,,,
,,,,,,
,,,,,,
,,,,,,
,,,,,,
,,,,,,
,,,,,,
,,,,,,
,,,,,,
,,,,,,
,,,,,,
,,,,,,
,,,,,,
,,,,,,
,,,,,,
,,,,,,
,,,,,,
,,,,,,
,,,,,,
,,,,,,
,,,,,,
,,,,,,
,,,,,,
,,,,,,
,,,,,,
,,,,,,
,,,,,,
,,,,,,
,,,,,,
,,,,,,
,,,,,,
,,,,,,
,,,,,,
,,,,,,
,,,,,,
,,,,,,
,,,,,,
,,,,,,
,,,,,,
,,,,,,
,,,,,,
,,,,,,
,,,,,,
,,,,,,
,,,,,,
,,,,,,
,,,,,,
,,,,,,
,,,,,,
,,,,,,
,,,,,,
,,,,,,
,,,,,,
,,,,,,
,,,,,,
,,,,,,
,,,,,,
,,,,,,
,,,,,,
,,,,,,
,,,,,,
,,,,,,
,,,,,,
,,,,,,
,,,,,,
,,,,,,
,,,,,,
,,,,,,
,,,,,,
,,,,,,
,,,,,,
,,,,,,
,,,,,,
,,,,,,
,,,,,,
,,,,,,
,,,,,,
,,,,,,
,,,,,,
,,,,,,
,,,,,,
,,,,,,
,,,,,,
,,,,,,
,,,,,,
,,,,,,
,,,,,,
,,,,,,
,,,,,,
,,,,,,
,,,,,,
,,,,,,
,,,,,,
,,,,,,
,,,,,,
,,,,,,
,,,,,,
,,,,,,
,,,,,,
,,,,,,
,,,,,,
,,,,,,
,,,,,,
,,,,,,
,,,,,,
,,,,,,
,,,,,,
,,,,,,
,,,,,,
,,,,,,
,,,,,,
,,,,,,
,,,,,,
,,,,,,
,,,,,,
,,,,,,
,,,,,,
,,,,,,
,,,,,,
,,,,,,
,,,,,,
,,,,,,
,,,,,,
,,,,,,
,,,,,,
,,,,,,
,,,,,,
,,,,,,
,,,,,,
,,,,,,
,,,,,,
,,,,,,
,,,,,,
,,,,,,
,,,,,,
,,,,,,
,,,,,,
,,,,,,
,,,,,,
,,,,,,
,,,,,,
,,,,,,
,,,,,,
,,,,,,
,,,,,,
,,,,,,
,,,,,,
,,,,,,
,,,,,,
,,,,,,
,,,,,,
,,,,,,
,,,,,,
,,,,,,
,,,,,,
,,,,,,
,,,,,,
,,,,,,
,,,,,,
,,,,,,
,,,,,,
,,,,,,
,,,,,,
,,,,,,
,,,,,,
,,,,,,
,,,,,,
,,,,,,
,,,,,,
,,,,,,
,,,,,,
,,,,,,
,,,,,,
,,,,,,
,,,,,,
,,,,,,
,,,,,,
,,,,,,
,,,,,,
,,,,,,
,,,,,,
,,,,,,
,,,,,,
,,,,,,
,,,,,,
,,,,,,
,,,,,,
,,,,,,
,,,,,,
,,,,,,
,,,,,,
,,,,,,
,,,,,,
,,,,,,
,,,,,,
,,,,,,
,,,,,,
,,,,,,
,,,,,,
,,,,,,
,,,,,,
,,,,,,
,,,,,,
,,,,,,
,,,,,,
,,,,,,
,,,,,,
,,,,,,
,,,,,,
,,,,,,
,,,,,,
,,,,,,
,,,,,,
,,,,,,
,,,,,,
,,,,,,
,,,,,,
,,,,,,
,,,,,,
,,,,,,
,,,,,,
,,,,,,
,,,,,,
,,,,,,
,,,,,,
,,,,,,
,,,,,,
,,,,,,
,,,,,,
,,,,,,
,,,,,,
,,,,,,
,,,,,,
,,,,,,
,,,,,,
,,,,,,
,,,,,,
,,,,,,
,,,,,,
,,,,,,
,,,,,,
,,,,,,
,,,,,,
,,,,,,
,,,,,,
,,,,,,
,,,,,,
,,,,,,
,,,,,,
,,,,,,
,,,,,,
,,,,,,
,,,,,,
,,,,,,
,,,,,,
,,,,,,
,,,,,,
,,,,,,
,,,,,,
,,,,,,
,,,,,,
,,,,,,
,,,,,,
,,,,,,
,,,,,,
,,,,,,
,,,,,,
,,,,,,
,,,,,,
,,,,,,
,,,,,,
,,,,,,
,,,,,,
,,,,,,
,,,,,,
,,,,,,
,,,,,,
,,,,,,
,,,,,,
,,,,,,
,,,,,,
,,,,,,
,,,,,,
,,,,,,
,,,,,,
,,,,,,
,,,,,,
,,,,,,
,,,,,,
,,,,,,
,,,,,,
,,,,,,
,,,,,,
,,,,,,
,,,,,,
,,,,,,
,,,,,,
,,,,,,
,,,,,,
,,,,,,
,,,,,,
,,,,,,
,,,,,,
,,,,,,
,,,,,,
,,,,,,
,,,,,,
,,,,,,
,,,,,,
,,,,,,
,,,,,,
,,,,,,
,,,,,,
,,,,,,
,,,,,,
,,,,,,
,,,,,,
,,,,,,
,,,,,,
,,,,,,
,,,,,,
,,,,,,
,,,,,,
,,,,,,
,,,,,,
,,,,,,
,,,,,,
,,,,,,
,,,,,,
,,,,,,
,,,,,,
,,,,,,
,,,,,,
,,,,,,
,,,,,,
,,,,,,
,,,,,,
,,,,,,
,,,,,,
,,,,,,
,,,,,,
,,,,,,
,,,,,,
,,,,,,
,,,,,,
,,,,,,
,,,,,,
,,,,,,
,,,,,,
,,,,,,
,,,,,,
,,,,,,
,,,,,,
,,,,,,
,,,,,,
,,,,,,
,,,,,,
,,,,,,
,,,,,,
,,,,,,
,,,,,,
,,,,,,
,,,,,,
,,,,,,
,,,,,,
,,,,,,
,,,,,,
,,,,,,
,,,,,,
,,,,,,
,,,,,,
,,,,,,
,,,,,,
,,,,,,
,,,,,,
,,,,,,
,,,,,,
,,,,,,
,,,,,,
,,,,,,
,,,,,,
,,,,,,
,,,,,,
,,,,,,
,,,,,,
,,,,,,
,,,,,,
,,,,,,
,,,,,,
,,,,,,
,,,,,,
,,,,,,
,,,,,,
,,,,,,
,,,,,,
,,,,,,
,,,,,,
,,,,,,
,,,,,,
,,,,,,
,,,,,,
,,,,,,
,,,,,,
,,,,,,
,,,,,,
,,,,,,
,,,,,,
,,,,,,
,,,,,,
,,,,,,
,,,,,,
,,,,,,
,,,,,,
,,,,,,
,,,,,,
,,,,,,
,,,,,,
,,,,,,
,,,,,,
,,,,,,
,,,,,,
,,,,,,
,,,,,,
,,,,,,
,,,,,,
,,,,,,
,,,,,,
,,,,,,
,,,,,,
,,,,,,
,,,,,,
,,,,,,
,,,,,,
,,,,,,
,,,,,,
,,,,,,
,,,,,,
,,,,,,
,,,,,,
,,,,,,
,,,,,,
,,,,,,
,,,,,,
,,,,,,
,,,,,,
,,,,,,
,,,,,,
,,,,,,
,,,,,,
,,,,,,
,,,,,,
,,,,,,
,,,,,,
,,,,,,
,,,,,,
,,,,,,
,,,,,,
,,,,,,
,,,,,,
,,,,,,
,,,,,,
,,,,,,
,,,,,,
,,,,,,
,,,,,,
,,,,,,
,,,,,,
,,,,,,
,,,,,,
,,,,,,
,,,,,,
,,,,,,
,,,,,,
,,,,,,
,,,,,,
,,,,,,
,,,,,,
,,,,,,
,,,,,,
,,,,,,
,,,,,,
,,,,,,
,,,,,,
,,,,,,
,,,,,,
,,,,,,
,,,,,,
,,,,,,
,,,,,,
,,,,,,
,,,,,,
,,,,,,
,,,,,,
,,,,,,
,,,,,,
,,,,,,
,,,,,,
,,,,,,
,,,,,,
,,,,,,
,,,,,,
,,,,,,
,,,,,,
,,,,,,
,,,,,,
,,,,,,
,,,,,,
,,,,,,
,,,,,,
,,,,,,
,,,,,,
,,,,,,
,,,,,,
,,,,,,
,,,,,,
,,,,,,
,,,,,,
,,,,,,
,,,,,,
,,,,,,
,,,,,,
,,,,,,
,,,,,,
,,,,,,
,,,,,,
,,,,,,
,,,,,,
,,,,,,
,,,,,,
,,,,,,
,,,,,,
,,,,,,
,,,,,,
,,,,,,
,,,,,,
,,,,,,
,,,,,,
,,,,,,
,,,,,,
,,,,,,
,,,,,,
,,,,,,
,,,,,,
,,,,,,
,,,,,,
,,,,,,
,,,,,,
,,,,,,
,,,,,,
,,,,,,
,,,,,,
,,,,,,
,,,,,,
,,,,,,
,,,,,,
,,,,,,
,,,,,,
,,,,,,
,,,,,,
,,,,,,
,,,,,,
,,,,,,
,,,,,,
,,,,,,
,,,,,,
,,,,,,
,,,,,,
,,,,,,
,,,,,,
,,,,,,
,,,,,,
,,,,,,
,,,,,,
,,,,,,
,,,,,,
,,,,,,
,,,,,,
,,,,,,
,,,,,,
,,,,,,
,,,,,,
,,,,,,
,,,,,,
,,,,,,
,,,,,,
,,,,,,
,,,,,,
,,,,,,
,,,,,,
,,,,,,
,,,,,,
,,,,,,
,,,,,,
,,,,,,
,,,,,,
,,,,,,
,,,,,,
,,,,,,
,,,,,,
,,,,,,
,,,,,,
,,,,,,
,,,,,,
,,,,,,
,,,,,,
,,,,,,
,,,,,,
,,,,,,
,,,,,,
,,,,,,
,,,,,,
,,,,,,
,,,,,,
,,,,,,
,,,,,,
,,,,,,
,,,,,,
,,,,,,
,,,,,,
,,,,,,
,,,,,,
,,,,,,
,,,,,,
,,,,,,
,,,,,,
,,,,,,
,,,,,,
,,,,,,
,,,,,,
,,,,,,
,,,,,,
,,,,,,
,,,,,,
,,,,,,
,,,,,,
,,,,,,
,,,,,,
,,,,,,
,,,,,,
,,,,,,
,,,,,,
,,,,,,
,,,,,,
,,,,,,
,,,,,,
,,,,,,
,,,,,,
,,,,,,
,,,,,,
,,,,,,
,,,,,,
,,,,,,
,,,,,,
,,,,,,
,,,,,,
,,,,,,
,,,,,,
,,,,,,
,,,,,,
,,,,,,
,,,,,,
,,,,,,
,,,,,,
,,,,,,
,,,,,,
,,,,,,
,,,,,,
,,,,,,
,,,,,,
,,,,,,
,,,,,,
,,,,,,
,,,,,,
,,,,,,
,,,,,,
,,,,,,
,,,,,,
,,,,,,
,,,,,,
,,,,,,
,,,,,,
,,,,,,
,,,,,,
,,,,,,
,,,,,,
,,,,,,
,,,,,,
,,,,,,
,,,,,,
,,,,,,
,,,,,,
,,,,,,
,,,,,,
,,,,,,
,,,,,,
,,,,,,
,,,,,,
,,,,,,
,,,,,,
,,,,,,
,,,,,,
,,,,,,
,,,,,,
,,,,,,
,,,,,,
,,,,,,
,,,,,,
,,,,,,
,,,,,,
,,,,,,
,,,,,,
,,,,,,
,,,,,,
,,,,,,
,,,,,,
,,,,,,
,,,,,,
,,,,,,
,,,,,,
,,,,,,
,,,,,,
,,,,,,
,,,,,,
,,,,,,
,,,,,,
,,,,,,
,,,,,,
,,,,,,
,,,,,,
,,,,,,
,,,,,,
,,,,,,
,,,,,,
,,,,,,
,,,,,,
,,,,,,
,,,,,,
,,,,,,
,,,,,,
,,,,,,
,,,,,,
,,,,,,
,,,,,,
,,,,,,
,,,,,,
,,,,,,
,,,,,,
,,,,,,
,,,,,,
,,,,,,
,,,,,,
,,,,,,
,,,,,,
,,,,,,
,,,,,,
,,,,,,
,,,,,,
,,,,,,
,,,,,,
,,,,,,
,,,,,,
,,,,,,
,,,,,,
,,,,,,
,,,,,,
,,,,,,
,,,,,,
,,,,,,
,,,,,,
,,,,,,
,,,,,,
,,,,,,
,,,,,,
,,,,,,
,,,,,,
,,,,,,
,,,,,,
,,,,,,
,,,,,,
,,,,,,
,,,,,,
,,,,,,
,,,,,,
,,,,,,
,,,,,,
,,,,,,
,,,,,,
,,,,,,
,,,,,,
,,,,,,
,,,,,,
,,,,,,
,,,,,,
,,,,,,
,,,,,,
,,,,,,
,,,,,,
,,,,,,
,,,,,,
,,,,,,
,,,,,,
,,,,,,
,,,,,,
,,,,,,
,,,,,,
,,,,,,
,,,,,,
,,,,,,
,,,,,,
,,,,,,
,,,,,,
,,,,,,
,,,,,,
,,,,,,
,,,,,,
,,,,,,
,,,,,,
,,,,,,
,,,,,,
,,,,,,
,,,,,,
,,,,,,
,,,,,,
,,,,,,
,,,,,,
,,,,,,
,,,,,,
,,,,,,
,,,,,,
,,,,,,
,,,,,,
,,,,,,
,,,,,,
,,,,,,
,,,,,,
,,,,,,
,,,,,,
,,,,,,
,,,,,,
,,,,,,
,,,,,,
,,,,,,
,,,,,,
,,,,,,
,,,,,,
,,,,,,
,,,,,,
,,,,,,
,,,,,,
,,,,,,
,,,,,,
,,,,,,
,,,,,,
,,,,,,
,,,,,,
,,,,,,
,,,,,,
,,,,,,
,,,,,,
,,,,,,
,,,,,,
,,,,,,
,,,,,,
,,,,,,
,,,,,,
,,,,,,
,,,,,,
,,,,,,
,,,,,,
,,,,,,
,,,,,,
,,,,,,
,,,,,,
,,,,,,
,,,,,,
,,,,,,
,,,,,,
,,,,,,
,,,,,,
,,,,,,
,,,,,,
,,,,,,
,,,,,,
,,,,,,
,,,,,,
,,,,,,
,,,,,,
,,,,,,
,,,,,,
,,,,,,
,,,,,,
,,,,,,
,,,,,,
,,,,,,
,,,,,,
,,,,,,
,,,,,,
,,,,,,
,,,,,,
,,,,,,
,,,,,,
,,,,,,
,,,,,,
,,,,,,
,,,,,,
,,,,,,
,,,,,,
,,,,,,
,,,,,,
,,,,,,
,,,,,,
,,,,,,
,,,,,,
,,,,,,
,,,,,,
,,,,,,
,,,,,,
,,,,,,
,,,,,,
,,,,,,
,,,,,,
,,,,,,
,,,,,,
,,,,,,
,,,,,,
,,,,,,
,,,,,,
,,,,,,
,,,,,,
,,,,,,
,,,,,,
,,,,,,
,,,,,,
,,,,,,
,,,,,,
,,,,,,
,,,,,,
,,,,,,
,,,,,,
,,,,,,
,,,,,,
,,,,,,
,,,,,,
,,,,,,
,,,,,,
,,,,,,
,,,,,,
,,,,,,
,,,,,,
,,,,,,
,,,,,,
,,,,,,
,,,,,,
,,,,,,
,,,,,,
,,,,,,
,,,,,,
,,,,,,
,,,,,,
,,,,,,
,,,,,,
,,,,,,
,,,,,,
,,,,,,
,,,,,,
,,,,,,
,,,,,,
,,,,,,
,,,,,,
,,,,,,
,,,,,,
,,,,,,
,,,,,,
,,,,,,
,,,,,,
,,,,,,
,,,,,,
,,,,,,
,,,,,,
,,,,,,
,,,,,,
,,,,,,
,,,,,,
,,,,,,
,,,,,,
,,,,,,
,,,,,,
,,,,,,
,,,,,,
,,,,,,
,,,,,,
,,,,,,
,,,,,,
,,,,,,
,,,,,,
,,,,,,
,,,,,,
,,,,,,
,,,,,,
,,,,,,
,,,,,,
,,,,,,
,,,,,,
,,,,,,
,,,,,,
,,,,,,
,,,,,,
,,,,,,
,,,,,,
,,,,,,
,,,,,,
,,,,,,
,,,,,,
,,,,,,
,,,,,,
,,,,,,
,,,,,,
,,,,,,
,,,,,,
,,,,,,
,,,,,,
,,,,,,
,,,,,,
,,,,,,
,,,,,,
,,,,,,
,,,,,,
,,,,,,
,,,,,,
,,,,,,
,,,,,,
,,,,,,
,,,,,,
,,,,,,
,,,,,,
,,,,,,
,,,,,,
,,,,,,
,,,,,,
,,,,,,
,,,,,,
,,,,,,
,,,,,,
,,,,,,
,,,,,,
,,,,,,
,,,,,,
,,,,,,
,,,,,,
,,,,,,
,,,,,,
,,,,,,
,,,,,,
,,,,,,
,,,,,,
,,,,,,
,,,,,,
,,,,,,
,,,,,,
,,,,,,
,,,,,,
,,,,,,
,,,,,,
,,,,,,
,,,,,,
,,,,,,
,,,,,,
,,,,,,
,,,,,,
,,,,,,
,,,,,,
,,,,,,
,,,,,,
,,,,,,
,,,,,,
,,,,,,
,,,,,,
,,,,,,
,,,,,,
,,,,,,
,,,,,,
,,,,,,
,,,,,,
,,,,,,
,,,,,,
,,,,,,
,,,,,,
,,,,,,
,,,,,,
,,,,,,
,,,,,,
,,,,,,
,,,,,,
,,,,,,
,,,,,,
,,,,,,
,,,,,,
,,,,,,
,,,,,,
,,,,,,
,,,,,,
,,,,,,
,,,,,,
,,,,,,
,,,,,,
,,,,,,
,,,,,,
,,,,,,
,,,,,,
,,,,,,
,,,,,,
,,,,,,
,,,,,,
,,,,,,
,,,,,,
,,,,,,
,,,,,,
,,,,,,
,,,,,,
,,,,,,
,,,,,,
,,,,,,
,,,,,,
,,,,,,
,,,,,,
,,,,,,
,,,,,,
,,,,,,
,,,,,,
,,,,,,
,,,,,,
,,,,,,
,,,,,,
,,,,,,
,,,,,,
,,,,,,
,,,,,,
,,,,,,
,,,,,,
,,,,,,
,,,,,,
,,,,,,
,,,,,,
,,,,,,
,,,,,,
,,,,,,
,,,,,,
,,,,,,
,,,,,,
,,,,,,
,,,,,,
,,,,,,
,,,,,,
,,,,,,
,,,,,,
,,,,,,
,,,,,,
,,,,,,
,,,,,,
,,,,,,
,,,,,,
,,,,,,
,,,,,,
,,,,,,
,,,,,,
,,,,,,
,,,,,,
,,,,,,
,,,,,,
,,,,,,
,,,,,,
,,,,,,
,,,,,,
,,,,,,
,,,,,,
,,,,,,
,,,,,,
,,,,,,
,,,,,,
,,,,,,
,,,,,,
,,,,,,
,,,,,,
,,,,,,
,,,,,,
,,,,,,
,,,,,,
,,,,,,
,,,,,,
,,,,,,
,,,,,,
,,,,,,
,,,,,,
,,,,,,
,,,,,,
,,,,,,
,,,,,,
,,,,,,
,,,,,,
,,,,,,
,,,,,,
,,,,,,
,,,,,,
,,,,,,
,,,,,,
,,,,,,
,,,,,,
,,,,,,
,,,,,,
,,,,,,
,,,,,,
,,,,,,
,,,,,,
,,,,,,
,,,,,,
,,,,,,
,,,,,,
,,,,,,
,,,,,,
,,,,,,
,,,,,,
,,,,,,
,,,,,,
,,,,,,
,,,,,,
,,,,,,
,,,,,,
,,,,,,
,,,,,,
,,,,,,
,,,,,,
,,,,,,
,,,,,,
,,,,,,
,,,,,,
,,,,,,
,,,,,,
,,,,,,
,,,,,,
,,,,,,
,,,,,,
,,,,,,
,,,,,,
,,,,,,
,,,,,,
,,,,,,
,,,,,,
,,,,,,
,,,,,,
,,,,,,
,,,,,,
,,,,,,
,,,,,,
,,,,,,
,,,,,,
,,,,,,
,,,,,,
,,,,,,
,,,,,,
,,,,,,
,,,,,,
,,,,,,
,,,,,,
,,,,,,
,,,,,,
,,,,,,
,,,,,,
,,,,,,
,,,,,,
,,,,,,
,,,,,,
,,,,,,
,,,,,,
,,,,,,
,,,,,,
,,,,,,
,,,,,,
,,,,,,
,,,,,,
,,,,,,
,,,,,,
,,,,,,
,,,,,,
,,,,,,
,,,,,,
,,,,,,
,,,,,,
,,,,,,
,,,,,,
,,,,,,
,,,,,,
,,,,,,
,,,,,,
,,,,,,
,,,,,,
,,,,,,
,,,,,,
,,,,,,
,,,,,,
,,,,,,
,,,,,,
,,,,,,
,,,,,,
,,,,,,
,,,,,,
,,,,,,
,,,,,,
,,,,,,
,,,,,,
,,,,,,
,,,,,,
,,,,,,
,,,,,,
,,,,,,
,,,,,,
,,,,,,
,,,,,,
,,,,,,
,,,,,,
,,,,,,
,,,,,,
,,,,,,
,,,,,,
,,,,,,
,,,,,,
,,,,,,
,,,,,,
,,,,,,
,,,,,,
,,,,,,
,,,,,,
,,,,,,
,,,,,,
,,,,,,
,,,,,,
,,,,,,
,,,,,,
,,,,,,
,,,,,,
,,,,,,
,,,,,,
,,,,,,
,,,,,,
,,,,,,
,,,,,,
,,,,,,
,,,,,,
,,,,,,
,,,,,,
,,,,,,
,,,,,,
,,,,,,
,,,,,,
,,,,,,
,,,,,,
,,,,,,
,,,,,,
,,,,,,
,,,,,,
,,,,,,
,,,,,,
,,,,,,
,,,,,,
,,,,,,
,,,,,,
,,,,,,
,,,,,,
,,,,,,
,,,,,,
,,,,,,
,,,,,,
,,,,,,
,,,,,,
,,,,,,
,,,,,,
,,,,,,
,,,,,,
,,,,,,
,,,,,,
,,,,,,
,,,,,,
,,,,,,
,,,,,,
,,,,,,
,,,,,,
,,,,,,
,,,,,,
,,,,,,
,,,,,,
,,,,,,
,,,,,,
,,,,,,
,,,,,,
,,,,,,
,,,,,,
,,,,,,
,,,,,,
,,,,,,
,,,,,,
,,,,,,
,,,,,,
,,,,,,
,,,,,,
,,,,,,
,,,,,,
,,,,,,
,,,,,,
,,,,,,
,,,,,,
,,,,,,
,,,,,,
,,,,,,
,,,,,,
,,,,,,
,,,,,,
,,,,,,
,,,,,,
,,,,,,
,,,,,,
,,,,,,
,,,,,,
,,,,,,
,,,,,,
,,,,,,
,,,,,,
,,,,,,
,,,,,,
,,,,,,
,,,,,,
,,,,,,
,,,,,,
,,,,,,
,,,,,,
,,,,,,
,,,,,,
,,,,,,
,,,,,,
,,,,,,
,,,,,,
,,,,,,
,,,,,,
,,,,,,
,,,,,,
,,,,,,
,,,,,,
,,,,,,
,,,,,,
,,,,,,
,,,,,,
,,,,,,
,,,,,,
,,,,,,
,,,,,,
,,,,,,
,,,,,,
,,,,,,
,,,,,,
,,,,,,
,,,,,,
,,,,,,
,,,,,,
,,,,,,
,,,,,,
,,,,,,
,,,,,,
,,,,,,
,,,,,,
,,,,,,
,,,,,,
,,,,,,
,,,,,,
,,,,,,
,,,,,,
,,,,,,
,,,,,,
,,,,,,
,,,,,,
,,,,,,
,,,,,,
,,,,,,
,,,,,,
,,,,,,
,,,,,,
,,,,,,
,,,,,,
,,,,,,
,,,,,,
,,,,,,
,,,,,,
,,,,,,
,,,,,,
,,,,,,
,,,,,,
,,,,,,
,,,,,,
,,,,,,
,,,,,,
,,,,,,
,,,,,,
,,,,,,
,,,,,,
,,,,,,
,,,,,,
,,,,,,
,,,,,,
,,,,,,
,,,,,,
,,,,,,
,,,,,,
,,,,,,
,,,,,,
,,,,,,
,,,,,,
,,,,,,
,,,,,,
,,,,,,
,,,,,,
,,,,,,
,,,,,,
,,,,,,
,,,,,,
,,,,,,
,,,,,,
,,,,,,
,,,,,,
,,,,,,
,,,,,,
,,,,,,
,,,,,,
,,,,,,
,,,,,,
,,,,,,
,,,,,,
,,,,,,
,,,,,,
,,,,,,
,,,,,,
,,,,,,
,,,,,,
,,,,,,
,,,,,,
,,,,,,
,,,,,,
,,,,,,
,,,,,,
,,,,,,
,,,,,,
,,,,,,
,,,,,,
,,,,,,
,,,,,,
,,,,,,
,,,,,,
,,,,,,
,,,,,,
,,,,,,
,,,,,,
,,,,,,
,,,,,,
,,,,,,
,,,,,,
,,,,,,
,,,,,,
,,,,,,
,,,,,,
,,,,,,
,,,,,,
,,,,,,
,,,,,,
,,,,,,
,,,,,,
,,,,,,
,,,,,,
,,,,,,
,,,,,,
,,,,,,
,,,,,,
,,,,,,
,,,,,,
,,,,,,
,,,,,,
,,,,,,
,,,,,,
,,,,,,
,,,,,,
,,,,,,
,,,,,,
,,,,,,
,,,,,,
,,,,,,
,,,,,,
,,,,,,
,,,,,,
,,,,,,
,,,,,,
,,,,,,
,,,,,,
,,,,,,
,,,,,,
,,,,,,
,,,,,,
,,,,,,
,,,,,,
,,,,,,
,,,,,,
,,,,,,
,,,,,,
,,,,,,
,,,,,,
,,,,,,
,,,,,,
,,,,,,
,,,,,,
,,,,,,
,,,,,,
,,,,,,
,,,,,,
,,,,,,
,,,,,,
,,,,,,
,,,,,,
,,,,,,
,,,,,,
,,,,,,
,,,,,,
,,,,,,
,,,,,,
,,,,,,
,,,,,,
,,,,,,
,,,,,,
,,,,,,
,,,,,,
,,,,,,
,,,,,,
,,,,,,
,,,,,,
,,,,,,
,,,,,,
,,,,,,
,,,,,,
,,,,,,
,,,,,,
,,,,,,
,,,,,,
,,,,,,
,,,,,,
,,,,,,
,,,,,,
,,,,,,
,,,,,,
,,,,,,
,,,,,,
,,,,,,
,,,,,,
,,,,,,
,,,,,,
,,,,,,
,,,,,,
,,,,,,
,,,,,,
,,,,,,
,,,,,,
,,,,,,
,,,,,,
,,,,,,
,,,,,,
,,,,,,
,,,,,,
,,,,,,
,,,,,,
,,,,,,
,,,,,,
,,,,,,
,,,,,,
,,,,,,
,,,,,,
,,,,,,
,,,,,,
,,,,,,
,,,,,,
,,,,,,
,,,,,,
,,,,,,
,,,,,,
,,,,,,
,,,,,,
,,,,,,
,,,,,,
,,,,,,
,,,,,,
,,,,,,
,,,,,,
,,,,,,
,,,,,,
,,,,,,
,,,,,,
,,,,,,
,,,,,,
,,,,,,
,,,,,,
,,,,,,
,,,,,,
,,,,,,
,,,,,,
,,,,,,
,,,,,,
,,,,,,
,,,,,,
,,,,,,
,,,,,,
,,,,,,
,,,,,,
,,,,,,
,,,,,,
,,,,,,
,,,,,,
,,,,,,
,,,,,,
,,,,,,
,,,,,,
,,,,,,
,,,,,,
,,,,,,
,,,,,,
,,,,,,
,,,,,,
,,,,,,
,,,,,,
,,,,,,
,,,,,,
,,,,,,
,,,,,,
,,,,,,
,,,,,,
,,,,,,
,,,,,,
,,,,,,
,,,,,,
,,,,,,
,,,,,,
,,,,,,
,,,,,,
,,,,,,
,,,,,,
,,,,,,
,,,,,,
,,,,,,
,,,,,,
,,,,,,
,,,,,,
,,,,,,
,,,,,,
,,,,,,
,,,,,,
,,,,,,
,,,,,,
,,,,,,
,,,,,,
,,,,,,
,,,,,,
,,,,,,
,,,,,,
,,,,,,
,,,,,,
,,,,,,
,,,,,,
,,,,,,
,,,,,,
,,,,,,
,,,,,,
,,,,,,
,,,,,,
,,,,,,
,,,,,,
,,,,,,
,,,,,,
,,,,,,
,,,,,,
,,,,,,
,,,,,,
,,,,,,
,,,,,,
,,,,,,
,,,,,,
,,,,,,
,,,,,,
,,,,,,
,,,,,,
,,,,,,
,,,,,,
,,,,,,
,,,,,,
,,,,,,
,,,,,,
,,,,,,
,,,,,,
,,,,,,
,,,,,,
,,,,,,
,,,,,,
,,,,,,
,,,,,,
,,,,,,
,,,,,,
,,,,,,
,,,,,,
,,,,,,
,,,,,,
,,,,,,
,,,,,,
,,,,,,
,,,,,,
,,,,,,
,,,,,,
,,,,,,
,,,,,,
,,,,,,
,,,,,,
,,,,,,
,,,,,,
,,,,,,
,,,,,,
,,,,,,
,,,,,,
,,,,,,
,,,,,,
,,,,,,
,,,,,,
,,,,,,
,,,,,,
,,,,,,
,,,,,,
,,,,,,
,,,,,,
,,,,,,
,,,,,,
,,,,,,
,,,,,,
,,,,,,
,,,,,,
,,,,,,
,,,,,,
,,,,,,
,,,,,,
,,,,,,
,,,,,,
,,,,,,
,,,,,,
,,,,,,
,,,,,,
,,,,,,
,,,,,,
,,,,,,
,,,,,,
,,,,,,
,,,,,,
,,,,,,
,,,,,,
,,,,,,
,,,,,,
,,,,,,
,,,,,,
,,,,,,
,,,,,,
,,,,,,
,,,,,,
,,,,,,
,,,,,,
,,,,,,
,,,,,,
,,,,,,
,,,,,,
,,,,,,
,,,,,,
,,,,,,
,,,,,,
,,,,,,
,,,,,,
,,,,,,
,,,,,,
,,,,,,
,,,,,,
,,,,,,
,,,,,,
,,,,,,
,,,,,,
,,,,,,
,,,,,,
,,,,,,
,,,,,,
,,,,,,
,,,,,,
,,,,,,
,,,,,,
,,,,,,
,,,,,,
,,,,,,
,,,,,,
,,,,,,
,,,,,,
,,,,,,
,,,,,,
,,,,,,
,,,,,,
,,,,,,
,,,,,,
,,,,,,
,,,,,,
,,,,,,
,,,,,,
,,,,,,
,,,,,,
,,,,,,
,,,,,,
,,,,,,
,,,,,,
,,,,,,
,,,,,,
,,,,,,
,,,,,,
,,,,,,
,,,,,,
,,,,,,
,,,,,,
,,,,,,
,,,,,,
,,,,,,
,,,,,,
,,,,,,
,,,,,,
,,,,,,
,,,,,,
,,,,,,
,,,,,,
,,,,,,
,,,,,,
,,,,,,
,,,,,,
,,,,,,
,,,,,,
,,,,,,
,,,,,,
,,,,,,
,,,,,,
,,,,,,
,,,,,,
,,,,,,
,,,,,,
,,,,,,
,,,,,,
,,,,,,
,,,,,,
,,,,,,
,,,,,,
,,,,,,
,,,,,,
,,,,,,
,,,,,,
,,,,,,
,,,,,,
,,,,,,
,,,,,,
,,,,,,
,,,,,,
,,,,,,
,,,,,,
,,,,,,
,,,,,,
,,,,,,
,,,,,,
,,,,,,
,,,,,,
,,,,,,
,,,,,,
,,,,,,
,,,,,,
,,,,,,
,,,,,,
,,,,,,
,,,,,,
,,,,,,
,,,,,,
,,,,,,
,,,,,,
,,,,,,
,,,,,,
,,,,,,
,,,,,,
,,,,,,
,,,,,,
,,,,,,
,,,,,,
,,,,,,
,,,,,,
,,,,,,
,,,,,,
,,,,,,
,,,,,,
,,,,,,
,,,,,,
,,,,,,
,,,,,,
,,,,,,
,,,,,,
,,,,,,
,,,,,,
,,,,,,
,,,,,,
,,,,,,
,,,,,,
,,,,,,
,,,,,,
,,,,,,
,,,,,,
,,,,,,
,,,,,,
,,,,,,
,,,,,,
,,,,,,
,,,,,,
,,,,,,
,,,,,,
,,,,,,
,,,,,,
,,,,,,
,,,,,,
,,,,,,
,,,,,,
,,,,,,
,,,,,,
,,,,,,
,,,,,,
,,,,,,
,,,,,,
,,,,,,
,,,,,,
,,,,,,
,,,,,,
,,,,,,
,,,,,,
,,,,,,
,,,,,,
,,,,,,
,,,,,,
,,,,,,
,,,,,,
,,,,,,
,,,,,,
,,,,,,
,,,,,,
,,,,,,
,,,,,,
,,,,,,
,,,,,,
,,,,,,
,,,,,,
,,,,,,
,,,,,,
,,,,,,
,,,,,,
,,,,,,
,,,,,,
,,,,,,
,,,,,,
,,,,,,
,,,,,,
,,,,,,
,,,,,,
,,,,,,
,,,,,,
,,,,,,
,,,,,,
,,,,,,
,,,,,,
,,,,,,
,,,,,,
,,,,,,
,,,,,,
,,,,,,
,,,,,,
,,,,,,
,,,,,,
,,,,,,
,,,,,,
,,,,,,
,,,,,,
,,,,,,
,,,,,,
,,,,,,
,,,,,,
,,,,,,
,,,,,,
,,,,,,
,,,,,,
,,,,,,
,,,,,,
,,,,,,
,,,,,,
,,,,,,
,,,,,,
,,,,,,
,,,,,,
,,,,,,
,,,,,,
,,,,,,
,,,,,,
,,,,,,
,,,,,,
,,,,,,
,,,,,,
,,,,,,
,,,,,,
,,,,,,
,,,,,,
,,,,,,
,,,,,,
,,,,,,
,,,,,,
,,,,,,
,,,,,,
,,,,,,
,,,,,,
,,,,,,
,,,,,,
,,,,,,
,,,,,,
,,,,,,
,,,,,,
,,,,,,
,,,,,,
,,,,,,
,,,,,,
,,,,,,
,,,,,,
,,,,,,
,,,,,,
,,,,,,
,,,,,,
,,,,,,
,,,,,,
,,,,,,
,,,,,,
,,,,,,
,,,,,,
,,,,,,
,,,,,,
,,,,,,
,,,,,,
,,,,,,
,,,,,,
,,,,,,
,,,,,,
,,,,,,
,,,,,,
,,,,,,
,,,,,,
,,,,,,
,,,,,,
,,,,,,
,,,,,,
,,,,,,
,,,,,,
,,,,,,
,,,,,,
,,,,,,
,,,,,,
,,,,,,
,,,,,,
,,,,,,
,,,,,,
,,,,,,
,,,,,,
,,,,,,
,,,,,,
,,,,,,
,,,,,,
,,,,,,
,,,,,,
,,,,,,
,,,,,,
,,,,,,
,,,,,,
,,,,,,
,,,,,,
,,,,,,
,,,,,,
,,,,,,
,,,,,,
,,,,,,
,,,,,,
,,,,,,
,,,,,,
,,,,,,
,,,,,,
,,,,,,
,,,,,,
,,,,,,
,,,,,,
,,,,,,
,,,,,,
,,,,,,
,,,,,,
,,,,,,
,,,,,,
,,,,,,
,,,,,,
,,,,,,
,,,,,,
,,,,,,
,,,,,,
,,,,,,
,,,,,,
,,,,,,
,,,,,,
,,,,,,
,,,,,,
,,,,,,
,,,,,,
,,,,,,
,,,,,,
,,,,,,
,,,,,,
,,,,,,
,,,,,,
,,,,,,
,,,,,,
,,,,,,
,,,,,,
,,,,,,
,,,,,,
,,,,,,
,,,,,,
,,,,,,
,,,,,,
,,,,,,
,,,,,,
,,,,,,
,,,,,,
,,,,,,
,,,,,,
,,,,,,
,,,,,,
,,,,,,
,,,,,,
,,,,,,
,,,,,,
,,,,,,
,,,,,,
,,,,,,
,,,,,,
,,,,,,
,,,,,,
,,,,,,
,,,,,,
,,,,,,
,,,,,,
,,,,,,
,,,,,,
,,,,,,
,,,,,,
,,,,,,
,,,,,,
,,,,,,
,,,,,,
,,,,,,
,,,,,,
,,,,,,
,,,,,,
,,,,,,
,,,,,,
,,,,,,
,,,,,,
,,,,,,
,,,,,,
,,,,,,
,,,,,,
,,,,,,
,,,,,,
,,,,,,
,,,,,,
,,,,,,
,,,,,,
,,,,,,
,,,,,,
,,,,,,
,,,,,,
,,,,,,
,,,,,,
,,,,,,
,,,,,,
,,,,,,
,,,,,,
,,,,,,
,,,,,,
,,,,,,
,,,,,,
,,,,,,
,,,,,,
,,,,,,
,,,,,,
,,,,,,
,,,,,,
,,,,,,
,,,,,,
,,,,,,
,,,,,,
,,,,,,
,,,,,,
,,,,,,
,,,,,,
,,,,,,
,,,,,,
,,,,,,
,,,,,,
,,,,,,
,,,,,,
,,,,,,
,,,,,,
,,,,,,
,,,,,,
,,,,,,
,,,,,,
,,,,,,
,,,,,,
,,,,,,
,,,,,,
,,,,,,
,,,,,,
,,,,,,
,,,,,,
,,,,,,
,,,,,,
,,,,,,
,,,,,,
,,,,,,
,,,,,,
,,,,,,
,,,,,,
,,,,,,
,,,,,,
,,,,,,
,,,,,,
,,,,,,
,,,,,,
,,,,,,
,,,,,,
,,,,,,
,,,,,,
,,,,,,
,,,,,,
,,,,,,
,,,,,,
,,,,,,
,,,,,,
,,,,,,
,,,,,,
,,,,,,
,,,,,,
,,,,,,
,,,,,,
,,,,,,
,,,,,,
,,,,,,
,,,,,,
,,,,,,
,,,,,,
,,,,,,
,,,,,,
,,,,,,
,,,,,,
,,,,,,
,,,,,,
,,,,,,
,,,,,,
,,,,,,
,,,,,,
,,,,,,
,,,,,,
,,,,,,
,,,,,,
,,,,,,
,,,,,,
,,,,,,
,,,,,,
,,,,,,
,,,,,,
,,,,,,
,,,,,,
,,,,,,
,,,,,,
,,,,,,
,,,,,,
,,,,,,
,,,,,,
,,,,,,
,,,,,,
,,,,,,
,,,,,,
,,,,,,
,,,,,,
,,,,,,
,,,,,,
,,,,,,
,,,,,,
,,,,,,
,,,,,,
,,,,,,
,,,,,,
,,,,,,
,,,,,,
,,,,,,
,,,,,,
,,,,,,
,,,,,,
,,,,,,
,,,,,,
,,,,,,
,,,,,,
,,,,,,
,,,,,,
,,,,,,
,,,,,,
,,,,,,
,,,,,,
,,,,,,
,,,,,,
,,,,,,
,,,,,,
,,,,,,
,,,,,,
,,,,,,
,,,,,,
,,,,,,
,,,,,,
,,,,,,
,,,,,,
,,,,,,
,,,,,,
,,,,,,
,,,,,,
,,,,,,
,,,,,,
,,,,,,
,,,,,,
,,,,,,
,,,,,,
,,,,,,
,,,,,,
,,,,,,
,,,,,,
,,,,,,
,,,,,,
,,,,,,
,,,,,,
,,,,,,
,,,,,,
,,,,,,
,,,,,,
,,,,,,
,,,,,,
,,,,,,
,,,,,,
,,,,,,
,,,,,,
,,,,,,
,,,,,,
,,,,,,
,,,,,,
,,,,,,
,,,,,,
,,,,,,
,,,,,,
,,,,,,
,,,,,,
,,,,,,
,,,,,,
,,,,,,
,,,,,,
,,,,,,
,,,,,,
,,,,,,
,,,,,,
,,,,,,
,,,,,,
,,,,,,
,,,,,,
,,,,,,
,,,,,,
,,,,,,
,,,,,,
,,,,,,
,,,,,,
,,,,,,
,,,,,,
,,,,,,
,,,,,,
,,,,,,
,,,,,,
,,,,,,
,,,,,,
,,,,,,
,,,,,,
,,,,,,
,,,,,,
,,,,,,
,,,,,,
,,,,,,
,,,,,,
,,,,,,
,,,,,,
,,,,,,
,,,,,,
,,,,,,
,,,,,,
,,,,,,
,,,,,,
,,,,,,
,,,,,,
,,,,,,
,,,,,,
,,,,,,
,,,,,,
,,,,,,
,,,,,,
,,,,,,
,,,,,,
,,,,,,
,,,,,,
,,,,,,
,,,,,,
,,,,,,
,,,,,,
,,,,,,
,,,,,,
,,,,,,
,,,,,,
,,,,,,
,,,,,,
,,,,,,
,,,,,,
,,,,,,
,,,,,,
,,,,,,
,,,,,,
,,,,,,
,,,,,,
,,,,,,
,,,,,,
,,,,,,
,,,,,,
,,,,,,
,,,,,,
,,,,,,
,,,,,,
,,,,,,
,,,,,,
,,,,,,
,,,,,,
,,,,,,
,,,,,,
,,,,,,
,,,,,,
,,,,,,
,,,,,,
,,,,,,
,,,,,,
,,,,,,
,,,,,,
,,,,,,
,,,,,,
,,,,,,
,,,,,,
,,,,,,
,,,,,,
,,,,,,
,,,,,,
,,,,,,
,,,,,,
,,,,,,
,,,,,,
,,,,,,
,,,,,,
,,,,,,
,,,,,,
,,,,,,
,,,,,,
,,,,,,
,,,,,,
,,,,,,
,,,,,,
,,,,,,
,,,,,,
,,,,,,
,,,,,,
,,,,,,
,,,,,,
,,,,,,
,,,,,,
,,,,,,
,,,,,,
,,,,,,
,,,,,,
,,,,,,
,,,,,,
,,,,,,
,,,,,,
,,,,,,
,,,,,,
,,,,,,
,,,,,,
,,,,,,
,,,,,,
,,,,,,
,,,,,,
,,,,,,
,,,,,,
,,,,,,
,,,,,,
,,,,,,
,,,,,,
,,,,,,
,,,,,,
,,,,,,
,,,,,,
,,,,,,
,,,,,,
,,,,,,
,,,,,,
,,,,,,
,,,,,,
,,,,,,
,,,,,,
,,,,,,
,,,,,,
,,,,,,
,,,,,,
,,,,,,
,,,,,,
,,,,,,
,,,,,,
,,,,,,
,,,,,,
,,,,,,
,,,,,,
,,,,,,
,,,,,,
,,,,,,
,,,,,,
,,,,,,
,,,,,,
,,,,,,
,,,,,,
,,,,,,
,,,,,,
,,,,,,
,,,,,,
,,,,,,
,,,,,,
,,,,,,
,,,,,,
,,,,,,
,,,,,,
,,,,,,
,,,,,,
,,,,,,
,,,,,,
,,,,,,
,,,,,,
,,,,,,
,,,,,,
,,,,,,
,,,,,,
,,,,,,
,,,,,,
,,,,,,
,,,,,,
,,,,,,
,,,,,,
,,,,,,
,,,,,,
,,,,,,
,,,,,,
,,,,,,
,,,,,,
,,,,,,
,,,,,,
,,,,,,
,,,,,,
,,,,,,
,,,,,,
,,,,,,
,,,,,,
,,,,,,
,,,,,,
,,,,,,
,,,,,,
,,,,,,
,,,,,,
,,,,,,
,,,,,,
,,,,,,
,,,,,,
,,,,,,
,,,,,,
,,,,,,
,,,,,,
,,,,,,
,,,,,,
,,,,,,
,,,,,,
,,,,,,
,,,,,,
,,,,,,
,,,,,,
,,,,,,
,,,,,,
,,,,,,
,,,,,,
,,,,,,
,,,,,,
,,,,,,
,,,,,,
,,,,,,
,,,,,,
,,,,,,
,,,,,,
,,,,,,
,,,,,,
,,,,,,
,,,,,,
,,,,,,
,,,,,,
,,,,,,
,,,,,,
,,,,,,
,,,,,,
,,,,,,
,,,,,,
,,,,,,
,,,,,,
,,,,,,
,,,,,,
,,,,,,
,,,,,,
,,,,,,
,,,,,,
,,,,,,
,,,,,,
,,,,,,
,,,,,,
,,,,,,
,,,,,,
,,,,,,
,,,,,,
,,,,,,
,,,,,,
,,,,,,
,,,,,,
,,,,,,
,,,,,,
,,,,,,
,,,,,,
,,,,,,
,,,,,,
,,,,,,
,,,,,,
,,,,,,
,,,,,,
,,,,,,
,,,,,,
,,,,,,
,,,,,,
,,,,,,
,,,,,,
,,,,,,
,,,,,,
,,,,,,
,,,,,,
,,,,,,
,,,,,,
,,,,,,
,,,,,,
,,,,,,
,,,,,,
,,,,,,
,,,,,,
,,,,,,
,,,,,,
,,,,,,
,,,,,,
,,,,,,
,,,,,,
,,,,,,
,,,,,,
,,,,,,
,,,,,,
,,,,,,
,,,,,,
,,,,,,
,,,,,,
,,,,,,
,,,,,,
,,,,,,
,,,,,,
,,,,,,
,,,,,,
,,,,,,
,,,,,,
,,,,,,
,,,,,,
,,,,,,
,,,,,,
,,,,,,
,,,,,,
,,,,,,
,,,,,,
,,,,,,
,,,,,,
,,,,,,
,,,,,,
,,,,,,
,,,,,,
,,,,,,
,,,,,,
,,,,,,
,,,,,,
,,,,,,
,,,,,,
,,,,,,
,,,,,,
,,,,,,
,,,,,,
,,,,,,
,,,,,,
,,,,,,
,,,,,,
,,,,,,
,,,,,,
,,,,,,
,,,,,,
,,,,,,
,,,,,,
,,,,,,
,,,,,,
,,,,,,
,,,,,,
,,,,,,
,,,,,,
,,,,,,
,,,,,,
,,,,,,
,,,,,,
,,,,,,
,,,,,,
,,,,,,
,,,,,,
,,,,,,
,,,,,,
,,,,,,
,,,,,,
,,,,,,
,,,,,,
,,,,,,
,,,,,,
,,,,,,
,,,,,,
,,,,,,
,,,,,,
,,,,,,
,,,,,,
,,,,,,
,,,,,,
,,,,,,
,,,,,,
,,,,,,
,,,,,,
,,,,,,
,,,,,,
,,,,,,
,,,,,,
,,,,,,
,,,,,,
,,,,,,
,,,,,,
,,,,,,
,,,,,,
,,,,,,
,,,,,,
,,,,,,
,,,,,,
,,,,,,
,,,,,,
,,,,,,
,,,,,,
,,,,,,
,,,,,,
,,,,,,
,,,,,,
,,,,,,
,,,,,,
,,,,,,
,,,,,,
,,,,,,
,,,,,,
,,,,,,
,,,,,,
,,,,,,
,,,,,,
,,,,,,
,,,,,,
,,,,,,
,,,,,,
,,,,,,
,,,,,,
,,,,,,
,,,,,,
,,,,,,
,,,,,,
,,,,,,
,,,,,,
,,,,,,
,,,,,,
,,,,,,
,,,,,,
,,,,,,
,,,,,,
,,,,,,
,,,,,,
,,,,,,
,,,,,,
,,,,,,
,,,,,,
,,,,,,
,,,,,,
,,,,,,
,,,,,,
,,,,,,
,,,,,,
,,,,,,
,,,,,,
,,,,,,
,,,,,,
,,,,,,
,,,,,,
,,,,,,
,,,,,,
,,,,,,
,,,,,,
,,,,,,
,,,,,,
,,,,,,
,,,,,,
,,,,,,
,,,,,,
,,,,,,
,,,,,,
,,,,,,
,,,,,,
,,,,,,
,,,,,,
,,,,,,
,,,,,,
,,,,,,
,,,,,,
,,,,,,
,,,,,,
,,,,,,
,,,,,,
,,,,,,
,,,,,,
,,,,,,
,,,,,,
,,,,,,
,,,,,,
,,,,,,
,,,,,,
,,,,,,
,,,,,,
,,,,,,
,,,,,,
,,,,,,
,,,,,,
,,,,,,
,,,,,,
,,,,,,
,,,,,,
,,,,,,
,,,,,,
,,,,,,
,,,,,,
,,,,,,
,,,,,,
,,,,,,
,,,,,,
,,,,,,
,,,,,,
,,,,,,
,,,,,,
,,,,,,
,,,,,,
,,,,,,
,,,,,,
,,,,,,
,,,,,,
,,,,,,
,,,,,,
,,,,,,
,,,,,,
,,,,,,
,,,,,,
,,,,,,
,,,,,,
,,,,,,
,,,,,,
,,,,,,
,,,,,,
,,,,,,
,,,,,,
,,,,,,
,,,,,,
,,,,,,
,,,,,,
,,,,,,
,,,,,,
,,,,,,
,,,,,,
,,,,,,
,,,,,,
,,,,,,
,,,,,,
,,,,,,
,,,,,,
,,,,,,
,,,,,,
,,,,,,
,,,,,,
,,,,,,
,,,,,,
,,,,,,
,,,,,,
,,,,,,
,,,,,,
,,,,,,
,,,,,,
,,,,,,
,,,,,,
,,,,,,
,,,,,,
,,,,,,
,,,,,,
,,,,,,
,,,,,,
,,,,,,
,,,,,,
,,,,,,
,,,,,,
,,,,,,
,,,,,,
,,,,,,
,,,,,,
,,,,,,
,,,,,,
,,,,,,
,,,,,,
,,,,,,
,,,,,,
,,,,,,
,,,,,,
,,,,,,
,,,,,,
,,,,,,
,,,,,,
,,,,,,
,,,,,,
,,,,,,
,,,,,,
,,,,,,
,,,,,,
,,,,,,
,,,,,,
,,,,,,
,,,,,,
,,,,,,
,,,,,,
,,,,,,
,,,,,,
,,,,,,
,,,,,,
,,,,,,
,,,,,,
,,,,,,
,,,,,,
,,,,,,
,,,,,,
,,,,,,
,,,,,,
,,,,,,
,,,,,,
,,,,,,
,,,,,,
,,,,,,
,,,,,,
,,,,,,
,,,,,,
,,,,,,
,,,,,,
,,,,,,
,,,,,,
,,,,,,
,,,,,,
,,,,,,
,,,,,,
,,,,,,
,,,,,,
,,,,,,
,,,,,,
,,,,,,
,,,,,,
,,,,,,
,,,,,,
,,,,,,
,,,,,,
,,,,,,
,,,,,,
,,,,,,
,,,,,,
,,,,,,
,,,,,,
,,,,,,
,,,,,,
,,,,,,
,,,,,,
,,,,,,
,,,,,,
,,,,,,
,,,,,,
,,,,,,
,,,,,,
,,,,,,
,,,,,,
,,,,,,
,,,,,,
,,,,,,
,,,,,,
,,,,,,
,,,,,,
,,,,,,
,,,,,,
,,,,,,
,,,,,,
,,,,,,
,,,,,,
,,,,,,
,,,,,,
,,,,,,
,,,,,,
,,,,,,
,,,,,,
,,,,,,
,,,,,,
,,,,,,
,,,,,,
,,,,,,
,,,,,,
,,,,,,
,,,,,,
,,,,,,
,,,,,,
,,,,,,
,,,,,,
,,,,,,
,,,,,,
,,,,,,
,,,,,,
,,,,,,
,,,,,,
,,,,,,
,,,,,,
,,,,,,
,,,,,,
,,,,,,
,,,,,,
,,,,,,
,,,,,,
,,,,,,
,,,,,,
,,,,,,
,,,,,,
,,,,,,
,,,,,,
,,,,,,
,,,,,,
,,,,,,
,,,,,,
,,,,,,
,,,,,,
,,,,,,
,,,,,,
,,,,,,
,,,,,,
,,,,,,
,,,,,,
,,,,,,
,,,,,,
,,,,,,
,,,,,,
,,,,,,
,,,,,,
,,,,,,
,,,,,,
,,,,,,
,,,,,,
,,,,,,
,,,,,,
,,,,,,
,,,,,,
,,,,,,
,,,,,,
,,,,,,
,,,,,,
,,,,,,
,,,,,,
,,,,,,
,,,,,,
,,,,,,
,,,,,,
,,,,,,
,,,,,,
,,,,,,
,,,,,,
,,,,,,
,,,,,,
,,,,,,
,,,,,,
,,,,,,
,,,,,,
,,,,,,
,,,,,,
,,,,,,
,,,,,,
,,,,,,
,,,,,,
,,,,,,
,,,,,,
,,,,,,
,,,,,,
,,,,,,
,,,,,,
,,,,,,
,,,,,,
,,,,,,
,,,,,,
,,,,,,
,,,,,,
,,,,,,
,,,,,,
,,,,,,
,,,,,,
,,,,,,
,,,,,,
,,,,,,
,,,,,,
,,,,,,
,,,,,,
,,,,,,
,,,,,,
,,,,,,
,,,,,,
,,,,,,
,,,,,,
,,,,,,
,,,,,,
,,,,,,
,,,,,,
,,,,,,
,,,,,,
,,,,,,
,,,,,,
,,,,,,
,,,,,,
,,,,,,
,,,,,,
,,,,,,
,,,,,,
,,,,,,
,,,,,,
,,,,,,
,,,,,,
,,,,,,
,,,,,,
,,,,,,
,,,,,,
,,,,,,
,,,,,,
,,,,,,
,,,,,,
,,,,,,
,,,,,,
,,,,,,
,,,,,,
,,,,,,
,,,,,,
,,,,,,
,,,,,,
,,,,,,
,,,,,,
,,,,,,
,,,,,,
,,,,,,
,,,,,,
,,,,,,
,,,,,,
,,,,,,
,,,,,,
,,,,,,
,,,,,,
,,,,,,
,,,,,,
,,,,,,
,,,,,,
,,,,,,
,,,,,,
,,,,,,
,,,,,,
,,,,,,
,,,,,,
,,,,,,
,,,,,,
,,,,,,
,,,,,,
,,,,,,
,,,,,,
,,,,,,
,,,,,,
,,,,,,
,,,,,,
,,,,,,
,,,,,,
,,,,,,
,,,,,,
,,,,,,
,,,,,,
,,,,,,
,,,,,,
,,,,,,
,,,,,,
,,,,,,
,,,,,,
,,,,,,
,,,,,,
,,,,,,
,,,,,,
,,,,,,
,,,,,,
,,,,,,
,,,,,,
,,,,,,
,,,,,,
,,,,,,
,,,,,,
,,,,,,
,,,,,,
,,,,,,
,,,,,,
,,,,,,
,,,,,,
,,,,,,
,,,,,,
,,,,,,
,,,,,,
,,,,,,
,,,,,,
,,,,,,
,,,,,,
,,,,,,
,,,,,,
,,,,,,
,,,,,,
,,,,,,
,,,,,,
,,,,,,
,,,,,,
,,,,,,
,,,,,,
,,,,,,
,,,,,,
,,,,,,
,,,,,,
,,,,,,
,,,,,,
,,,,,,
,,,,,,
,,,,,,
,,,,,,
,,,,,,
,,,,,,
,,,,,,
,,,,,,
,,,,,,
,,,,,,
,,,,,,
,,,,,,
,,,,,,
,,,,,,
,,,,,,
,,,,,,
,,,,,,
,,,,,,
,,,,,,
,,,,,,
,,,,,,
,,,,,,
,,,,,,
,,,,,,
,,,,,,
,,,,,,
,,,,,,
,,,,,,
,,,,,,
,,,,,,
,,,,,,
,,,,,,
,,,,,,
,,,,,,
,,,,,,
,,,,,,
,,,,,,
,,,,,,
,,,,,,
,,,,,,
,,,,,,
,,,,,,
,,,,,,
,,,,,,
,,,,,,
,,,,,,
,,,,,,
,,,,,,
,,,,,,
,,,,,,
,,,,,,
,,,,,,
,,,,,,
,,,,,,
,,,,,,
,,,,,,
,,,,,,
,,,,,,
,,,,,,
,,,,,,
,,,,,,
,,,,,,
,,,,,,
,,,,,,
,,,,,,
,,,,,,
,,,,,,
,,,,,,
,,,,,,
,,,,,,
,,,,,,
,,,,,,
,,,,,,
,,,,,,
,,,,,,
,,,,,,
,,,,,,
,,,,,,
,,,,,,
,,,,,,
,,,,,,
,,,,,,
,,,,,,
,,,,,,
,,,,,,
,,,,,,
,,,,,,
,,,,,,
,,,,,,
,,,,,,
,,,,,,
,,,,,,
,,,,,,
,,,,,,
,,,,,,
,,,,,,
,,,,,,
,,,,,,
,,,,,,
,,,,,,
,,,,,,
,,,,,,
,,,,,,
,,,,,,
,,,,,,
,,,,,,
,,,,,,
,,,,,,
,,,,,,
,,,,,,
,,,,,,
,,,,,,
,,,,,,
,,,,,,
,,,,,,
,,,,,,
,,,,,,
,,,,,,
,,,,,,
,,,,,,
,,,,,,
,,,,,,
,,,,,,
,,,,,,
,,,,,,
,,,,,,
,,,,,,
,,,,,,
,,,,,,
,,,,,,
,,,,,,
,,,,,,
,,,,,,
,,,,,,
,,,,,,
,,,,,,
,,,,,,
,,,,,,
,,,,,,
,,,,,,
,,,,,,
,,,,,,
,,,,,,
,,,,,,
,,,,,,
,,,,,,
,,,,,,
,,,,,,
,,,,,,
,,,,,,
,,,,,,
,,,,,,
,,,,,,
,,,,,,
,,,,,,
,,,,,,
,,,,,,
,,,,,,
,,,,,,
,,,,,,
,,,,,,
,,,,,,
,,,,,,
,,,,,,
,,,,,,
,,,,,,
,,,,,,
,,,,,,
,,,,,,
,,,,,,
,,,,,,
,,,,,,
,,,,,,
,,,,,,
,,,,,,
,,,,,,
,,,,,,
,,,,,,
,,,,,,
,,,,,,
,,,,,,
,,,,,,
,,,,,,
,,,,,,
,,,,,,
,,,,,,
,,,,,,
,,,,,,
,,,,,,
,,,,,,
,,,,,,
,,,,,,
,,,,,,
,,,,,,
,,,,,,
,,,,,,
,,,,,,
,,,,,,
,,,,,,
,,,,,,
,,,,,,
,,,,,,
,,,,,,
,,,,,,
,,,,,,
,,,,,,
,,,,,,
,,,,,,
,,,,,,
,,,,,,
,,,,,,
,,,,,,
,,,,,,
,,,,,,
,,,,,,
,,,,,,
,,,,,,
,,,,,,
,,,,,,
,,,,,,
,,,,,,
,,,,,,
,,,,,,
,,,,,,
,,,,,,
,,,,,,
,,,,,,
,,,,,,
,,,,,,
,,,,,,
,,,,,,
,,,,,,
,,,,,,
,,,,,,
,,,,,,
,,,,,,
,,,,,,
,,,,,,
,,,,,,
,,,,,,
,,,,,,
,,,,,,
,,,,,,
,,,,,,
,,,,,,
,,,,,,
,,,,,,
,,,,,,
,,,,,,
,,,,,,
,,,,,,
,,,,,,
,,,,,,
,,,,,,
,,,,,,
,,,,,,
,,,,,,
,,,,,,
,,,,,,
,,,,,,
,,,,,,
,,,,,,
,,,,,,
,,,,,,
,,,,,,
,,,,,,
,,,,,,
,,,,,,
,,,,,,
,,,,,,
,,,,,,
,,,,,,
,,,,,,
,,,,,,
,,,,,,
,,,,,,
,,,,,,
,,,,,,
,,,,,,
,,,,,,
,,,,,,
,,,,,,
,,,,,,
,,,,,,
,,,,,,
,,,,,,
,,,,,,
,,,,,,
,,,,,,
,,,,,,
,,,,,,
,,,,,,
,,,,,,
,,,,,,
,,,,,,
,,,,,,
,,,,,,
,,,,,,
,,,,,,
,,,,,,
,,,,,,
,,,,,,
,,,,,,
,,,,,,
,,,,,,
,,,,,,
,,,,,,
,,,,,,
,,,,,,
,,,,,,
,,,,,,
,,,,,,
,,,,,,
,,,,,,
,,,,,,
,,,,,,
,,,,,,
,,,,,,
,,,,,,
,,,,,,
,,,,,,
,,,,,,
,,,,,,
,,,,,,
,,,,,,
,,,,,,
,,,,,,
,,,,,,
,,,,,,
,,,,,,
,,,,,,
,,,,,,
,,,,,,
,,,,,,
,,,,,,
,,,,,,
,,,,,,
,,,,,,
,,,,,,
,,,,,,
,,,,,,
,,,,,,
,,,,,,
,,,,,,
,,,,,,
,,,,,,
,,,,,,
,,,,,,
,,,,,,
,,,,,,
,,,,,,
,,,,,,
,,,,,,
,,,,,,
,,,,,,
,,,,,,
,,,,,,
,,,,,,
,,,,,,
,,,,,,
,,,,,,
,,,,,,
,,,,,,
,,,,,,
,,,,,,
,,,,,,
,,,,,,
,,,,,,
,,,,,,
,,,,,,
,,,,,,
,,,,,,
,,,,,,
,,,,,,
,,,,,,
,,,,,,
,,,,,,
,,,,,,
,,,,,,
,,,,,,
,,,,,,
,,,,,,
,,,,,,
,,,,,,
,,,,,,
,,,,,,
,,,,,,
,,,,,,
,,,,,,
,,,,,,
,,,,,,
,,,,,,
,,,,,,
,,,,,,
,,,,,,
,,,,,,
,,,,,,
,,,,,,
,,,,,,
,,,,,,
,,,,,,
,,,,,,
,,,,,,
,,,,,,
,,,,,,
,,,,,,
,,,,,,
,,,,,,
,,,,,,
,,,,,,
,,,,,,
,,,,,,
,,,,,,
,,,,,,
,,,,,,
,,,,,,
,,,,,,
,,,,,,
,,,,,,
,,,,,,
,,,,,,
,,,,,,
,,,,,,
,,,,,,
,,,,,,
,,,,,,
,,,,,,
,,,,,,
,,,,,,
,,,,,,
,,,,,,
,,,,,,
,,,,,,
,,,,,,
,,,,,,
,,,,,,
,,,,,,
,,,,,,
,,,,,,
,,,,,,
,,,,,,
,,,,,,
,,,,,,
,,,,,,
,,,,,,
,,,,,,
,,,,,,
,,,,,,
,,,,,,
,,,,,,
,,,,,,
,,,,,,
,,,,,,
,,,,,,
,,,,,,
,,,,,,
,,,,,,
,,,,,,
,,,,,,
,,,,,,
,,,,,,
,,,,,,
,,,,,,
,,,,,,
,,,,,,
,,,,,,
,,,,,,
,,,,,,
,,,,,,
,,,,,,
,,,,,,
,,,,,,
,,,,,,
,,,,,,
,,,,,,
,,,,,,
,,,,,,
,,,,,,
,,,,,,
,,,,,,
,,,,,,
,,,,,,
,,,,,,
,,,,,,
,,,,,,
,,,,,,
,,,,,,
,,,,,,
,,,,,,
,,,,,,
,,,,,,
,,,,,,
,,,,,,
,,,,,,
,,,,,,
,,,,,,
,,,,,,
,,,,,,
,,,,,,
,,,,,,
,,,,,,
,,,,,,
,,,,,,
,,,,,,
,,,,,,
,,,,,,
,,,,,,
,,,,,,
,,,,,,
,,,,,,
,,,,,,
,,,,,,
,,,,,,
,,,,,,
,,,,,,
,,,,,,
,,,,,,
,,,,,,
,,,,,,
,,,,,,
,,,,,,
,,,,,,
,,,,,,
,,,,,,
,,,,,,
,,,,,,
,,,,,,
,,,,,,
,,,,,,
,,,,,,
,,,,,,
,,,,,,
,,,,,,
,,,,,,
,,,,,,
,,,,,,
,,,,,,
,,,,,,
,,,,,,
,,,,,,
,,,,,,
,,,,,,
,,,,,,
,,,,,,
,,,,,,
,,,,,,
,,,,,,
,,,,,,
,,,,,,
,,,,,,
,,,,,,
,,,,,,
,,,,,,
,,,,,,
,,,,,,
,,,,,,
,,,,,,
,,,,,,
,,,,,,
,,,,,,
,,,,,,
,,,,,,
,,,,,,
,,,,,,
,,,,,,
,,,,,,
,,,,,,
,,,,,,
,,,,,,
,,,,,,
,,,,,,
,,,,,,
,,,,,,
,,,,,,
,,,,,,
,,,,,,
,,,,,,
,,,,,,
,,,,,,
,,,,,,
,,,,,,
,,,,,,
,,,,,,
,,,,,,
,,,,,,
,,,,,,
,,,,,,
,,,,,,
,,,,,,
,,,,,,
,,,,,,
,,,,,,
,,,,,,
,,,,,,
,,,,,,
,,,,,,
,,,,,,
,,,,,,
,,,,,,
,,,,,,
,,,,,,
,,,,,,
,,,,,,
,,,,,,
,,,,,,
,,,,,,
,,,,,,
,,,,,,
,,,,,,
,,,,,,
,,,,,,
,,,,,,
,,,,,,
,,,,,,
,,,,,,
,,,,,,
,,,,,,
,,,,,,
,,,,,,
,,,,,,
,,,,,,
,,,,,,
,,,,,,
,,,,,,
,,,,,,
,,,,,,
,,,,,,
,,,,,,
,,,,,,
,,,,,,
,,,,,,
,,,,,,
,,,,,,
,,,,,,
,,,,,,
,,,,,,
,,,,,,
,,,,,,
,,,,,,
,,,,,,
,,,,,,
,,,,,,
,,,,,,
,,,,,,
,,,,,,
,,,,,,
,,,,,,
,,,,,,
,,,,,,
,,,,,,
,,,,,,
,,,,,,
,,,,,,
,,,,,,
,,,,,,
,,,,,,
,,,,,,
,,,,,,
,,,,,,
,,,,,,
,,,,,,
,,,,,,
,,,,,,
,,,,,,
,,,,,,
,,,,,,
,,,,,,
,,,,,,
,,,,,,
,,,,,,
,,,,,,
,,,,,,
,,,,,,
,,,,,,
,,,,,,
,,,,,,
,,,,,,
,,,,,,
,,,,,,
,,,,,,
,,,,,,
,,,,,,
,,,,,,
,,,,,,
,,,,,,
,,,,,,
,,,,,,
,,,,,,
,,,,,,
,,,,,,
,,,,,,
,,,,,,
,,,,,,
,,,,,,
,,,,,,
,,,,,,
,,,,,,
,,,,,,
,,,,,,
,,,,,,
,,,,,,
,,,,,,
,,,,,,
,,,,,,
,,,,,,
,,,,,,
,,,,,,
,,,,,,
,,,,,,
,,,,,,
,,,,,,
,,,,,,
,,,,,,
,,,,,,
,,,,,,
,,,,,,
,,,,,,
,,,,,,
,,,,,,
,,,,,,
,,,,,,
,,,,,,
,,,,,,
,,,,,,
,,,,,,
,,,,,,
,,,,,,
,,,,,,
,,,,,,
,,,,,,
,,,,,,
,,,,,,
,,,,,,
,,,,,,
,,,,,,
,,,,,,
,,,,,,
,,,,,,
,,,,,,
,,,,,,
,,,,,,
,,,,,,
,,,,,,
,,,,,,
,,,,,,
,,,,,,
,,,,,,
,,,,,,
,,,,,,
,,,,,,
,,,,,,
,,,,,,
,,,,,,
,,,,,,
,,,,,,
,,,,,,
,,,,,,
,,,,,,
,,,,,,
,,,,,,
,,,,,,
,,,,,,
,,,,,,
,,,,,,
,,,,,,
,,,,,,
,,,,,,
,,,,,,
,,,,,,
,,,,,,
,,,,,,
,,,,,,
,,,,,,
,,,,,,
,,,,,,
,,,,,,
,,,,,,
,,,,,,
,,,,,,
,,,,,,
,,,,,,
,,,,,,
,,,,,,
,,,,,,
,,,,,,
,,,,,,
,,,,,,
,,,,,,
,,,,,,
,,,,,,
,,,,,,
,,,,,,
,,,,,,
,,,,,,
,,,,,,
,,,,,,
,,,,,,
,,,,,,
,,,,,,
,,,,,,
,,,,,,
,,,,,,
,,,,,,
,,,,,,
,,,,,,
,,,,,,
,,,,,,
,,,,,,
,,,,,,
,,,,,,
,,,,,,
,,,,,,
,,,,,,
,,,,,,
,,,,,,
,,,,,,
,,,,,,
,,,,,,
,,,,,,
,,,,,,
,,,,,,
,,,,,,
,,,,,,
,,,,,,
,,,,,,
,,,,,,
,,,,,,
,,,,,,
,,,,,,
,,,,,,
,,,,,,
,,,,,,
,,,,,,
,,,,,,
,,,,,,
,,,,,,
,,,,,,
,,,,,,
,,,,,,
,,,,,,
,,,,,,
,,,,,,
,,,,,,
,,,,,,
,,,,,,
,,,,,,
,,,,,,
,,,,,,
,,,,,,
,,,,,,
,,,,,,
,,,,,,
,,,,,,
,,,,,,
,,,,,,
,,,,,,
,,,,,,
,,,,,,
,,,,,,
,,,,,,
,,,,,,
,,,,,,
,,,,,,
,,,,,,
,,,,,,
,,,,,,
,,,,,,
,,,,,,
,,,,,,
,,,,,,
,,,,,,
,,,,,,
,,,,,,
,,,,,,
,,,,,,
,,,,,,
,,,,,,
,,,,,,
,,,,,,
,,,,,,
,,,,,,
,,,,,,
,,,,,,
,,,,,,
,,,,,,
,,,,,,
,,,,,,
,,,,,,
,,,,,,
,,,,,,
,,,,,,
,,,,,,
,,,,,,
,,,,,,
,,,,,,
,,,,,,
,,,,,,
,,,,,,
,,,,,,
,,,,,,
,,,,,,
,,,,,,
,,,,,,
,,,,,,
,,,,,,
,,,,,,
,,,,,,
,,,,,,
,,,,,,
,,,,,,
,,,,,,
,,,,,,
,,,,,,
,,,,,,
,,,,,,
,,,,,,
,,,,,,
,,,,,,
,,,,,,
,,,,,,
,,,,,,
,,,,,,
,,,,,,
,,,,,,
,,,,,,
,,,,,,
,,,,,,
,,,,,,
,,,,,,
,,,,,,
,,,,,,
,,,,,,
,,,,,,
,,,,,,
,,,,,,
,,,,,,
,,,,,,
,,,,,,
,,,,,,
,,,,,,
,,,,,,
,,,,,,
,,,,,,
,,,,,,
,,,,,,
,,,,,,
,,,,,,
,,,,,,
,,,,,,
,,,,,,
,,,,,,
,,,,,,
,,,,,,
,,,,,,
,,,,,,
,,,,,,
,,,,,,
,,,,,,
,,,,,,
,,,,,,
,,,,,,
,,,,,,
,,,,,,
,,,,,,
,,,,,,
,,,,,,
,,,,,,
,,,,,,
,,,,,,
,,,,,,
,,,,,,
,,,,,,
,,,,,,
,,,,,,
,,,,,,
,,,,,,
,,,,,,
,,,,,,
,,,,,,
,,,,,,
,,,,,,
,,,,,,
,,,,,,
,,,,,,
,,,,,,
,,,,,,
,,,,,,
,,,,,,
,,,,,,
,,,,,,
,,,,,,
,,,,,,
,,,,,,
,,,,,,
,,,,,,
,,,,,,
,,,,,,
,,,,,,
,,,,,,
,,,,,,
,,,,,,
,,,,,,
,,,,,,
,,,,,,
,,,,,,
,,,,,,
,,,,,,
,,,,,,
,,,,,,
,,,,,,
,,,,,,
,,,,,,
,,,,,,
,,,,,,
,,,,,,
,,,,,,
,,,,,,
,,,,,,
,,,,,,
,,,,,,
,,,,,,
,,,,,,
,,,,,,
,,,,,,
,,,,,,
,,,,,,
,,,,,,
,,,,,,
,,,,,,
,,,,,,
,,,,,,
,,,,,,
,,,,,,
,,,,,,
,,,,,,
,,,,,,
,,,,,,
,,,,,,
,,,,,,
,,,,,,
,,,,,,
,,,,,,
,,,,,,
,,,,,,
,,,,,,
,,,,,,
,,,,,,
,,,,,,
,,,,,,
,,,,,,
,,,,,,
,,,,,,
,,,,,,
,,,,,,
,,,,,,
,,,,,,
,,,,,,
,,,,,,
,,,,,,
,,,,,,
,,,,,,
,,,,,,
,,,,,,
,,,,,,
,,,,,,
,,,,,,
,,,,,,
,,,,,,
,,,,,,
,,,,,,
,,,,,,
,,,,,,
,,,,,,
,,,,,,
,,,,,,
,,,,,,
,,,,,,
,,,,,,
,,,,,,
,,,,,,
,,,,,,
,,,,,,
,,,,,,
,,,,,,
,,,,,,
,,,,,,
,,,,,,
,,,,,,
,,,,,,
,,,,,,
,,,,,,
,,,,,,
,,,,,,
,,,,,,
,,,,,,
,,,,,,
,,,,,,
,,,,,,
,,,,,,
,,,,,,
,,,,,,
,,,,,,
,,,,,,
,,,,,,
,,,,,,
,,,,,,
,,,,,,
,,,,,,
,,,,,,
,,,,,,
,,,,,,
,,,,,,
,,,,,,
,,,,,,
,,,,,,
,,,,,,
,,,,,,
,,,,,,
,,,,,,
,,,,,,
,,,,,,
,,,,,,
,,,,,,
,,,,,,
,,,,,,
,,,,,,
,,,,,,
,,,,,,
,,,,,,
,,,,,,
,,,,,,
,,,,,,
,,,,,,
,,,,,,
,,,,,,
,,,,,,
,,,,,,
,,,,,,
,,,,,,
,,,,,,
,,,,,,
,,,,,,
,,,,,,
,,,,,,
,,,,,,
,,,,,,
,,,,,,
,,,,,,
,,,,,,
,,,,,,
,,,,,,
,,,,,,
,,,,,,
,,,,,,
,,,,,,
,,,,,,
,,,,,,
,,,,,,
,,,,,,
,,,,,,
,,,,,,
,,,,,,
,,,,,,
,,,,,,
,,,,,,
,,,,,,
,,,,,,
,,,,,,
,,,,,,
,,,,,,
,,,,,,
,,,,,,
,,,,,,
,,,,,,
,,,,,,
,,,,,,
,,,,,,
,,,,,,
,,,,,,
,,,,,,
,,,,,,
,,,,,,
,,,,,,
,,,,,,
,,,,,,
,,,,,,
,,,,,,
,,,,,,
,,,,,,
,,,,,,
,,,,,,
,,,,,,
,,,,,,
,,,,,,
,,,,,,
,,,,,,
,,,,,,
,,,,,,
,,,,,,
,,,,,,
,,,,,,
,,,,,,
,,,,,,
,,,,,,
,,,,,,
,,,,,,
,,,,,,
,,,,,,
,,,,,,
,,,,,,
,,,,,,
,,,,,,
,,,,,,
,,,,,,
,,,,,,
,,,,,,
,,,,,,
,,,,,,
,,,,,,
,,,,,,
,,,,,,
,,,,,,
,,,,,,
,,,,,,
,,,,,,
,,,,,,
,,,,,,
,,,,,,
,,,,,,
,,,,,,
,,,,,,
,,,,,,
,,,,,,
,,,,,,
,,,,,,
,,,,,,
,,,,,,
,,,,,,
,,,,,,
,,,,,,
,,,,,,
,,,,,,
,,,,,,
,,,,,,
,,,,,,
,,,,,,
,,,,,,
,,,,,,
,,,,,,
,,,,,,
,,,,,,
,,,,,,
,,,,,,
,,,,,,
,,,,,,
,,,,,,
,,,,,,
,,,,,,
,,,,,,
,,,,,,
,,,,,,
,,,,,,
,,,,,,
,,,,,,
,,,,,,
,,,,,,
,,,,,,
,,,,,,
,,,,,,
,,,,,,
,,,,,,
,,,,,,
,,,,,,
,,,,,,
,,,,,,
,,,,,,
,,,,,,
,,,,,,
,,,,,,
,,,,,,
,,,,,,
,,,,,,
,,,,,,
,,,,,,
,,,,,,
,,,,,,
,,,,,,
,,,,,,
,,,,,,
,,,,,,
,,,,,,
,,,,,,
,,,,,,
,,,,,,
,,,,,,
,,,,,,
,,,,,,
,,,,,,
,,,,,,
,,,,,,
,,,,,,
,,,,,,
,,,,,,
,,,,,,
,,,,,,
,,,,,,
,,,,,,
,,,,,,
,,,,,,
,,,,,,
,,,,,,
,,,,,,
,,,,,,
,,,,,,
,,,,,,
,,,,,,
,,,,,,
,,,,,,
,,,,,,
,,,,,,
,,,,,,
,,,,,,
,,,,,,
,,,,,,
,,,,,,
,,,,,,
,,,,,,
,,,,,,
,,,,,,
,,,,,,
,,,,,,
,,,,,,
,,,,,,
,,,,,,
,,,,,,
,,,,,,
,,,,,,
,,,,,,
,,,,,,
,,,,,,
,,,,,,
,,,,,,
,,,,,,
,,,,,,
,,,,,,
,,,,,,
,,,,,,
,,,,,,
,,,,,,
,,,,,,
,,,,,,
,,,,,,
,,,,,,
,,,,,,
,,,,,,
,,,,,,
,,,,,,
,,,,,,
,,,,,,
,,,,,,
,,,,,,
,,,,,,
,,,,,,
,,,,,,
,,,,,,
,,,,,,
,,,,,,
,,,,,,
,,,,,,
,,,,,,
,,,,,,
,,,,,,
,,,,,,
,,,,,,
,,,,,,
,,,,,,
,,,,,,
,,,,,,
,,,,,,
,,,,,,
,,,,,,
,,,,,,
,,,,,,
,,,,,,
,,,,,,
,,,,,,
,,,,,,
,,,,,,
,,,,,,
,,,,,,
,,,,,,
,,,,,,
,,,,,,
,,,,,,
,,,,,,
,,,,,,
,,,,,,
,,,,,,
,,,,,,
,,,,,,
,,,,,,
,,,,,,
,,,,,,
,,,,,,
,,,,,,
,,,,,,
,,,,,,
,,,,,,
,,,,,,
,,,,,,
,,,,,,
,,,,,,
,,,,,,
,,,,,,
,,,,,,
,,,,,,
,,,,,,
,,,,,,
,,,,,,
,,,,,,
,,,,,,
,,,,,,
,,,,,,
,,,,,,
,,,,,,
,,,,,,
,,,,,,
,,,,,,
,,,,,,
,,,,,,
,,,,,,
,,,,,,
,,,,,,
,,,,,,
,,,,,,
,,,,,,
,,,,,,
,,,,,,
,,,,,,
,,,,,,
,,,,,,
,,,,,,
,,,,,,
,,,,,,
,,,,,,
,,,,,,
,,,,,,
,,,,,,
,,,,,,
,,,,,,
,,,,,,
,,,,,,
,,,,,,
,,,,,,
,,,,,,
,,,,,,
,,,,,,
,,,,,,
,,,,,,
,,,,,,
,,,,,,
,,,,,,
,,,,,,
,,,,,,
,,,,,,
,,,,,,
,,,,,,
,,,,,,
,,,,,,
,,,,,,
,,,,,,
,,,,,,
,,,,,,
,,,,,,
,,,,,,
,,,,,,
,,,,,,
,,,,,,
,,,,,,
,,,,,,
,,,,,,
,,,,,,
,,,,,,
,,,,,,
,,,,,,
,,,,,,
,,,,,,
,,,,,,
,,,,,,
,,,,,,
,,,,,,
,,,,,,
,,,,,,
,,,,,,
,,,,,,
,,,,,,
,,,,,,
,,,,,,
,,,,,,
,,,,,,
,,,,,,
,,,,,,
,,,,,,
,,,,,,
,,,,,,
,,,,,,
,,,,,,
,,,,,,
,,,,,,
,,,,,,
,,,,,,
,,,,,,
,,,,,,
,,,,,,
,,,,,,
,,,,,,
,,,,,,
,,,,,,
,,,,,,
,,,,,,
,,,,,,
,,,,,,
,,,,,,
,,,,,,
,,,,,,
,,,,,,
,,,,,,
,,,,,,
,,,,,,
,,,,,,
,,,,,,
,,,,,,
,,,,,,
,,,,,,
,,,,,,
,,,,,,
,,,,,,
,,,,,,
,,,,,,
,,,,,,
,,,,,,
,,,,,,
,,,,,,
,,,,,,
,,,,,,
,,,,,,
,,,,,,
,,,,,,
,,,,,,
,,,,,,
,,,,,,
,,,,,,
,,,,,,
,,,,,,
,,,,,,
,,,,,,
,,,,,,
,,,,,,
,,,,,,
,,,,,,
,,,,,,
,,,,,,
,,,,,,
,,,,,,
,,,,,,
,,,,,,
,,,,,,
,,,,,,
,,,,,,
,,,,,,
,,,,,,
,,,,,,
,,,,,,
,,,,,,
,,,,,,
,,,,,,
,,,,,,
,,,,,,
,,,,,,
,,,,,,
,,,,,,
,,,,,,
,,,,,,
,,,,,,
,,,,,,
,,,,,,
,,,,,,
,,,,,,
,,,,,,
,,,,,,
,,,,,,
,,,,,,
,,,,,,
,,,,,,
,,,,,,
,,,,,,
,,,,,,
,,,,,,
,,,,,,
,,,,,,
,,,,,,
,,,,,,
,,,,,,
,,,,,,
,,,,,,
,,,,,,
,,,,,,
,,,,,,
,,,,,,
,,,,,,
,,,,,,
,,,,,,
,,,,,,
,,,,,,
,,,,,,
,,,,,,
,,,,,,
,,,,,,
,,,,,,
,,,,,,
,,,,,,
,,,,,,
,,,,,,
,,,,,,
,,,,,,
,,,,,,
,,,,,,
,,,,,,
,,,,,,
,,,,,,
,,,,,,
,,,,,,
,,,,,,
,,,,,,
,,,,,,
,,,,,,
,,,,,,
,,,,,,
,,,,,,
,,,,,,
,,,,,,
,,,,,,
,,,,,,
,,,,,,
,,,,,,
,,,,,,
,,,,,,
,,,,,,
,,,,,,
,,,,,,
,,,,,,
,,,,,,
,,,,,,
,,,,,,
,,,,,,
,,,,,,
,,,,,,
,,,,,,
,,,,,,
,,,,,,
,,,,,,
,,,,,,
,,,,,,
,,,,,,
,,,,,,
,,,,,,
,,,,,,
,,,,,,
,,,,,,
,,,,,,
,,,,,,
,,,,,,
,,,,,,
,,,,,,
,,,,,,
,,,,,,
,,,,,,
,,,,,,
,,,,,,
,,,,,,
,,,,,,
,,,,,,
,,,,,,
,,,,,,
,,,,,,
,,,,,,
,,,,,,
,,,,,,
,,,,,,
,,,,,,
,,,,,,
,,,,,,
,,,,,,
,,,,,,
,,,,,,
,,,,,,
,,,,,,
,,,,,,
,,,,,,
,,,,,,
,,,,,,
,,,,,,
,,,,,,
,,,,,,
,,,,,,
,,,,,,
,,,,,,
,,,,,,
,,,,,,
,,,,,,
,,,,,,
,,,,,,
,,,,,,
,,,,,,
,,,,,,
,,,,,,
,,,,,,
,,,,,,
,,,,,,
,,,,,,
,,,,,,
,,,,,,
,,,,,,
,,,,,,
,,,,,,
,,,,,,
,,,,,,
,,,,,,
,,,,,,
,,,,,,
,,,,,,
,,,,,,
,,,,,,
,,,,,,
,,,,,,
,,,,,,
,,,,,,
,,,,,,
,,,,,,
,,,,,,
,,,,,,
,,,,,,
,,,,,,
,,,,,,
,,,,,,
,,,,,,
,,,,,,
,,,,,,
,,,,,,
,,,,,,
,,,,,,
,,,,,,
,,,,,,
,,,,,,
,,,,,,
,,,,,,
,,,,,,
,,,,,,
,,,,,,
,,,,,,
,,,,,,
,,,,,,
,,,,,,
,,,,,,
,,,,,,
,,,,,,
,,,,,,
,,,,,,
,,,,,,
,,,,,,
,,,,,,
,,,,,,
,,,,,,
,,,,,,
,,,,,,
,,,,,,
,,,,,,
,,,,,,
,,,,,,
,,,,,,
,,,,,,
,,,,,,
,,,,,,
,,,,,,
,,,,,,
,,,,,,
,,,,,,
,,,,,,
,,,,,,
,,,,,,
,,,,,,
,,,,,,
,,,,,,
,,,,,,
,,,,,,
,,,,,,
,,,,,,
,,,,,,
,,,,,,
,,,,,,
,,,,,,
,,,,,,
,,,,,,
,,,,,,
,,,,,,
,,,,,,
,,,,,,
,,,,,,
,,,,,,
,,,,,,
,,,,,,
,,,,,,
,,,,,,
,,,,,,
,,,,,,
,,,,,,
,,,,,,
,,,,,,
,,,,,,
,,,,,,
,,,,,,
,,,,,,
,,,,,,
,,,,,,
,,,,,,
,,,,,,
,,,,,,
,,,,,,
,,,,,,
,,,,,,
,,,,,,
,,,,,,
,,,,,,
,,,,,,
,,,,,,
,,,,,,
,,,,,,
,,,,,,
,,,,,,
,,,,,,
,,,,,,
,,,,,,
,,,,,,
,,,,,,
,,,,,,
,,,,,,
,,,,,,
,,,,,,
,,,,,,
,,,,,,
,,,,,,
,,,,,,
,,,,,,
,,,,,,
,,,,,,
,,,,,,
,,,,,,
,,,,,,
,,,,,,
,,,,,,
,,,,,,
,,,,,,
,,,,,,
,,,,,,
,,,,,,
,,,,,,
,,,,,,
,,,,,,
,,,,,,
,,,,,,
,,,,,,
,,,,,,
,,,,,,
,,,,,,
,,,,,,
,,,,,,
,,,,,,
,,,,,,
,,,,,,
,,,,,,
,,,,,,
,,,,,,
,,,,,,
,,,,,,
,,,,,,
,,,,,,
,,,,,,
,,,,,,
,,,,,,
,,,,,,
,,,,,,
,,,,,,
,,,,,,
,,,,,,
,,,,,,
,,,,,,
,,,,,,
,,,,,,
,,,,,,
,,,,,,
,,,,,,
,,,,,,
,,,,,,
,,,,,,
,,,,,,
,,,,,,
,,,,,,
,,,,,,
,,,,,,
,,,,,,
,,,,,,
,,,,,,
,,,,,,
,,,,,,
,,,,,,
,,,,,,
,,,,,,
,,,,,,
,,,,,,
,,,,,,
,,,,,,
,,,,,,
,,,,,,
,,,,,,
,,,,,,
,,,,,,
,,,,,,
,,,,,,
,,,,,,
,,,,,,
,,,,,,
,,,,,,
,,,,,,
,,,,,,
,,,,,,
,,,,,,
,,,,,,
,,,,,,
,,,,,,
,,,,,,
,,,,,,
,,,,,,
,,,,,,
,,,,,,
,,,,,,
,,,,,,
,,,,,,
,,,,,,
,,,,,,
,,,,,,
,,,,,,
,,,,,,
,,,,,,
,,,,,,
,,,,,,
,,,,,,
,,,,,,
,,,,,,
,,,,,,
,,,,,,
,,,,,,
,,,,,,
,,,,,,
,,,,,,
,,,,,,
,,,,,,
,,,,,,
,,,,,,
,,,,,,
,,,,,,
,,,,,,
,,,,,,
,,,,,,
,,,,,,
,,,,,,
,,,,,,
,,,,,,
,,,,,,
,,,,,,
,,,,,,
,,,,,,
,,,,,,
,,,,,,
,,,,,,
,,,,,,
,,,,,,
,,,,,,
,,,,,,
,,,,,,
,,,,,,
,,,,,,
,,,,,,
,,,,,,
,,,,,,
,,,,,,
,,,,,,
,,,,,,
,,,,,,
,,,,,,
,,,,,,
,,,,,,
,,,,,,
,,,,,,
,,,,,,
,,,,,,
,,,,,,
,,,,,,
,,,,,,
,,,,,,
,,,,,,
,,,,,,
,,,,,,
,,,,,,
,,,,,,
,,,,,,
,,,,,,
,,,,,,
,,,,,,
,,,,,,
,,,,,,
,,,,,,
,,,,,,
,,,,,,
,,,,,,
,,,,,,
,,,,,,
,,,,,,
,,,,,,
,,,,,,
,,,,,,
,,,,,,
,,,,,,
,,,,,,
,,,,,,
,,,,,,
,,,,,,
,,,,,,
,,,,,,
,,,,,,
,,,,,,
,,,,,,
,,,,,,
,,,,,,
,,,,,,
,,,,,,
,,,,,,
,,,,,,
,,,,,,
,,,,,,
,,,,,,
,,,,,,
,,,,,,
,,,,,,
,,,,,,
,,,,,,
,,,,,,
,,,,,,
,,,,,,
,,,,,,
,,,,,,
,,,,,,
,,,,,,
,,,,,,
,,,,,,
,,,,,,
,,,,,,
,,,,,,
,,,,,,
,,,,,,
,,,,,,
,,,,,,
,,,,,,
,,,,,,
,,,,,,
,,,,,,
,,,,,,
,,,,,,
,,,,,,
,,,,,,
,,,,,,
,,,,,,
,,,,,,
,,,,,,
,,,,,,
,,,,,,
,,,,,,
,,,,,,
,,,,,,
,,,,,,
,,,,,,
,,,,,,
,,,,,,
,,,,,,
,,,,,,
,,,,,,
,,,,,,
,,,,,,
,,,,,,
,,,,,,
,,,,,,
,,,,,,
,,,,,,
,,,,,,
,,,,,,
,,,,,,
,,,,,,
,,,,,,
,,,,,,
,,,,,,
,,,,,,
,,,,,,
,,,,,,
,,,,,,
,,,,,,
,,,,,,
,,,,,,
,,,,,,
,,,,,,
,,,,,,
,,,,,,
,,,,,,
,,,,,,
,,,,,,
,,,,,,
,,,,,,
,,,,,,
,,,,,,
,,,,,,
,,,,,,
,,,,,,
,,,,,,
,,,,,,
,,,,,,
,,,,,,
,,,,,,
,,,,,,
,,,,,,
,,,,,,
,,,,,,
,,,,,,
,,,,,,
,,,,,,
,,,,,,
,,,,,,
,,,,,,
,,,,,,
,,,,,,
,,,,,,
,,,,,,
,,,,,,
,,,,,,
,,,,,,
,,,,,,
,,,,,,
,,,,,,
,,,,,,
,,,,,,
,,,,,,
,,,,,,
,,,,,,
,,,,,,
,,,,,,
,,,,,,
,,,,,,
,,,,,,
,,,,,,
,,,,,,
,,,,,,
,,,,,,
,,,,,,
,,,,,,
,,,,,,
,,,,,,
,,,,,,
,,,,,,
,,,,,,
,,,,,,
,,,,,,
,,,,,,
,,,,,,
,,,,,,
,,,,,,
,,,,,,
,,,,,,
,,,,,,
,,,,,,
,,,,,,
,,,,,,
,,,,,,
,,,,,,
,,,,,,
,,,,,,
,,,,,,
,,,,,,
,,,,,,
,,,,,,
,,,,,,
,,,,,,
,,,,,,
,,,,,,
,,,,,,
,,,,,,
,,,,,,
,,,,,,
,,,,,,
,,,,,,
,,,,,,
,,,,,,
,,,,,,
,,,,,,
,,,,,,
,,,,,,
,,,,,,
,,,,,,
,,,,,,
,,,,,,
,,,,,,
,,,,,,
,,,,,,
,,,,,,
,,,,,,
,,,,,,
,,,,,,
,,,,,,
,,,,,,
,,,,,,
,,,,,,
,,,,,,
,,,,,,
,,,,,,
,,,,,,
,,,,,,
,,,,,,
,,,,,,
,,,,,,
,,,,,,
,,,,,,
,,,,,,
,,,,,,
,,,,,,
,,,,,,
,,,,,,
,,,,,,
,,,,,,
,,,,,,
,,,,,,
,,,,,,
,,,,,,
,,,,,,
,,,,,,
,,,,,,
,,,,,,
,,,,,,
,,,,,,
,,,,,,
,,,,,,
,,,,,,
,,,,,,
,,,,,,
,,,,,,
,,,,,,
,,,,,,
,,,,,,
,,,,,,
,,,,,,
,,,,,,
,,,,,,
,,,,,,
,,,,,,
,,,,,,
,,,,,,
,,,,,,
,,,,,,
,,,,,,
,,,,,,
,,,,,,
,,,,,,
,,,,,,
,,,,,,
,,,,,,
,,,,,,
,,,,,,
,,,,,,
,,,,,,
,,,,,,
,,,,,,
,,,,,,
,,,,,,
,,,,,,
,,,,,,
,,,,,,
,,,,,,
,,,,,,
,,,,,,
,,,,,,
,,,,,,
,,,,,,
,,,,,,
,,,,,,
,,,,,,
,,,,,,
,,,,,,
,,,,,,
,,,,,,
,,,,,,
,,,,,,
,,,,,,
,,,,,,
,,,,,,
,,,,,,
,,,,,,
,,,,,,
,,,,,,
,,,,,,
,,,,,,
,,,,,,
,,,,,,
,,,,,,
,,,,,,
,,,,,,
,,,,,,
,,,,,,
,,,,,,
,,,,,,
,,,,,,
,,,,,,
,,,,,,
,,,,,,
,,,,,,
,,,,,,
,,,,,,
,,,,,,
,,,,,,
,,,,,,
,,,,,,
,,,,,,
,,,,,,
,,,,,,
,,,,,,
,,,,,,
,,,,,,
,,,,,,
,,,,,,
,,,,,,
,,,,,,
,,,,,,
,,,,,,
,,,,,,
,,,,,,
,,,,,,
,,,,,,
,,,,,,
,,,,,,
,,,,,,
,,,,,,
,,,,,,
,,,,,,
,,,,,,
,,,,,,
,,,,,,
,,,,,,
,,,,,,
,,,,,,
,,,,,,
,,,,,,
,,,,,,
,,,,,,
,,,,,,
,,,,,,
,,,,,,
,,,,,,
,,,,,,
,,,,,,
,,,,,,
,,,,,,
,,,,,,
,,,,,,
,,,,,,
,,,,,,
,,,,,,
,,,,,,
,,,,,,
,,,,,,
,,,,,,
,,,,,,
,,,,,,
,,,,,,
,,,,,,
,,,,,,
,,,,,,
,,,,,,
,,,,,,
,,,,,,
,,,,,,
,,,,,,
,,,,,,
,,,,,,
,,,,,,
,,,,,,
,,,,,,
,,,,,,
,,,,,,
,,,,,,
,,,,,,
,,,,,,
,,,,,,
,,,,,,
,,,,,,
,,,,,,
,,,,,,
,,,,,,
,,,,,,
,,,,,,
,,,,,,
,,,,,,
,,,,,,
,,,,,,
,,,,,,
,,,,,,
,,,,,,
,,,,,,
,,,,,,
,,,,,,
,,,,,,
,,,,,,
,,,,,,
,,,,,,
,,,,,,
,,,,,,
,,,,,,
,,,,,,
,,,,,,
,,,,,,
,,,,,,
,,,,,,
,,,,,,
,,,,,,
,,,,,,
,,,,,,
,,,,,,
,,,,,,
,,,,,,
,,,,,,
,,,,,,
,,,,,,
,,,,,,
,,,,,,
,,,,,,
,,,,,,
,,,,,,
,,,,,,
,,,,,,
,,,,,,
,,,,,,
,,,,,,
,,,,,,
,,,,,,
,,,,,,
,,,,,,
,,,,,,
,,,,,,
,,,,,,
,,,,,,
,,,,,,
,,,,,,
,,,,,,
,,,,,,
,,,,,,
,,,,,,
,,,,,,
,,,,,,
,,,,,,
,,,,,,
,,,,,,
,,,,,,
,,,,,,
,,,,,,
,,,,,,
,,,,,,
,,,,,,
,,,,,,
,,,,,,
,,,,,,
,,,,,,
,,,,,,
,,,,,,
,,,,,,
,,,,,,
,,,,,,
,,,,,,
,,,,,,
,,,,,,
,,,,,,
,,,,,,
,,,,,,
,,,,,,
,,,,,,
,,,,,,
,,,,,,
,,,,,,
,,,,,,
,,,,,,
,,,,,,
,,,,,,
,,,,,,
,,,,,,
,,,,,,
,,,,,,
,,,,,,
,,,,,,
,,,,,,
,,,,,,
,,,,,,
,,,,,,
,,,,,,
,,,,,,
,,,,,,
,,,,,,
,,,,,,
,,,,,,
,,,,,,
,,,,,,
,,,,,,
,,,,,,
,,,,,,
,,,,,,
,,,,,,
,,,,,,
,,,,,,
,,,,,,
,,,,,,
,,,,,,
,,,,,,
,,,,,,
,,,,,,
,,,,,,
,,,,,,
,,,,,,
,,,,,,
,,,,,,
,,,,,,
,,,,,,
,,,,,,
,,,,,,
,,,,,,
,,,,,,
,,,,,,
,,,,,,
,,,,,,
,,,,,,
,,,,,,
,,,,,,
,,,,,,
,,,,,,
,,,,,,
,,,,,,
,,,,,,
,,,,,,
,,,,,,
,,,,,,
,,,,,,
,,,,,,
,,,,,,
,,,,,,
,,,,,,
,,,,,,
,,,,,,
,,,,,,
,,,,,,
,,,,,,
,,,,,,
,,,,,,
,,,,,,
,,,,,,
,,,,,,
,,,,,,
,,,,,,
,,,,,,
,,,,,,
,,,,,,
,,,,,,
,,,,,,
,,,,,,
,,,,,,
,,,,,,
,,,,,,
,,,,,,
,,,,,,
,,,,,,
,,,,,,
,,,,,,
,,,,,,
,,,,,,
,,,,,,
,,,,,,
,,,,,,
,,,,,,
,,,,,,
,,,,,,
,,,,,,
,,,,,,
,,,,,,
,,,,,,
,,,,,,
,,,,,,
,,,,,,
,,,,,,
,,,,,,
,,,,,,
,,,,,,
,,,,,,
,,,,,,
,,,,,,
,,,,,,
,,,,,,
,,,,,,
,,,,,,
,,,,,,
,,,,,,
,,,,,,
,,,,,,
,,,,,,
,,,,,,
,,,,,,
,,,,,,
,,,,,,
,,,,,,
,,,,,,
,,,,,,
,,,,,,
,,,,,,
,,,,,,
,,,,,,
,,,,,,
,,,,,,
,,,,,,
,,,,,,
,,,,,,
,,,,,,
,,,,,,
,,,,,,
,,,,,,
,,,,,,
,,,,,,
,,,,,,
,,,,,,
,,,,,,
,,,,,,
,,,,,,
,,,,,,
,,,,,,
,,,,,,
,,,,,,
,,,,,,
,,,,,,
,,,,,,
,,,,,,
,,,,,,
,,,,,,
,,,,,,
,,,,,,
,,,,,,
,,,,,,
,,,,,,
,,,,,,
,,,,,,
,,,,,,
,,,,,,
,,,,,,
,,,,,,
,,,,,,
,,,,,,
,,,,,,
,,,,,,
,,,,,,
,,,,,,
,,,,,,
,,,,,,
,,,,,,
,,,,,,
,,,,,,
,,,,,,
,,,,,,
,,,,,,
,,,,,,
,,,,,,
,,,,,,
,,,,,,
,,,,,,
,,,,,,
,,,,,,
,,,,,,
,,,,,,
,,,,,,
,,,,,,
,,,,,,
,,,,,,
,,,,,,
,,,,,,
,,,,,,
,,,,,,
,,,,,,
,,,,,,
,,,,,,
,,,,,,
,,,,,,
,,,,,,
,,,,,,
,,,,,,
,,,,,,
,,,,,,
,,,,,,
,,,,,,
,,,,,,
,,,,,,
,,,,,,
,,,,,,
,,,,,,
,,,,,,
,,,,,,
,,,,,,
,,,,,,
,,,,,,
,,,,,,
,,,,,,
,,,,,,
,,,,,,
,,,,,,
,,,,,,
,,,,,,
,,,,,,
,,,,,,
,,,,,,
,,,,,,
,,,,,,
,,,,,,
,,,,,,
,,,,,,
,,,,,,
,,,,,,
,,,,,,
,,,,,,
,,,,,,
,,,,,,
,,,,,,
,,,,,,
,,,,,,
,,,,,,
,,,,,,
,,,,,,
,,,,,,
,,,,,,
,,,,,,
,,,,,,
,,,,,,
,,,,,,
,,,,,,
,,,,,,
,,,,,,
,,,,,,
,,,,,,
,,,,,,
,,,,,,
,,,,,,
,,,,,,
,,,,,,
,,,,,,
,,,,,,
,,,,,,
,,,,,,
,,,,,,
,,,,,,
,,,,,,
,,,,,,
,,,,,,
,,,,,,
,,,,,,
,,,,,,
,,,,,,
,,,,,,
,,,,,,
,,,,,,
,,,,,,
,,,,,,
,,,,,,
,,,,,,
,,,,,,
,,,,,,
,,,,,,
,,,,,,
,,,,,,
,,,,,,
,,,,,,
,,,,,,
,,,,,,
,,,,,,
,,,,,,
,,,,,,
,,,,,,
,,,,,,
,,,,,,
,,,,,,
,,,,,,
,,,,,,
,,,,,,
,,,,,,
,,,,,,
,,,,,,
,,,,,,
,,,,,,
,,,,,,
,,,,,,
,,,,,,
,,,,,,
,,,,,,
,,,,,,
,,,,,,
,,,,,,
,,,,,,
,,,,,,
,,,,,,
,,,,,,
,,,,,,
,,,,,,
,,,,,,
,,,,,,
,,,,,,
,,,,,,
,,,,,,
,,,,,,
,,,,,,
,,,,,,
,,,,,,
,,,,,,
,,,,,,
,,,,,,
,,,,,,
,,,,,,
,,,,,,
,,,,,,
,,,,,,
,,,,,,
,,,,,,
,,,,,,
,,,,,,
,,,,,,
,,,,,,
,,,,,,
,,,,,,
,,,,,,
,,,,,,
,,,,,,
,,,,,,
,,,,,,
,,,,,,
,,,,,,
,,,,,,
,,,,,,
,,,,,,
,,,,,,
,,,,,,
,,,,,,
,,,,,,
,,,,,,
,,,,,,
,,,,,,
,,,,,,
,,,,,,
,,,,,,
,,,,,,
,,,,,,
,,,,,,
,,,,,,
,,,,,,
,,,,,,
,,,,,,
,,,,,,
,,,,,,
,,,,,,
,,,,,,
,,,,,,
,,,,,,
,,,,,,
,,,,,,
,,,,,,
,,,,,,
,,,,,,
,,,,,,
,,,,,,
,,,,,,
,,,,,,
,,,,,,
,,,,,,
,,,,,,
,,,,,,
,,,,,,
,,,,,,
,,,,,,
,,,,,,
,,,,,,
,,,,,,
,,,,,,
,,,,,,
,,,,,,
,,,,,,
,,,,,,
,,,,,,
,,,,,,
,,,,,,
,,,,,,
,,,,,,
,,,,,,
,,,,,,
,,,,,,
,,,,,,
,,,,,,
,,,,,,
,,,,,,
,,,,,,
,,,,,,
,,,,,,
,,,,,,
,,,,,,
,,,,,,
,,,,,,
,,,,,,
,,,,,,
,,,,,,
,,,,,,
,,,,,,
,,,,,,
,,,,,,
,,,,,,
,,,,,,
,,,,,,
,,,,,,
,,,,,,
,,,,,,
,,,,,,
,,,,,,
,,,,,,
,,,,,,
,,,,,,
,,,,,,
,,,,,,
,,,,,,
,,,,,,
,,,,,,
,,,,,,
,,,,,,
,,,,,,
,,,,,,
,,,,,,
,,,,,,
,,,,,,
,,,,,,
,,,,,,
,,,,,,
,,,,,,
,,,,,,
,,,,,,
,,,,,,
,,,,,,
,,,,,,
,,,,,,
,,,,,,
,,,,,,
,,,,,,
,,,,,,
,,,,,,
,,,,,,
,,,,,,
,,,,,,
,,,,,,
,,,,,,
,,,,,,
,,,,,,
,,,,,,
,,,,,,
,,,,,,
,,,,,,
,,,,,,
,,,,,,
,,,,,,
,,,,,,
,,,,,,
,,,,,,
,,,,,,
,,,,,,
,,,,,,
,,,,,,
,,,,,,
,,,,,,
,,,,,,
,,,,,,
,,,,,,
,,,,,,
,,,,,,
,,,,,,
,,,,,,
,,,,,,
,,,,,,
,,,,,,
,,,,,,
,,,,,,
,,,,,,
,,,,,,
,,,,,,
,,,,,,
,,,,,,
,,,,,,
,,,,,,
,,,,,,
,,,,,,
,,,,,,
,,,,,,
,,,,,,
,,,,,,
,,,,,,
,,,,,,
,,,,,,
,,,,,,
,,,,,,
,,,,,,
,,,,,,
,,,,,,
,,,,,,
,,,,,,
,,,,,,
,,,,,,
,,,,,,
,,,,,,
,,,,,,
,,,,,,
,,,,,,
,,,,,,
,,,,,,
,,,,,,
,,,,,,
,,,,,,
,,,,,,
,,,,,,
,,,,,,
,,,,,,
,,,,,,
,,,,,,
,,,,,,
,,,,,,
,,,,,,
,,,,,,
,,,,,,
,,,,,,
,,,,,,
,,,,,,
,,,,,,
,,,,,,
,,,,,,
,,,,,,
,,,,,,
,,,,,,
,,,,,,
,,,,,,
,,,,,,
,,,,,,
,,,,,,
,,,,,,
,,,,,,
,,,,,,
,,,,,,
,,,,,,
,,,,,,
,,,,,,
,,,,,,
,,,,,,
,,,,,,
,,,,,,
,,,,,,
,,,,,,
,,,,,,
,,,,,,
,,,,,,
,,,,,,
,,,,,,
,,,,,,
,,,,,,
,,,,,,
,,,,,,
,,,,,,
,,,,,,
,,,,,,
,,,,,,
,,,,,,
,,,,,,
,,,,,,
,,,,,,
,,,,,,
,,,,,,
,,,,,,
,,,,,,
,,,,,,
,,,,,,
,,,,,,
,,,,,,
,,,,,,
,,,,,,
,,,,,,
,,,,,,
,,,,,,
,,,,,,
,,,,,,
,,,,,,
,,,,,,
,,,,,,
,,,,,,
,,,,,,
,,,,,,
,,,,,,
,,,,,,
,,,,,,
,,,,,,
,,,,,,
,,,,,,
,,,,,,
,,,,,,
,,,,,,
,,,,,,
,,,,,,
,,,,,,
,,,,,,
,,,,,,
,,,,,,
,,,,,,
,,,,,,
,,,,,,
,,,,,,
,,,,,,
,,,,,,
,,,,,,
,,,,,,
,,,,,,
,,,,,,
,,,,,,
,,,,,,
,,,,,,
,,,,,,
,,,,,,
,,,,,,
,,,,,,
,,,,,,
,,,,,,
,,,,,,
,,,,,,
,,,,,,
,,,,,,
,,,,,,
,,,,,,
,,,,,,
,,,,,,
,,,,,,
,,,,,,
,,,,,,
,,,,,,
,,,,,,
,,,,,,
,,,,,,
,,,,,,
,,,,,,
,,,,,,
,,,,,,
,,,,,,
,,,,,,
,,,,,,
,,,,,,
,,,,,,
,,,,,,
,,,,,,
,,,,,,
,,,,,,
,,,,,,
,,,,,,
,,,,,,
,,,,,,
,,,,,,
,,,,,,
,,,,,,
,,,,,,
,,,,,,
,,,,,,
,,,,,,
,,,,,,
,,,,,,
,,,,,,
,,,,,,
,,,,,,
,,,,,,
,,,,,,
,,,,,,
,,,,,,
,,,,,,
,,,,,,
,,,,,,
,,,,,,
,,,,,,
,,,,,,
,,,,,,
,,,,,,
,,,,,,
,,,,,,
,,,,,,
,,,,,,
,,,,,,
,,,,,,
,,,,,,
,,,,,,
,,,,,,
,,,,,,
,,,,,,
,,,,,,
,,,,,,
,,,,,,
,,,,,,
,,,,,,
,,,,,,
,,,,,,
,,,,,,
,,,,,,
,,,,,,
,,,,,,
,,,,,,
,,,,,,
,,,,,,
,,,,,,
,,,,,,
,,,,,,
,,,,,,
,,,,,,
,,,,,,
,,,,,,
,,,,,,
,,,,,,
,,,,,,
,,,,,,
,,,,,,
,,,,,,
,,,,,,
,,,,,,
,,,,,,
,,,,,,
,,,,,,
,,,,,,
,,,,,,
,,,,,,
,,,,,,
,,,,,,
,,,,,,
,,,,,,
,,,,,,
,,,,,,
,,,,,,
,,,,,,
,,,,,,
,,,,,,
,,,,,,
,,,,,,
,,,,,,
,,,,,,
,,,,,,
,,,,,,
,,,,,,
,,,,,,
,,,,,,
,,,,,,
,,,,,,
,,,,,,
,,,,,,
,,,,,,
,,,,,,
,,,,,,
,,,,,,
,,,,,,
,,,,,,
,,,,,,
,,,,,,
,,,,,,
,,,,,,
,,,,,,
,,,,,,
,,,,,,
,,,,,,
,,,,,,
,,,,,,
,,,,,,
,,,,,,
,,,,,,
,,,,,,
,,,,,,
,,,,,,
,,,,,,
,,,,,,
,,,,,,
,,,,,,
,,,,,,
,,,,,,
,,,,,,
,,,,,,
,,,,,,
,,,,,,
,,,,,,
,,,,,,
,,,,,,
,,,,,,
,,,,,,
,,,,,,
,,,,,,
,,,,,,
,,,,,,
,,,,,,
,,,,,,
,,,,,,
,,,,,,
,,,,,,
,,,,,,
,,,,,,
,,,,,,
,,,,,,
,,,,,,
,,,,,,
,,,,,,
,,,,,,
,,,,,,
,,,,,,
,,,,,,
,,,,,,
,,,,,,
,,,,,,
,,,,,,
,,,,,,
,,,,,,
,,,,,,
,,,,,,
,,,,,,
,,,,,,
,,,,,,
,,,,,,
,,,,,,
,,,,,,
,,,,,,
,,,,,,
,,,,,,
,,,,,,
,,,,,,
,,,,,,
,,,,,,
,,,,,,
,,,,,,
,,,,,,
,,,,,,
,,,,,,
,,,,,,
,,,,,,
,,,,,,
,,,,,,
,,,,,,
,,,,,,
,,,,,,
,,,,,,
,,,,,,
,,,,,,
,,,,,,
,,,,,,
,,,,,,
,,,,,,
,,,,,,
,,,,,,
,,,,,,
,,,,,,
,,,,,,
,,,,,,
,,,,,,
,,,,,,
,,,,,,
,,,,,,
,,,,,,
,,,,,,
,,,,,,
,,,,,,
,,,,,,
,,,,,,
,,,,,,
,,,,,,
,,,,,,
,,,,,,
,,,,,,
,,,,,,
,,,,,,
,,,,,,
,,,,,,
,,,,,,
,,,,,,
,,,,,,
,,,,,,
,,,,,,
,,,,,,
,,,,,,
,,,,,,
,,,,,,
,,,,,,
,,,,,,
,,,,,,
,,,,,,
,,,,,,
,,,,,,
,,,,,,
,,,,,,
,,,,,,
,,,,,,
,,,,,,
,,,,,,
,,,,,,
,,,,,,
,,,,,,
,,,,,,
,,,,,,
,,,,,,
,,,,,,
,,,,,,
,,,,,,
,,,,,,
,,,,,,
,,,,,,
,,,,,,
,,,,,,
,,,,,,
,,,,,,
,,,,,,
,,,,,,
,,,,,,
,,,,,,
,,,,,,
,,,,,,
,,,,,,
,,,,,,
,,,,,,
,,,,,,
,,,,,,
,,,,,,
,,,,,,
,,,,,,
,,,,,,
,,,,,,
,,,,,,
,,,,,,
,,,,,,
,,,,,,
,,,,,,
,,,,,,
,,,,,,
,,,,,,
,,,,,,
,,,,,,
,,,,,,
,,,,,,
,,,,,,
,,,,,,
,,,,,,
,,,,,,
,,,,,,
,,,,,,
,,,,,,
,,,,,,
,,,,,,
,,,,,,
,,,,,,
,,,,,,
,,,,,,
,,,,,,
,,,,,,
,,,,,,
,,,,,,
,,,,,,
,,,,,,
,,,,,,
,,,,,,
,,,,,,
,,,,,,
,,,,,,
,,,,,,
,,,,,,
,,,,,,
,,,,,,
,,,,,,
,,,,,,
,,,,,,
,,,,,,
,,,,,,
,,,,,,
,,,,,,
,,,,,,
,,,,,,
,,,,,,
,,,,,,
,,,,,,
,,,,,,
,,,,,,
,,,,,,
,,,,,,
,,,,,,
,,,,,,
,,,,,,
,,,,,,
,,,,,,
,,,,,,
,,,,,,
,,,,,,
,,,,,,
,,,,,,
,,,,,,
,,,,,,
,,,,,,
,,,,,,
,,,,,,
,,,,,,
,,,,,,
,,,,,,
,,,,,,
,,,,,,
,,,,,,
,,,,,,
,,,,,,
,,,,,,
,,,,,,
,,,,,,
,,,,,,
,,,,,,
,,,,,,
,,,,,,
,,,,,,
,,,,,,
,,,,,,
,,,,,,
,,,,,,
,,,,,,
,,,,,,
,,,,,,
,,,,,,
,,,,,,
,,,,,,
,,,,,,
,,,,,,
,,,,,,
,,,,,,
,,,,,,
,,,,,,
,,,,,,
,,,,,,
,,,,,,
,,,,,,
,,,,,,
,,,,,,
,,,,,,
,,,,,,
,,,,,,
,,,,,,
,,,,,,
,,,,,,
,,,,,,
,,,,,,
,,,,,,
,,,,,,
,,,,,,
,,,,,,
,,,,,,
,,,,,,
,,,,,,
,,,,,,
,,,,,,
,,,,,,
,,,,,,
,,,,,,
,,,,,,
,,,,,,
,,,,,,
,,,,,,
,,,,,,
,,,,,,
,,,,,,
,,,,,,
,,,,,,
,,,,,,
,,,,,,
,,,,,,
,,,,,,
,,,,,,
,,,,,,
,,,,,,
,,,,,,
,,,,,,
,,,,,,
,,,,,,
,,,,,,
,,,,,,
,,,,,,
,,,,,,
,,,,,,
,,,,,,
,,,,,,
,,,,,,
,,,,,,
,,,,,,
,,,,,,
,,,,,,
,,,,,,
,,,,,,
,,,,,,
,,,,,,
,,,,,,
,,,,,,
,,,,,,
,,,,,,
,,,,,,
,,,,,,
,,,,,,
,,,,,,
,,,,,,
,,,,,,
,,,,,,
,,,,,,
,,,,,,
,,,,,,
,,,,,,
,,,,,,
,,,,,,
,,,,,,
,,,,,,
,,,,,,
,,,,,,
,,,,,,
,,,,,,
,,,,,,
,,,,,,
,,,,,,
,,,,,,
,,,,,,
,,,,,,
,,,,,,
,,,,,,
,,,,,,
,,,,,,
,,,,,,
,,,,,,
,,,,,,
,,,,,,
,,,,,,
,,,,,,
,,,,,,
,,,,,,
,,,,,,
,,,,,,
,,,,,,
,,,,,,
,,,,,,
,,,,,,
,,,,,,
,,,,,,
,,,,,,
,,,,,,
,,,,,,
,,,,,,
,,,,,,
,,,,,,
,,,,,,
,,,,,,
,,,,,,
,,,,,,
,,,,,,
,,,,,,
,,,,,,
,,,,,,
,,,,,,
,,,,,,
,,,,,,
,,,,,,
,,,,,,
,,,,,,
,,,,,,
,,,,,,
,,,,,,
,,,,,,
,,,,,,
,,,,,,
,,,,,,
,,,,,,
,,,,,,
,,,,,,
,,,,,,
,,,,,,
,,,,,,
,,,,,,
,,,,,,
,,,,,,
,,,,,,
,,,,,,
,,,,,,
,,,,,,
,,,,,,
,,,,,,
,,,,,,
,,,,,,
,,,,,,
,,,,,,
,,,,,,
,,,,,,
,,,,,,
,,,,,,
,,,,,,
,,,,,,
,,,,,,
,,,,,,
,,,,,,
,,,,,,
,,,,,,
,,,,,,
,,,,,,
,,,,,,
,,,,,,
,,,,,,
,,,,,,
,,,,,,
,,,,,,
,,,,,,
,,,,,,
,,,,,,
,,,,,,
,,,,,,
,,,,,,
,,,,,,
,,,,,,
,,,,,,
,,,,,,
,,,,,,
,,,,,,
,,,,,,
,,,,,,
,,,,,,
,,,,,,
,,,,,,
,,,,,,
,,,,,,
,,,,,,
,,,,,,
,,,,,,
,,,,,,
,,,,,,
,,,,,,
,,,,,,
,,,,,,
,,,,,,
,,,,,,
,,,,,,
,,,,,,
,,,,,,
,,,,,,
,,,,,,
,,,,,,
,,,,,,
,,,,,,
,,,,,,
,,,,,,
,,,,,,
,,,,,,
,,,,,,
,,,,,,
,,,,,,
,,,,,,
,,,,,,
,,,,,,
,,,,,,
,,,,,,
,,,,,,
,,,,,,
,,,,,,
,,,,,,
,,,,,,
,,,,,,
,,,,,,
,,,,,,
,,,,,,
,,,,,,
,,,,,,
,,,,,,
,,,,,,
,,,,,,
,,,,,,
,,,,,,
,,,,,,
,,,,,,
,,,,,,
,,,,,,
,,,,,,
,,,,,,
,,,,,,
,,,,,,
,,,,,,
,,,,,,
,,,,,,
,,,,,,
,,,,,,
,,,,,,
,,,,,,
,,,,,,
,,,,,,
,,,,,,
,,,,,,
,,,,,,
,,,,,,
,,,,,,
,,,,,,
,,,,,,
,,,,,,
,,,,,,
,,,,,,
,,,,,,
,,,,,,
,,,,,,
,,,,,,
,,,,,,
,,,,,,
,,,,,,
,,,,,,
,,,,,,
,,,,,,
,,,,,,
,,,,,,
,,,,,,
,,,,,,
,,,,,,
,,,,,,
,,,,,,
,,,,,,
,,,,,,
,,,,,,
,,,,,,
,,,,,,
,,,,,,
,,,,,,
,,,,,,
,,,,,,
,,,,,,
,,,,,,
,,,,,,
,,,,,,
,,,,,,
,,,,,,
,,,,,,
,,,,,,
,,,,,,
,,,,,,
,,,,,,
,,,,,,
,,,,,,
,,,,,,
,,,,,,
,,,,,,
,,,,,,
,,,,,,
,,,,,,
,,,,,,
,,,,,,
,,,,,,
,,,,,,
,,,,,,
,,,,,,
,,,,,,
,,,,,,
,,,,,,
,,,,,,
,,,,,,
,,,,,,
,,,,,,
,,,,,,
,,,,,,
,,,,,,
,,,,,,
,,,,,,
,,,,,,
,,,,,,
,,,,,,
,,,,,,
,,,,,,
,,,,,,
,,,,,,
,,,,,,
,,,,,,
,,,,,,
,,,,,,
,,,,,,
,,,,,,
,,,,,,
,,,,,,
,,,,,,
,,,,,,
,,,,,,
,,,,,,
,,,,,,
,,,,,,
,,,,,,
,,,,,,
,,,,,,
,,,,,,
,,,,,,
,,,,,,
,,,,,,
,,,,,,
,,,,,,
,,,,,,
,,,,,,
,,,,,,
,,,,,,
,,,,,,
,,,,,,
,,,,,,
,,,,,,
,,,,,,
,,,,,,
,,,,,,
,,,,,,
,,,,,,
,,,,,,
,,,,,,
,,,,,,
,,,,,,
,,,,,,
,,,,,,
,,,,,,
,,,,,,
,,,,,,
,,,,,,
,,,,,,
,,,,,,
,,,,,,
,,,,,,
,,,,,,
,,,,,,
,,,,,,
,,,,,,
,,,,,,
,,,,,,
,,,,,,
,,,,,,
,,,,,,
,,,,,,
,,,,,,
,,,,,,
,,,,,,
,,,,,,
,,,,,,
,,,,,,
,,,,,,
,,,,,,
,,,,,,
,,,,,,
,,,,,,
,,,,,,
,,,,,,
,,,,,,
,,,,,,
,,,,,,
,,,,,,
,,,,,,
,,,,,,
,,,,,,
,,,,,,
,,,,,,
,,,,,,
,,,,,,
,,,,,,
,,,,,,
,,,,,,
,,,,,,
,,,,,,
,,,,,,
,,,,,,
,,,,,,
,,,,,,
,,,,,,
,,,,,,
,,,,,,
,,,,,,
,,,,,,
,,,,,,
,,,,,,
,,,,,,
,,,,,,
,,,,,,
,,,,,,
,,,,,,
,,,,,,
,,,,,,
,,,,,,
,,,,,,
,,,,,,
,,,,,,
,,,,,,
,,,,,,
,,,,,,
,,,,,,
,,,,,,
,,,,,,
,,,,,,
,,,,,,
,,,,,,
,,,,,,
,,,,,,
,,,,,,
,,,,,,
,,,,,,
,,,,,,
,,,,,,
,,,,,,
,,,,,,
,,,,,,
,,,,,,
,,,,,,
,,,,,,
,,,,,,
,,,,,,
,,,,,,
,,,,,,
,,,,,,
,,,,,,
,,,,,,
,,,,,,
,,,,,,
,,,,,,
,,,,,,
,,,,,,
,,,,,,
,,,,,,
,,,,,,
,,,,,,
,,,,,,
,,,,,,
,,,,,,
,,,,,,
,,,,,,
,,,,,,
,,,,,,
,,,,,,
,,,,,,
,,,,,,
,,,,,,
,,,,,,
,,,,,,
,,,,,,
,,,,,,
,,,,,,
,,,,,,
,,,,,,
,,,,,,
,,,,,,
,,,,,,
,,,,,,
,,,,,,
,,,,,,
,,,,,,
,,,,,,
,,,,,,
,,,,,,
,,,,,,
,,,,,,
,,,,,,
,,,,,,
,,,,,,
,,,,,,
,,,,,,
,,,,,,
,,,,,,
,,,,,,
,,,,,,
,,,,,,
,,,,,,
,,,,,,
,,,,,,
,,,,,,
,,,,,,
,,,,,,
,,,,,,
,,,,,,
,,,,,,
,,,,,,
,,,,,,
,,,,,,
,,,,,,
,,,,,,
,,,,,,
,,,,,,
,,,,,,
,,,,,,
,,,,,,
,,,,,,
,,,,,,
,,,,,,
,,,,,,
,,,,,,
,,,,,,
,,,,,,
,,,,,,
,,,,,,
,,,,,,
,,,,,,
,,,,,,
,,,,,,
,,,,,,
,,,,,,
,,,,,,
,,,,,,
,,,,,,
,,,,,,
,,,,,,
,,,,,,
,,,,,,
,,,,,,
,,,,,,
,,,,,,
,,,,,,
,,,,,,
,,,,,,
,,,,,,
,,,,,,
,,,,,,
,,,,,,
,,,,,,
,,,,,,
,,,,,,
,,,,,,
,,,,,,
,,,,,,
,,,,,,
,,,,,,
,,,,,,
,,,,,,
,,,,,,
,,,,,,
,,,,,,
,,,,,,
,,,,,,
,,,,,,
,,,,,,
,,,,,,
,,,,,,
,,,,,,
,,,,,,
,,,,,,
,,,,,,
,,,,,,
,,,,,,
,,,,,,
,,,,,,
,,,,,,
,,,,,,
,,,,,,
,,,,,,
,,,,,,
,,,,,,
,,,,,,
,,,,,,
,,,,,,
,,,,,,
,,,,,,
,,,,,,
,,,,,,
,,,,,,
,,,,,,
,,,,,,
,,,,,,
,,,,,,
,,,,,,
,,,,,,
,,,,,,
,,,,,,
,,,,,,
,,,,,,
,,,,,,
,,,,,,
,,,,,,
,,,,,,
,,,,,,
,,,,,,
,,,,,,
,,,,,,
,,,,,,
,,,,,,
,,,,,,
,,,,,,
,,,,,,
,,,,,,
,,,,,,
,,,,,,
,,,,,,
,,,,,,
,,,,,,
,,,,,,
,,,,,,
,,,,,,
,,,,,,
,,,,,,
,,,,,,
,,,,,,
,,,,,,
,,,,,,
,,,,,,
,,,,,,
,,,,,,
,,,,,,
,,,,,,
,,,,,,
,,,,,,
,,,,,,
,,,,,,
,,,,,,
,,,,,,
,,,,,,
,,,,,,
,,,,,,
,,,,,,
,,,,,,
,,,,,,
,,,,,,
,,,,,,
,,,,,,
,,,,,,
,,,,,,
,,,,,,
,,,,,,
,,,,,,
,,,,,,
,,,,,,
,,,,,,
,,,,,,
,,,,,,
,,,,,,
,,,,,,
,,,,,,
,,,,,,
,,,,,,
,,,,,,
,,,,,,
,,,,,,
,,,,,,
,,,,,,
,,,,,,
,,,,,,
,,,,,,
,,,,,,
,,,,,,
,,,,,,
,,,,,,
,,,,,,
,,,,,,
,,,,,,
,,,,,,
,,,,,,
,,,,,,
,,,,,,
,,,,,,
,,,,,,
,,,,,,
,,,,,,
,,,,,,
,,,,,,
,,,,,,
,,,,,,
,,,,,,
,,,,,,
,,,,,,
,,,,,,
,,,,,,
,,,,,,
,,,,,,
,,,,,,
,,,,,,
,,,,,,
,,,,,,
,,,,,,
,,,,,,
,,,,,,
,,,,,,
,,,,,,
,,,,,,
,,,,,,
,,,,,,
,,,,,,
,,,,,,
,,,,,,
,,,,,,
,,,,,,
,,,,,,
,,,,,,
,,,,,,
,,,,,,
,,,,,,
,,,,,,
,,,,,,
,,,,,,
,,,,,,
,,,,,,
,,,,,,
,,,,,,
,,,,,,
,,,,,,
,,,,,,
,,,,,,
,,,,,,
,,,,,,
,,,,,,
,,,,,,
,,,,,,
,,,,,,
,,,,,,
,,,,,,
,,,,,,
,,,,,,
,,,,,,
,,,,,,
,,,,,,
,,,,,,
,,,,,,
,,,,,,
,,,,,,
,,,,,,
,,,,,,
,,,,,,
,,,,,,
,,,,,,
,,,,,,
,,,,,,
,,,,,,
,,,,,,
,,,,,,
,,,,,,
,,,,,,
,,,,,,
,,,,,,
,,,,,,
,,,,,,
,,,,,,
,,,,,,
,,,,,,
,,,,,,
,,,,,,
,,,,,,
,,,,,,
,,,,,,
,,,,,,
,,,,,,
,,,,,,
,,,,,,
,,,,,,
,,,,,,
,,,,,,
,,,,,,
,,,,,,
,,,,,,
,,,,,,
,,,,,,
,,,,,,
,,,,,,
,,,,,,
,,,,,,
,,,,,,
,,,,,,
,,,,,,
,,,,,,
,,,,,,
,,,,,,
,,,,,,
,,,,,,
,,,,,,
,,,,,,
,,,,,,
,,,,,,
,,,,,,
,,,,,,
,,,,,,
,,,,,,
,,,,,,
,,,,,,
,,,,,,
,,,,,,
,,,,,,
,,,,,,
,,,,,,
,,,,,,
,,,,,,
,,,,,,
,,,,,,
,,,,,,
,,,,,,
,,,,,,
,,,,,,
,,,,,,
,,,,,,
,,,,,,
,,,,,,
,,,,,,
,,,,,,
,,,,,,
,,,,,,
,,,,,,
,,,,,,
,,,,,,
,,,,,,
,,,,,,
,,,,,,
,,,,,,
,,,,,,
,,,,,,
,,,,,,
,,,,,,
,,,,,,
,,,,,,
,,,,,,
,,,,,,
,,,,,,
,,,,,,
,,,,,,
,,,,,,
,,,,,,
,,,,,,
,,,,,,
,,,,,,
,,,,,,
,,,,,,
,,,,,,
,,,,,,
,,,,,,
,,,,,,
,,,,,,
,,,,,,
,,,,,,
,,,,,,
,,,,,,
,,,,,,
,,,,,,
,,,,,,
,,,,,,
,,,,,,
,,,,,,
,,,,,,
,,,,,,
,,,,,,
,,,,,,
,,,,,,
,,,,,,
,,,,,,
,,,,,,
,,,,,,
,,,,,,
,,,,,,
,,,,,,
,,,,,,
,,,,,,
,,,,,,
,,,,,,
,,,,,,
,,,,,,
,,,,,,
,,,,,,
,,,,,,
,,,,,,
,,,,,,
,,,,,,
,,,,,,
,,,,,,
,,,,,,
,,,,,,
,,,,,,
,,,,,,
,,,,,,
,,,,,,
,,,,,,
,,,,,,
,,,,,,
,,,,,,
,,,,,,
,,,,,,
,,,,,,
,,,,,,
,,,,,,
,,,,,,
,,,,,,
,,,,,,
,,,,,,
,,,,,,
,,,,,,
,,,,,,
,,,,,,
,,,,,,
,,,,,,
,,,,,,
,,,,,,
,,,,,,
,,,,,,
,,,,,,
,,,,,,
,,,,,,
,,,,,,
,,,,,,
,,,,,,
,,,,,,
,,,,,,
,,,,,,
,,,,,,
,,,,,,
,,,,,,
,,,,,,
,,,,,,
,,,,,,
,,,,,,
,,,,,,
,,,,,,
,,,,,,
,,,,,,
,,,,,,
,,,,,,
,,,,,,
,,,,,,
,,,,,,
,,,,,,
,,,,,,
,,,,,,
,,,,,,
,,,,,,
,,,,,,
,,,,,,
,,,,,,
,,,,,,
,,,,,,
,,,,,,
,,,,,,
,,,,,,
,,,,,,
,,,,,,
,,,,,,
,,,,,,
,,,,,,
,,,,,,
,,,,,,
,,,,,,
,,,,,,
,,,,,,
,,,,,,
,,,,,,
,,,,,,
,,,,,,
,,,,,,
,,,,,,
,,,,,,
,,,,,,
,,,,,,
,,,,,,
,,,,,,
,,,,,,
,,,,,,
,,,,,,
,,,,,,
,,,,,,
,,,,,,
,,,,,,
,,,,,,
,,,,,,
,,,,,,
,,,,,,
,,,,,,
,,,,,,
,,,,,,
,,,,,,
,,,,,,
,,,,,,
,,,,,,
,,,,,,
,,,,,,
,,,,,,
,,,,,,
,,,,,,
,,,,,,
,,,,,,
,,,,,,
,,,,,,
,,,,,,
,,,,,,
,,,,,,
,,,,,,
,,,,,,
,,,,,,
,,,,,,
,,,,,,
,,,,,,
,,,,,,
,,,,,,
,,,,,,
,,,,,,
,,,,,,
,,,,,,
,,,,,,
,,,,,,
,,,,,,
,,,,,,
,,,,,,
,,,,,,
,,,,,,
,,,,,,
,,,,,,
,,,,,,
,,,,,,
,,,,,,
,,,,,,
,,,,,,
,,,,,,
,,,,,,
,,,,,,
,,,,,,
,,,,,,
,,,,,,
,,,,,,
,,,,,,
,,,,,,
,,,,,,
,,,,,,
,,,,,,
,,,,,,
,,,,,,
,,,,,,
,,,,,,
,,,,,,
,,,,,,
,,,,,,
,,,,,,
,,,,,,
,,,,,,
,,,,,,
,,,,,,
,,,,,,
,,,,,,
,,,,,,
,,,,,,
,,,,,,
,,,,,,
,,,,,,
,,,,,,
,,,,,,
,,,,,,
,,,,,,
,,,,,,
,,,,,,
,,,,,,
,,,,,,
,,,,,,
,,,,,,
,,,,,,
,,,,,,
,,,,,,
,,,,,,
,,,,,,
,,,,,,
,,,,,,
,,,,,,
,,,,,,
,,,,,,
,,,,,,
,,,,,,
,,,,,,
,,,,,,
,,,,,,
,,,,,,
,,,,,,
,,,,,,
,,,,,,
,,,,,,
,,,,,,
,,,,,,
,,,,,,
,,,,,,
,,,,,,
,,,,,,
,,,,,,
,,,,,,
,,,,,,
,,,,,,
,,,,,,
,,,,,,
,,,,,,
,,,,,,
,,,,,,
,,,,,,
,,,,,,
,,,,,,
,,,,,,
,,,,,,
,,,,,,
,,,,,,
,,,,,,
,,,,,,
,,,,,,
,,,,,,
,,,,,,
,,,,,,
,,,,,,
,,,,,,
,,,,,,
,,,,,,
,,,,,,
,,,,,,
,,,,,,
,,,,,,
,,,,,,
,,,,,,
,,,,,,
,,,,,,
,,,,,,
,,,,,,
,,,,,,
,,,,,,
,,,,,,
,,,,,,
,,,,,,
,,,,,,
,,,,,,
,,,,,,
,,,,,,
,,,,,,
,,,,,,
,,,,,,
,,,,,,
,,,,,,
,,,,,,
,,,,,,
,,,,,,
,,,,,,
,,,,,,
,,,,,,
,,,,,,
,,,,,,
,,,,,,
,,,,,,
,,,,,,
,,,,,,
,,,,,,
,,,,,,
,,,,,,
,,,,,,
,,,,,,
,,,,,,
,,,,,,
,,,,,,
,,,,,,
,,,,,,
,,,,,,
,,,,,,
,,,,,,
,,,,,,
,,,,,,
,,,,,,
,,,,,,
,,,,,,
,,,,,,
,,,,,,
,,,,,,
,,,,,,
,,,,,,
,,,,,,
,,,,,,
,,,,,,
,,,,,,
,,,,,,
,,,,,,
,,,,,,
,,,,,,
,,,,,,
,,,,,,
,,,,,,
,,,,,,
,,,,,,
,,,,,,
,,,,,,
,,,,,,
,,,,,,
,,,,,,
,,,,,,
,,,,,,
,,,,,,
,,,,,,
,,,,,,
,,,,,,
,,,,,,
,,,,,,
,,,,,,
,,,,,,
,,,,,,
,,,,,,
,,,,,,
,,,,,,
,,,,,,
,,,,,,
,,,,,,
,,,,,,
,,,,,,
,,,,,,
,,,,,,
,,,,,,
,,,,,,
,,,,,,
,,,,,,
,,,,,,
,,,,,,
,,,,,,
,,,,,,
,,,,,,
,,,,,,
,,,,,,
,,,,,,
,,,,,,
,,,,,,
,,,,,,
,,,,,,
,,,,,,
,,,,,,
,,,,,,
,,,,,,
,,,,,,
,,,,,,
,,,,,,
,,,,,,
,,,,,,
,,,,,,
,,,,,,
,,,,,,
,,,,,,
,,,,,,
,,,,,,
,,,,,,
,,,,,,
,,,,,,
,,,,,,
,,,,,,
,,,,,,
,,,,,,
,,,,,,
,,,,,,
,,,,,,
,,,,,,
,,,,,,
,,,,,,
,,,,,,
,,,,,,
,,,,,,
,,,,,,
,,,,,,
,,,,,,
,,,,,,
,,,,,,
,,,,,,
,,,,,,
,,,,,,
,,,,,,
,,,,,,
,,,,,,
,,,,,,
,,,,,,
,,,,,,
,,,,,,
,,,,,,
,,,,,,
,,,,,,
,,,,,,
,,,,,,
,,,,,,
,,,,,,
,,,,,,
,,,,,,
,,,,,,
,,,,,,
,,,,,,
,,,,,,
,,,,,,
,,,,,,
,,,,,,
,,,,,,
,,,,,,
,,,,,,
,,,,,,
,,,,,,
,,,,,,
,,,,,,
,,,,,,
,,,,,,
,,,,,,
,,,,,,
,,,,,,
,,,,,,
,,,,,,
,,,,,,
,,,,,,
,,,,,,
,,,,,,
,,,,,,
,,,,,,
,,,,,,
,,,,,,
,,,,,,
,,,,,,
,,,,,,
,,,,,,
,,,,,,
,,,,,,
,,,,,,
,,,,,,
,,,,,,
,,,,,,
,,,,,,
,,,,,,
,,,,,,
,,,,,,
,,,,,,
,,,,,,
,,,,,,
,,,,,,
,,,,,,
,,,,,,
,,,,,,
,,,,,,
,,,,,,
,,,,,,
,,,,,,
,,,,,,
,,,,,,
,,,,,,
,,,,,,
,,,,,,
,,,,,,
,,,,,,
,,,,,,
,,,,,,
,,,,,,
,,,,,,
,,,,,,
,,,,,,
,,,,,,
,,,,,,
,,,,,,
,,,,,,
,,,,,,
,,,,,,
,,,,,,
,,,,,,
,,,,,,
,,,,,,
,,,,,,
,,,,,,
,,,,,,
,,,,,,
,,,,,,
,,,,,,
,,,,,,
,,,,,,
,,,,,,
,,,,,,
,,,,,,
,,,,,,
,,,,,,
,,,,,,
,,,,,,
,,,,,,
,,,,,,
,,,,,,
,,,,,,
,,,,,,
,,,,,,
,,,,,,
,,,,,,
,,,,,,
,,,,,,
,,,,,,
,,,,,,
,,,,,,
,,,,,,
,,,,,,
,,,,,,
,,,,,,
,,,,,,
,,,,,,
,,,,,,
,,,,,,
,,,,,,
,,,,,,
,,,,,,
,,,,,,
,,,,,,
,,,,,,
,,,,,,
,,,,,,
,,,,,,
,,,,,,
,,,,,,
,,,,,,
,,,,,,
,,,,,,
,,,,,,
,,,,,,
,,,,,,
,,,,,,
,,,,,,
,,,,,,
,,,,,,
,,,,,,
,,,,,,
,,,,,,
,,,,,,
,,,,,,
,,,,,,
,,,,,,
,,,,,,
,,,,,,
,,,,,,
,,,,,,
,,,,,,
,,,,,,
,,,,,,
,,,,,,
,,,,,,
,,,,,,
,,,,,,
,,,,,,
,,,,,,
,,,,,,
,,,,,,
,,,,,,
,,,,,,
,,,,,,
,,,,,,
,,,,,,
,,,,,,
,,,,,,
,,,,,,
,,,,,,
,,,,,,
,,,,,,
,,,,,,
,,,,,,
,,,,,,
,,,,,,
,,,,,,
,,,,,,
,,,,,,
,,,,,,
,,,,,,
,,,,,,
,,,,,,
,,,,,,
,,,,,,
,,,,,,
,,,,,,
,,,,,,
,,,,,,
,,,,,,
,,,,,,
,,,,,,
,,,,,,
,,,,,,
,,,,,,
,,,,,,
,,,,,,
,,,,,,
,,,,,,
,,,,,,
,,,,,,
,,,,,,
,,,,,,
,,,,,,
,,,,,,
,,,,,,
,,,,,,
,,,,,,
,,,,,,
,,,,,,
,,,,,,
,,,,,,
,,,,,,
,,,,,,
,,,,,,
,,,,,,
,,,,,,
,,,,,,
,,,,,,
,,,,,,
,,,,,,
,,,,,,
,,,,,,
,,,,,,
,,,,,,
,,,,,,
,,,,,,
,,,,,,
,,,,,,
,,,,,,
,,,,,,
,,,,,,
,,,,,,
,,,,,,
,,,,,,
,,,,,,
,,,,,,
,,,,,,
,,,,,,
,,,,,,
,,,,,,
,,,,,,
,,,,,,
,,,,,,
,,,,,,
,,,,,,
,,,,,,
,,,,,,
,,,,,,
,,,,,,
,,,,,,
,,,,,,
,,,,,,
,,,,,,
,,,,,,
,,,,,,
,,,,,,
,,,,,,
,,,,,,
,,,,,,
,,,,,,
,,,,,,
,,,,,,
,,,,,,
,,,,,,
,,,,,,
,,,,,,
,,,,,,
,,,,,,
,,,,,,
,,,,,,
,,,,,,
,,,,,,
,,,,,,
,,,,,,
,,,,,,
,,,,,,
,,,,,,
,,,,,,
,,,,,,
,,,,,,
,,,,,,
,,,,,,
,,,,,,
,,,,,,
,,,,,,
,,,,,,
,,,,,,
,,,,,,
,,,,,,
,,,,,,
,,,,,,
,,,,,,
,,,,,,
,,,,,,
,,,,,,
,,,,,,
,,,,,,
,,,,,,
,,,,,,
,,,,,,
,,,,,,
,,,,,,
,,,,,,
,,,,,,
,,,,,,
,,,,,,
,,,,,,
,,,,,,
,,,,,,
,,,,,,
,,,,,,
,,,,,,
,,,,,,
,,,,,,
,,,,,,
,,,,,,
,,,,,,
,,,,,,
,,,,,,
,,,,,,
,,,,,,
,,,,,,
,,,,,,
,,,,,,
,,,,,,
,,,,,,
,,,,,,
,,,,,,
,,,,,,
,,,,,,
,,,,,,
,,,,,,
,,,,,,
,,,,,,
,,,,,,
,,,,,,
,,,,,,
,,,,,,
,,,,,,
,,,,,,
,,,,,,
,,,,,,
,,,,,,
,,,,,,
,,,,,,
,,,,,,
,,,,,,
,,,,,,
,,,,,,
,,,,,,
,,,,,,
,,,,,,
,,,,,,
,,,,,,
,,,,,,
,,,,,,
,,,,,,
,,,,,,
,,,,,,
,,,,,,
,,,,,,
,,,,,,
,,,,,,
,,,,,,
,,,,,,
,,,,,,
,,,,,,
,,,,,,
,,,,,,
,,,,,,
,,,,,,
,,,,,,
,,,,,,
,,,,,,
,,,,,,
,,,,,,
,,,,,,
,,,,,,
,,,,,,
,,,,,,
,,,,,,
,,,,,,
,,,,,,
,,,,,,
,,,,,,
,,,,,,
,,,,,,
,,,,,,
,,,,,,
,,,,,,
,,,,,,
,,,,,,
,,,,,,
,,,,,,
,,,,,,
,,,,,,
,,,,,,
,,,,,,
,,,,,,
,,,,,,
,,,,,,
,,,,,,
,,,,,,
,,,,,,
,,,,,,
,,,,,,
,,,,,,
,,,,,,
,,,,,,
,,,,,,
,,,,,,
,,,,,,
,,,,,,
,,,,,,
,,,,,,
,,,,,,
,,,,,,
,,,,,,
,,,,,,
,,,,,,
,,,,,,
,,,,,,
,,,,,,
,,,,,,
,,,,,,
,,,,,,
,,,,,,
,,,,,,
,,,,,,
,,,,,,
,,,,,,
,,,,,,
,,,,,,
,,,,,,
,,,,,,
,,,,,,
,,,,,,
,,,,,,
,,,,,,
,,,,,,
,,,,,,
,,,,,,
,,,,,,
,,,,,,
,,,,,,
,,,,,,
,,,,,,
,,,,,,
,,,,,,
,,,,,,
,,,,,,
,,,,,,
,,,,,,
,,,,,,
,,,,,,
,,,,,,
,,,,,,
,,,,,,
,,,,,,
,,,,,,
,,,,,,
,,,,,,
,,,,,,
,,,,,,
,,,,,,
,,,,,,
,,,,,,
,,,,,,
,,,,,,
,,,,,,
,,,,,,
,,,,,,
,,,,,,
,,,,,,
,,,,,,
,,,,,,
,,,,,,
,,,,,,
,,,,,,
,,,,,,
,,,,,,
,,,,,,
,,,,,,
,,,,,,
,,,,,,
,,,,,,
,,,,,,
,,,,,,
,,,,,,
,,,,,,
,,,,,,
,,,,,,
,,,,,,
,,,,,,
,,,,,,
,,,,,,
,,,,,,
,,,,,,
,,,,,,
,,,,,,
,,,,,,
,,,,,,
,,,,,,
,,,,,,
,,,,,,
,,,,,,
,,,,,,
,,,,,,
,,,,,,
,,,,,,
,,,,,,
,,,,,,
,,,,,,
,,,,,,
,,,,,,
,,,,,,
,,,,,,
,,,,,,
,,,,,,
,,,,,,
,,,,,,
,,,,,,
,,,,,,
,,,,,,
,,,,,,
,,,,,,
,,,,,,
,,,,,,
,,,,,,
,,,,,,
,,,,,,
,,,,,,
,,,,,,
,,,,,,
,,,,,,
,,,,,,
,,,,,,
,,,,,,
,,,,,,
,,,,,,
,,,,,,
,,,,,,
,,,,,,
,,,,,,
,,,,,,
,,,,,,
,,,,,,
,,,,,,
,,,,,,
,,,,,,
,,,,,,
,,,,,,
,,,,,,
,,,,,,
,,,,,,
,,,,,,
,,,,,,
,,,,,,
,,,,,,
,,,,,,
,,,,,,
,,,,,,
,,,,,,
,,,,,,
,,,,,,
,,,,,,
,,,,,,
,,,,,,
,,,,,,
,,,,,,
,,,,,,
,,,,,,
,,,,,,
,,,,,,
,,,,,,
,,,,,,
,,,,,,
,,,,,,
,,,,,,
,,,,,,
,,,,,,
,,,,,,
,,,,,,
,,,,,,
,,,,,,
,,,,,,
,,,,,,
,,,,,,
,,,,,,
,,,,,,
,,,,,,
,,,,,,
,,,,,,
,,,,,,
,,,,,,
,,,,,,
,,,,,,
,,,,,,
,,,,,,
,,,,,,
,,,,,,
,,,,,,
,,,,,,
,,,,,,
,,,,,,
,,,,,,
,,,,,,
,,,,,,
,,,,,,
,,,,,,
,,,,,,
,,,,,,
,,,,,,
,,,,,,
,,,,,,
,,,,,,
,,,,,,
,,,,,,
,,,,,,
,,,,,,
,,,,,,
,,,,,,
,,,,,,
,,,,,,
,,,,,,
,,,,,,
,,,,,,
,,,,,,
,,,,,,
,,,,,,
,,,,,,
,,,,,,
,,,,,,
,,,,,,
,,,,,,
,,,,,,
,,,,,,
,,,,,,
,,,,,,
,,,,,,
,,,,,,
,,,,,,
,,,,,,
,,,,,,
,,,,,,
,,,,,,
,,,,,,
,,,,,,
,,,,,,
,,,,,,
,,,,,,
,,,,,,
,,,,,,
,,,,,,
,,,,,,
,,,,,,
,,,,,,
,,,,,,
,,,,,,
,,,,,,
,,,,,,
,,,,,,
,,,,,,
,,,,,,
,,,,,,
,,,,,,
,,,,,,
,,,,,,
,,,,,,
,,,,,,
,,,,,,
,,,,,,
,,,,,,
,,,,,,
,,,,,,
,,,,,,
,,,,,,
,,,,,,
,,,,,,
,,,,,,
,,,,,,
,,,,,,
,,,,,,
,,,,,,
,,,,,,
,,,,,,
,,,,,,
,,,,,,
,,,,,,
,,,,,,
,,,,,,
,,,,,,
,,,,,,
,,,,,,
,,,,,,
,,,,,,
,,,,,,
,,,,,,
,,,,,,
,,,,,,
,,,,,,
,,,,,,
,,,,,,
,,,,,,
,,,,,,
,,,,,,
,,,,,,
,,,,,,
,,,,,,
,,,,,,
,,,,,,
,,,,,,
,,,,,,
,,,,,,
,,,,,,
,,,,,,
,,,,,,
,,,,,,
,,,,,,
,,,,,,
,,,,,,
,,,,,,
,,,,,,
,,,,,,
,,,,,,
,,,,,,
,,,,,,
,,,,,,
,,,,,,
,,,,,,
,,,,,,
,,,,,,
,,,,,,
,,,,,,
,,,,,,
,,,,,,
,,,,,,
,,,,,,
,,,,,,
,,,,,,
,,,,,,
,,,,,,
,,,,,,
,,,,,,
,,,,,,
,,,,,,
,,,,,,
,,,,,,
,,,,,,
,,,,,,
,,,,,,
,,,,,,
,,,,,,
,,,,,,
,,,,,,
,,,,,,
,,,,,,
,,,,,,
,,,,,,
,,,,,,
,,,,,,
,,,,,,
,,,,,,
,,,,,,
,,,,,,
,,,,,,
,,,,,,
,,,,,,
,,,,,,
,,,,,,
,,,,,,
,,,,,,
,,,,,,
,,,,,,
,,,,,,
,,,,,,
,,,,,,
,,,,,,
,,,,,,
,,,,,,
,,,,,,
,,,,,,
,,,,,,
,,,,,,
,,,,,,
,,,,,,
,,,,,,
,,,,,,
,,,,,,
,,,,,,
,,,,,,
,,,,,,
,,,,,,
,,,,,,
,,,,,,
,,,,,,
,,,,,,
,,,,,,
,,,,,,
,,,,,,
,,,,,,
,,,,,,
,,,,,,
,,,,,,
,,,,,,
,,,,,,
,,,,,,
,,,,,,
,,,,,,
,,,,,,
,,,,,,
,,,,,,
,,,,,,
,,,,,,
,,,,,,
,,,,,,
,,,,,,
,,,,,,
,,,,,,
,,,,,,
,,,,,,
,,,,,,
,,,,,,
,,,,,,
,,,,,,
,,,,,,
,,,,,,
,,,,,,
,,,,,,
,,,,,,
,,,,,,
,,,,,,
,,,,,,
,,,,,,
,,,,,,
,,,,,,
,,,,,,
,,,,,,
,,,,,,
,,,,,,
,,,,,,
,,,,,,
,,,,,,
,,,,,,
,,,,,,
,,,,,,
,,,,,,
,,,,,,
,,,,,,
,,,,,,
,,,,,,
,,,,,,
,,,,,,
,,,,,,
,,,,,,
,,,,,,
,,,,,,
,,,,,,
,,,,,,
,,,,,,
,,,,,,
,,,,,,
,,,,,,
,,,,,,
,,,,,,
,,,,,,
,,,,,,
,,,,,,
,,,,,,
,,,,,,
,,,,,,
,,,,,,
,,,,,,
,,,,,,
,,,,,,
,,,,,,
,,,,,,
,,,,,,
,,,,,,
,,,,,,
,,,,,,
,,,,,,
,,,,,,
,,,,,,
,,,,,,
,,,,,,
,,,,,,
,,,,,,
,,,,,,
,,,,,,
,,,,,,
,,,,,,
,,,,,,
,,,,,,
,,,,,,
,,,,,,
,,,,,,
,,,,,,
,,,,,,
,,,,,,
,,,,,,
,,,,,,
,,,,,,
,,,,,,
,,,,,,
,,,,,,
,,,,,,
,,,,,,
,,,,,,
,,,,,,
,,,,,,
,,,,,,
,,,,,,
,,,,,,
,,,,,,
,,,,,,
,,,,,,
,,,,,,
,,,,,,
,,,,,,
,,,,,,
,,,,,,
,,,,,,
,,,,,,
,,,,,,
,,,,,,
,,,,,,
,,,,,,
,,,,,,
,,,,,,
,,,,,,
,,,,,,
,,,,,,
,,,,,,
,,,,,,
,,,,,,
,,,,,,
,,,,,,
,,,,,,
,,,,,,
,,,,,,
,,,,,,
,,,,,,
,,,,,,
,,,,,,
,,,,,,
,,,,,,
,,,,,,
,,,,,,
,,,,,,
,,,,,,
,,,,,,
,,,,,,
,,,,,,
,,,,,,
,,,,,,
,,,,,,
,,,,,,
,,,,,,
,,,,,,
,,,,,,
,,,,,,
,,,,,,
,,,,,,
,,,,,,
,,,,,,
,,,,,,
,,,,,,
,,,,,,
,,,,,,
,,,,,,
,,,,,,
,,,,,,
,,,,,,
,,,,,,
,,,,,,
,,,,,,
,,,,,,
,,,,,,
,,,,,,
,,,,,,
,,,,,,
,,,,,,
,,,,,,
,,,,,,
,,,,,,
,,,,,,
,,,,,,
,,,,,,
,,,,,,
,,,,,,
,,,,,,
,,,,,,
,,,,,,
,,,,,,
,,,,,,
,,,,,,
,,,,,,
,,,,,,
,,,,,,
,,,,,,
,,,,,,
,,,,,,
,,,,,,
,,,,,,
,,,,,,
,,,,,,
,,,,,,
,,,,,,
,,,,,,
,,,,,,
,,,,,,
,,,,,,
,,,,,,
,,,,,,
,,,,,,
,,,,,,
,,,,,,
,,,,,,
,,,,,,
,,,,,,
,,,,,,
,,,,,,
,,,,,,
,,,,,,
,,,,,,
,,,,,,
,,,,,,
,,,,,,
,,,,,,
,,,,,,
,,,,,,
,,,,,,
,,,,,,
,,,,,,
,,,,,,
,,,,,,
,,,,,,
,,,,,,
,,,,,,
,,,,,,
,,,,,,
,,,,,,
,,,,,,
,,,,,,
,,,,,,
,,,,,,
,,,,,,
,,,,,,
,,,,,,
,,,,,,
,,,,,,
,,,,,,
,,,,,,
,,,,,,
,,,,,,
,,,,,,
,,,,,,
,,,,,,
,,,,,,
,,,,,,
,,,,,,
,,,,,,
,,,,,,
,,,,,,
,,,,,,
,,,,,,
,,,,,,
,,,,,,
,,,,,,
,,,,,,
,,,,,,
,,,,,,
,,,,,,
,,,,,,
,,,,,,
,,,,,,
,,,,,,
,,,,,,
,,,,,,
,,,,,,
,,,,,,
,,,,,,
,,,,,,
,,,,,,
,,,,,,
,,,,,,
,,,,,,
,,,,,,
,,,,,,
,,,,,,
,,,,,,
,,,,,,
,,,,,,
,,,,,,
,,,,,,
,,,,,,
,,,,,,
,,,,,,
,,,,,,
,,,,,,
,,,,,,
,,,,,,
,,,,,,
,,,,,,
,,,,,,
,,,,,,
,,,,,,
,,,,,,
,,,,,,
,,,,,,
,,,,,,
,,,,,,
,,,,,,
,,,,,,
,,,,,,
,,,,,,
,,,,,,
,,,,,,
,,,,,,
,,,,,,
,,,,,,
,,,,,,
,,,,,,
,,,,,,
,,,,,,
,,,,,,
,,,,,,
,,,,,,
,,,,,,
,,,,,,
,,,,,,
,,,,,,
,,,,,,
,,,,,,
,,,,,,
,,,,,,
,,,,,,
,,,,,,
,,,,,,
,,,,,,
,,,,,,
,,,,,,
,,,,,,
,,,,,,
,,,,,,
,,,,,,
,,,,,,
,,,,,,
,,,,,,
,,,,,,
,,,,,,
,,,,,,
,,,,,,
,,,,,,
,,,,,,
,,,,,,
,,,,,,
,,,,,,
,,,,,,
,,,,,,
,,,,,,
,,,,,,
,,,,,,
,,,,,,
,,,,,,
,,,,,,
,,,,,,
,,,,,,
,,,,,,
,,,,,,
,,,,,,
,,,,,,
,,,,,,
,,,,,,
,,,,,,
,,,,,,
,,,,,,
,,,,,,
,,,,,,
,,,,,,
,,,,,,
,,,,,,
,,,,,,
,,,,,,
,,,,,,
,,,,,,
,,,,,,
,,,,,,
,,,,,,
,,,,,,
,,,,,,
,,,,,,
,,,,,,
,,,,,,
,,,,,,
,,,,,,
,,,,,,
,,,,,,
,,,,,,
,,,,,,
,,,,,,
,,,,,,
,,,,,,
,,,,,,
,,,,,,
,,,,,,
,,,,,,
,,,,,,
,,,,,,
,,,,,,
,,,,,,
,,,,,,
,,,,,,
,,,,,,
,,,,,,
,,,,,,
,,,,,,
,,,,,,
,,,,,,
,,,,,,
,,,,,,
,,,,,,
,,,,,,
,,,,,,
,,,,,,
,,,,,,
,,,,,,
,,,,,,
,,,,,,
,,,,,,
,,,,,,
,,,,,,
,,,,,,
,,,,,,
,,,,,,
,,,,,,
,,,,,,
,,,,,,
,,,,,,
,,,,,,
,,,,,,
,,,,,,
,,,,,,
,,,,,,
,,,,,,
,,,,,,
,,,,,,
,,,,,,
,,,,,,
,,,,,,
,,,,,,
,,,,,,
,,,,,,
,,,,,,
,,,,,,
,,,,,,
,,,,,,
,,,,,,
,,,,,,
,,,,,,
,,,,,,
,,,,,,
,,,,,,
,,,,,,
,,,,,,
,,,,,,
,,,,,,
,,,,,,
,,,,,,
,,,,,,
,,,,,,
,,,,,,
,,,,,,
,,,,,,
,,,,,,
,,,,,,
,,,,,,
,,,,,,
,,,,,,
,,,,,,
,,,,,,
,,,,,,
,,,,,,
,,,,,,
,,,,,,
,,,,,,
,,,,,,
,,,,,,
,,,,,,
,,,,,,
,,,,,,
,,,,,,
,,,,,,
,,,,,,
,,,,,,
,,,,,,
,,,,,,
,,,,,,
,,,,,,
,,,,,,
,,,,,,
,,,,,,
,,,,,,
,,,,,,
,,,,,,
,,,,,,
,,,,,,
,,,,,,
,,,,,,
,,,,,,
,,,,,,
,,,,,,
,,,,,,
,,,,,,
,,,,,,
,,,,,,
,,,,,,
,,,,,,
,,,,,,
,,,,,,
,,,,,,
,,,,,,
,,,,,,
,,,,,,
,,,,,,
,,,,,,
,,,,,,
,,,,,,
,,,,,,
,,,,,,
,,,,,,
,,,,,,
,,,,,,
,,,,,,
,,,,,,
,,,,,,
,,,,,,
,,,,,,
,,,,,,
,,,,,,
,,,,,,
,,,,,,
,,,,,,
,,,,,,
,,,,,,
,,,,,,
,,,,,,
,,,,,,
,,,,,,
,,,,,,
,,,,,,
,,,,,,
,,,,,,
,,,,,,
,,,,,,
,,,,,,
,,,,,,
,,,,,,
,,,,,,
,,,,,,
,,,,,,
,,,,,,
,,,,,,
,,,,,,
,,,,,,
,,,,,,
,,,,,,
,,,,,,
,,,,,,
,,,,,,
,,,,,,
,,,,,,
,,,,,,
,,,,,,
,,,,,,
,,,,,,
,,,,,,
,,,,,,
,,,,,,
,,,,,,
,,,,,,
,,,,,,
,,,,,,
,,,,,,
,,,,,,
,,,,,,
,,,,,,
,,,,,,
,,,,,,
,,,,,,
,,,,,,
,,,,,,
,,,,,,
,,,,,,
,,,,,,
,,,,,,
,,,,,,
,,,,,,
,,,,,,
,,,,,,
,,,,,,
,,,,,,
,,,,,,
,,,,,,
,,,,,,
,,,,,,
,,,,,,
,,,,,,
,,,,,,
,,,,,,
,,,,,,
,,,,,,
,,,,,,
,,,,,,
,,,,,,
,,,,,,
,,,,,,
,,,,,,
,,,,,,
,,,,,,
,,,,,,
,,,,,,
,,,,,,
,,,,,,
,,,,,,
,,,,,,
,,,,,,
,,,,,,
,,,,,,
,,,,,,
,,,,,,
,,,,,,
,,,,,,
,,,,,,
,,,,,,
,,,,,,
,,,,,,
,,,,,,
,,,,,,
,,,,,,
,,,,,,
,,,,,,
,,,,,,
,,,,,,
,,,,,,
,,,,,,
,,,,,,
,,,,,,
,,,,,,
,,,,,,
,,,,,,
,,,,,,
,,,,,,
,,,,,,
,,,,,,
,,,,,,
,,,,,,
,,,,,,
,,,,,,
,,,,,,
,,,,,,
,,,,,,
,,,,,,
,,,,,,
,,,,,,
,,,,,,
,,,,,,
,,,,,,
,,,,,,
,,,,,,
,,,,,,
,,,,,,
,,,,,,
,,,,,,
,,,,,,
,,,,,,
,,,,,,
,,,,,,
,,,,,,
,,,,,,
,,,,,,
,,,,,,
,,,,,,
,,,,,,
,,,,,,
,,,,,,
,,,,,,
,,,,,,
,,,,,,
,,,,,,
,,,,,,
,,,,,,
,,,,,,
,,,,,,
,,,,,,
,,,,,,
,,,,,,
,,,,,,
,,,,,,
,,,,,,
,,,,,,
,,,,,,
,,,,,,
,,,,,,
,,,,,,
,,,,,,
,,,,,,
,,,,,,
,,,,,,
,,,,,,
,,,,,,
,,,,,,
,,,,,,
,,,,,,
,,,,,,
,,,,,,
,,,,,,
,,,,,,
,,,,,,
,,,,,,
,,,,,,
,,,,,,
,,,,,,
,,,,,,
,,,,,,
,,,,,,
,,,,,,
,,,,,,
,,,,,,
,,,,,,
,,,,,,
,,,,,,
,,,,,,
,,,,,,
,,,,,,
,,,,,,
,,,,,,
,,,,,,
,,,,,,
,,,,,,
,,,,,,
,,,,,,
,,,,,,
,,,,,,
,,,,,,
,,,,,,
,,,,,,
,,,,,,
,,,,,,
,,,,,,
,,,,,,
,,,,,,
,,,,,,
,,,,,,
,,,,,,
,,,,,,
,,,,,,
,,,,,,
,,,,,,
,,,,,,
,,,,,,
,,,,,,
,,,,,,
,,,,,,
,,,,,,
,,,,,,
,,,,,,
,,,,,,
,,,,,,
,,,,,,
,,,,,,
,,,,,,
,,,,,,
,,,,,,
,,,,,,
,,,,,,
,,,,,,
,,,,,,
,,,,,,
,,,,,,
,,,,,,
,,,,,,
,,,,,,
,,,,,,
,,,,,,
,,,,,,
,,,,,,
,,,,,,
,,,,,,
,,,,,,
,,,,,,
,,,,,,
,,,,,,
,,,,,,
,,,,,,
,,,,,,
,,,,,,
,,,,,,
,,,,,,
,,,,,,
,,,,,,
,,,,,,
,,,,,,
,,,,,,
,,,,,,
,,,,,,
,,,,,,
,,,,,,
,,,,,,
,,,,,,
,,,,,,
,,,,,,
,,,,,,
,,,,,,
,,,,,,
,,,,,,
,,,,,,
,,,,,,
,,,,,,
,,,,,,
,,,,,,
,,,,,,
,,,,,,
,,,,,,
,,,,,,
,,,,,,
,,,,,,
,,,,,,
,,,,,,
,,,,,,
,,,,,,
,,,,,,
,,,,,,
,,,,,,
,,,,,,
,,,,,,
,,,,,,
,,,,,,
,,,,,,
,,,,,,
,,,,,,
,,,,,,
,,,,,,
,,,,,,
,,,,,,
,,,,,,
,,,,,,
,,,,,,
,,,,,,
,,,,,,
,,,,,,
,,,,,,
,,,,,,
,,,,,,
,,,,,,
,,,,,,
,,,,,,
,,,,,,
,,,,,,
,,,,,,
,,,,,,
,,,,,,
,,,,,,
,,,,,,
,,,,,,
,,,,,,
,,,,,,
,,,,,,
,,,,,,
,,,,,,
,,,,,,
,,,,,,
,,,,,,
,,,,,,
,,,,,,
,,,,,,
,,,,,,
,,,,,,
,,,,,,
,,,,,,
,,,,,,
,,,,,,
,,,,,,
,,,,,,
,,,,,,
,,,,,,
,,,,,,
,,,,,,
,,,,,,
,,,,,,
,,,,,,
,,,,,,
,,,,,,
,,,,,,
,,,,,,
,,,,,,
,,,,,,
,,,,,,
,,,,,,
,,,,,,
,,,,,,
,,,,,,
,,,,,,
,,,,,,
,,,,,,
,,,,,,
,,,,,,
,,,,,,
,,,,,,
,,,,,,
,,,,,,
,,,,,,
,,,,,,
,,,,,,
,,,,,,
,,,,,,
,,,,,,
,,,,,,
,,,,,,
,,,,,,
,,,,,,
,,,,,,
,,,,,,
,,,,,,
,,,,,,
,,,,,,
,,,,,,
,,,,,,
,,,,,,
,,,,,,
,,,,,,
,,,,,,
,,,,,,
,,,,,,
,,,,,,
,,,,,,
,,,,,,
,,,,,,
,,,,,,
,,,,,,
,,,,,,
,,,,,,
,,,,,,
,,,,,,
,,,,,,
,,,,,,
,,,,,,
,,,,,,
,,,,,,
,,,,,,
,,,,,,
,,,,,,
,,,,,,
,,,,,,
,,,,,,
,,,,,,
,,,,,,
,,,,,,
,,,,,,
,,,,,,
,,,,,,
,,,,,,
,,,,,,
,,,,,,
,,,,,,
,,,,,,
,,,,,,
,,,,,,
,,,,,,
,,,,,,
,,,,,,
,,,,,,
,,,,,,
,,,,,,
,,,,,,
,,,,,,
,,,,,,
,,,,,,
,,,,,,
,,,,,,
,,,,,,
,,,,,,
,,,,,,
,,,,,,
,,,,,,
,,,,,,
,,,,,,
,,,,,,
,,,,,,
,,,,,,
,,,,,,
,,,,,,
,,,,,,
,,,,,,
,,,,,,
,,,,,,
,,,,,,
,,,,,,
,,,,,,
,,,,,,
,,,,,,
,,,,,,
,,,,,,
,,,,,,
,,,,,,
,,,,,,
,,,,,,
,,,,,,
,,,,,,
,,,,,,
,,,,,,
,,,,,,
,,,,,,
,,,,,,
,,,,,,
,,,,,,
,,,,,,
,,,,,,
,,,,,,
,,,,,,
,,,,,,
,,,,,,
,,,,,,
,,,,,,
,,,,,,
,,,,,,
,,,,,,
,,,,,,
,,,,,,
,,,,,,
,,,,,,
,,,,,,
,,,,,,
,,,,,,
,,,,,,
,,,,,,
,,,,,,
,,,,,,
,,,,,,
,,,,,,
,,,,,,
,,,,,,
,,,,,,
,,,,,,
,,,,,,
,,,,,,
,,,,,,
,,,,,,
,,,,,,
,,,,,,
,,,,,,
,,,,,,
,,,,,,
,,,,,,
,,,,,,
,,,,,,
,,,,,,
,,,,,,
,,,,,,
,,,,,,
,,,,,,
,,,,,,
,,,,,,
,,,,,,
,,,,,,
,,,,,,
,,,,,,
,,,,,,
,,,,,,
,,,,,,
,,,,,,
,,,,,,
,,,,,,
,,,,,,
,,,,,,
,,,,,,
,,,,,,
,,,,,,
,,,,,,
,,,,,,
,,,,,,
,,,,,,
,,,,,,
,,,,,,
,,,,,,
,,,,,,
,,,,,,
,,,,,,
,,,,,,
,,,,,,
,,,,,,
,,,,,,
,,,,,,
,,,,,,
,,,,,,
,,,,,,
,,,,,,
,,,,,,
,,,,,,
,,,,,,
,,,,,,
,,,,,,
,,,,,,
,,,,,,
,,,,,,
,,,,,,
,,,,,,
,,,,,,
,,,,,,
,,,,,,
,,,,,,
,,,,,,
,,,,,,
,,,,,,
,,,,,,
,,,,,,
,,,,,,
,,,,,,
,,,,,,
,,,,,,
,,,,,,
,,,,,,
,,,,,,
,,,,,,
,,,,,,
,,,,,,
,,,,,,
,,,,,,
,,,,,,
,,,,,,
,,,,,,
,,,,,,
,,,,,,
,,,,,,
,,,,,,
,,,,,,
,,,,,,
,,,,,,
,,,,,,
,,,,,,
,,,,,,
,,,,,,
,,,,,,
,,,,,,
,,,,,,
,,,,,,
,,,,,,
,,,,,,
,,,,,,
,,,,,,
,,,,,,
,,,,,,
,,,,,,
,,,,,,
,,,,,,
,,,,,,
,,,,,,
,,,,,,
,,,,,,
,,,,,,
,,,,,,
,,,,,,
,,,,,,
,,,,,,
,,,,,,
,,,,,,
,,,,,,
,,,,,,
,,,,,,
,,,,,,
,,,,,,
,,,,,,
,,,,,,
,,,,,,
,,,,,,
,,,,,,
,,,,,,
,,,,,,
,,,,,,
,,,,,,
,,,,,,
,,,,,,
,,,,,,
,,,,,,
,,,,,,
,,,,,,
,,,,,,
,,,,,,
,,,,,,
,,,,,,
,,,,,,
,,,,,,
,,,,,,
,,,,,,
,,,,,,
,,,,,,
,,,,,,
,,,,,,
,,,,,,
,,,,,,
,,,,,,
,,,,,,
,,,,,,
,,,,,,
,,,,,,
,,,,,,
,,,,,,
,,,,,,
,,,,,,
,,,,,,
,,,,,,
,,,,,,
,,,,,,
,,,,,,
,,,,,,
,,,,,,
,,,,,,
,,,,,,
,,,,,,
,,,,,,
,,,,,,
,,,,,,
,,,,,,
,,,,,,
,,,,,,
,,,,,,
,,,,,,
,,,,,,
,,,,,,
,,,,,,
,,,,,,
,,,,,,
,,,,,,
,,,,,,
,,,,,,
,,,,,,
,,,,,,
,,,,,,
,,,,,,
,,,,,,
,,,,,,
,,,,,,
,,,,,,
,,,,,,
,,,,,,
,,,,,,
,,,,,,
,,,,,,
,,,,,,
,,,,,,
,,,,,,
,,,,,,
,,,,,,
,,,,,,
,,,,,,
,,,,,,
,,,,,,
,,,,,,
,,,,,,
,,,,,,
,,,,,,
,,,,,,
,,,,,,
,,,,,,
,,,,,,
,,,,,,
,,,,,,
,,,,,,
,,,,,,
,,,,,,
,,,,,,
,,,,,,
,,,,,,
,,,,,,
,,,,,,
,,,,,,
,,,,,,
,,,,,,
,,,,,,
,,,,,,
,,,,,,
,,,,,,
,,,,,,
,,,,,,
,,,,,,
,,,,,,
,,,,,,
,,,,,,
,,,,,,
,,,,,,
,,,,,,
,,,,,,
,,,,,,
,,,,,,
,,,,,,
,,,,,,
,,,,,,
,,,,,,
,,,,,,
,,,,,,
,,,,,,
,,,,,,
,,,,,,
,,,,,,
,,,,,,
,,,,,,
,,,,,,
,,,,,,
,,,,,,
,,,,,,
,,,,,,
,,,,,,
,,,,,,
,,,,,,
,,,,,,
,,,,,,
,,,,,,
,,,,,,
,,,,,,
,,,,,,
,,,,,,
,,,,,,
,,,,,,
,,,,,,
,,,,,,
,,,,,,
,,,,,,
,,,,,,
,,,,,,
,,,,,,
,,,,,,
,,,,,,
,,,,,,
,,,,,,
,,,,,,
,,,,,,
,,,,,,
,,,,,,
,,,,,,
,,,,,,
,,,,,,
,,,,,,
,,,,,,
,,,,,,
,,,,,,
,,,,,,
,,,,,,
,,,,,,
,,,,,,
,,,,,,
,,,,,,
,,,,,,
,,,,,,
,,,,,,
,,,,,,
,,,,,,
,,,,,,
,,,,,,
,,,,,,
,,,,,,
,,,,,,
,,,,,,
,,,,,,
,,,,,,
,,,,,,
,,,,,,
,,,,,,
,,,,,,
,,,,,,
,,,,,,
,,,,,,
,,,,,,
,,,,,,
,,,,,,
,,,,,,
,,,,,,
,,,,,,
,,,,,,
,,,,,,
,,,,,,
,,,,,,
,,,,,,
,,,,,,
,,,,,,
,,,,,,
,,,,,,
,,,,,,
,,,,,,
,,,,,,
,,,,,,
,,,,,,
,,,,,,
,,,,,,
,,,,,,
,,,,,,
,,,,,,
,,,,,,
,,,,,,
,,,,,,
,,,,,,
,,,,,,
,,,,,,
,,,,,,
,,,,,,
,,,,,,
,,,,,,
,,,,,,
,,,,,,
,,,,,,
,,,,,,
,,,,,,
,,,,,,
,,,,,,
,,,,,,
,,,,,,
,,,,,,
,,,,,,
,,,,,,
,,,,,,
,,,,,,
,,,,,,
,,,,,,
,,,,,,
,,,,,,
,,,,,,
,,,,,,
,,,,,,
,,,,,,
,,,,,,
,,,,,,
,,,,,,
,,,,,,
,,,,,,
,,,,,,
,,,,,,
,,,,,,
,,,,,,
,,,,,,
,,,,,,
,,,,,,
,,,,,,
,,,,,,
,,,,,,
,,,,,,
,,,,,,
,,,,,,
,,,,,,
,,,,,,
,,,,,,
,,,,,,
,,,,,,
,,,,,,
,,,,,,
,,,,,,
,,,,,,
,,,,,,
,,,,,,
,,,,,,
,,,,,,
,,,,,,
,,,,,,
,,,,,,
,,,,,,
,,,,,,
,,,,,,
,,,,,,
,,,,,,
,,,,,,
,,,,,,
,,,,,,
,,,,,,
,,,,,,
,,,,,,
,,,,,,
,,,,,,
,,,,,,
,,,,,,
,,,,,,
,,,,,,
,,,,,,
,,,,,,
,,,,,,
,,,,,,
,,,,,,
,,,,,,
,,,,,,
,,,,,,
,,,,,,
,,,,,,
,,,,,,
,,,,,,
,,,,,,
,,,,,,
,,,,,,
,,,,,,
,,,,,,
,,,,,,
,,,,,,
,,,,,,
,,,,,,
,,,,,,
,,,,,,
,,,,,,
,,,,,,
,,,,,,
,,,,,,
,,,,,,
,,,,,,
,,,,,,
,,,,,,
,,,,,,
,,,,,,
,,,,,,
,,,,,,
,,,,,,
,,,,,,
,,,,,,
,,,,,,
,,,,,,
,,,,,,
,,,,,,
,,,,,,
,,,,,,
,,,,,,
,,,,,,
,,,,,,
,,,,,,
,,,,,,
,,,,,,
,,,,,,
,,,,,,
,,,,,,
,,,,,,
,,,,,,
,,,,,,
,,,,,,
,,,,,,
,,,,,,
,,,,,,
,,,,,,
,,,,,,
,,,,,,
,,,,,,
,,,,,,
,,,,,,
,,,,,,
,,,,,,
,,,,,,
,,,,,,
,,,,,,
,,,,,,
,,,,,,
,,,,,,
,,,,,,
,,,,,,
,,,,,,
,,,,,,
,,,,,,
,,,,,,
,,,,,,
,,,,,,
,,,,,,
,,,,,,
,,,,,,
,,,,,,
,,,,,,
,,,,,,
,,,,,,
,,,,,,
,,,,,,
,,,,,,
,,,,,,
,,,,,,
,,,,,,
,,,,,,
,,,,,,
,,,,,,
,,,,,,
,,,,,,
,,,,,,
,,,,,,
,,,,,,
,,,,,,
,,,,,,
,,,,,,
,,,,,,
,,,,,,
,,,,,,
,,,,,,
,,,,,,
,,,,,,
,,,,,,
,,,,,,
,,,,,,
,,,,,,
,,,,,,
,,,,,,
,,,,,,
,,,,,,
,,,,,,
,,,,,,
,,,,,,
,,,,,,
,,,,,,
,,,,,,
,,,,,,
,,,,,,
,,,,,,
,,,,,,
,,,,,,
,,,,,,
,,,,,,
,,,,,,
,,,,,,
,,,,,,
,,,,,,
,,,,,,
,,,,,,
,,,,,,
,,,,,,
,,,,,,
,,,,,,
,,,,,,
,,,,,,
,,,,,,
,,,,,,
,,,,,,
,,,,,,
,,,,,,
,,,,,,
,,,,,,
,,,,,,
,,,,,,
,,,,,,
,,,,,,
,,,,,,
,,,,,,
,,,,,,
,,,,,,
,,,,,,
,,,,,,
,,,,,,
,,,,,,
,,,,,,
,,,,,,
,,,,,,
,,,,,,
,,,,,,
,,,,,,
,,,,,,
,,,,,,
,,,,,,
,,,,,,
,,,,,,
,,,,,,
,,,,,,
,,,,,,
,,,,,,
,,,,,,
,,,,,,
,,,,,,
,,,,,,
,,,,,,
,,,,,,
,,,,,,
,,,,,,
,,,,,,
,,,,,,
,,,,,,
,,,,,,
,,,,,,
,,,,,,
,,,,,,
,,,,,,
,,,,,,
,,,,,,
,,,,,,
,,,,,,
,,,,,,
,,,,,,
,,,,,,
,,,,,,
,,,,,,
,,,,,,
,,,,,,
,,,,,,
,,,,,,
,,,,,,
,,,,,,
,,,,,,
,,,,,,
,,,,,,
,,,,,,
,,,,,,
,,,,,,
,,,,,,
,,,,,,
,,,,,,
,,,,,,
,,,,,,
,,,,,,
,,,,,,
,,,,,,
,,,,,,
,,,,,,
,,,,,,
,,,,,,
,,,,,,
,,,,,,
,,,,,,
,,,,,,
,,,,,,
,,,,,,
,,,,,,
,,,,,,
,,,,,,
,,,,,,
,,,,,,
,,,,,,
,,,,,,
,,,,,,
,,,,,,
,,,,,,
,,,,,,
,,,,,,
,,,,,,
,,,,,,
,,,,,,
,,,,,,
,,,,,,
,,,,,,
,,,,,,
,,,,,,
,,,,,,
,,,,,,
,,,,,,
,,,,,,
,,,,,,
,,,,,,
,,,,,,
,,,,,,
,,,,,,
,,,,,,
,,,,,,
,,,,,,
,,,,,,
,,,,,,
,,,,,,
,,,,,,
,,,,,,
,,,,,,
,,,,,,
,,,,,,
,,,,,,
,,,,,,
,,,,,,
,,,,,,
,,,,,,
,,,,,,
,,,,,,
,,,,,,
,,,,,,
,,,,,,
,,,,,,
,,,,,,
,,,,,,
,,,,,,
,,,,,,
,,,,,,
,,,,,,
,,,,,,
,,,,,,
,,,,,,
,,,,,,
,,,,,,
,,,,,,
,,,,,,
,,,,,,
,,,,,,
,,,,,,
,,,,,,
,,,,,,
,,,,,,
,,,,,,
,,,,,,
,,,,,,
,,,,,,
,,,,,,
,,,,,,
,,,,,,
,,,,,,
,,,,,,
,,,,,,
,,,,,,
,,,,,,
,,,,,,
,,,,,,
,,,,,,
,,,,,,
,,,,,,
,,,,,,
,,,,,,
,,,,,,
,,,,,,
,,,,,,
,,,,,,
,,,,,,
,,,,,,
,,,,,,
,,,,,,
,,,,,,
,,,,,,
,,,,,,
,,,,,,
,,,,,,
,,,,,,
,,,,,,
,,,,,,
,,,,,,
,,,,,,
,,,,,,
,,,,,,
,,,,,,
,,,,,,
,,,,,,
,,,,,,
,,,,,,
,,,,,,
,,,,,,
,,,,,,
,,,,,,
,,,,,,
,,,,,,
,,,,,,
,,,,,,
,,,,,,
,,,,,,
,,,,,,
,,,,,,
,,,,,,
,,,,,,
,,,,,,
,,,,,,
,,,,,,
,,,,,,
,,,,,,
,,,,,,
,,,,,,
,,,,,,
,,,,,,
,,,,,,
,,,,,,
,,,,,,
,,,,,,
,,,,,,
,,,,,,
,,,,,,
,,,,,,
,,,,,,
,,,,,,
,,,,,,
,,,,,,
,,,,,,
,,,,,,
,,,,,,
,,,,,,
,,,,,,
,,,,,,
,,,,,,
,,,,,,
,,,,,,
,,,,,,
,,,,,,
,,,,,,
,,,,,,
,,,,,,
,,,,,,
,,,,,,
,,,,,,
,,,,,,
,,,,,,
,,,,,,
,,,,,,
,,,,,,
,,,,,,
,,,,,,
,,,,,,
,,,,,,
,,,,,,
,,,,,,
,,,,,,
,,,,,,
,,,,,,
,,,,,,
,,,,,,
,,,,,,
,,,,,,
,,,,,,
,,,,,,
,,,,,,
,,,,,,
,,,,,,
,,,,,,
,,,,,,
,,,,,,
,,,,,,
,,,,,,
,,,,,,
,,,,,,
,,,,,,
,,,,,,
,,,,,,
,,,,,,
,,,,,,
,,,,,,
,,,,,,
,,,,,,
,,,,,,
,,,,,,
,,,,,,
,,,,,,
,,,,,,
,,,,,,
,,,,,,
,,,,,,
,,,,,,
,,,,,,
,,,,,,
,,,,,,
,,,,,,
,,,,,,
,,,,,,
,,,,,,
,,,,,,
,,,,,,
,,,,,,
,,,,,,
,,,,,,
,,,,,,
,,,,,,
,,,,,,
,,,,,,
,,,,,,
,,,,,,
,,,,,,
,,,,,,
,,,,,,
,,,,,,
,,,,,,
,,,,,,
,,,,,,
,,,,,,
,,,,,,
,,,,,,
,,,,,,
,,,,,,
,,,,,,
,,,,,,
,,,,,,
,,,,,,
,,,,,,
,,,,,,
,,,,,,
,,,,,,
,,,,,,
,,,,,,
,,,,,,
,,,,,,
,,,,,,
,,,,,,
,,,,,,
,,,,,,
,,,,,,
,,,,,,
,,,,,,
,,,,,,
,,,,,,
,,,,,,
,,,,,,
,,,,,,
,,,,,,
,,,,,,
,,,,,,
,,,,,,
,,,,,,
,,,,,,
,,,,,,
,,,,,,
,,,,,,
,,,,,,
,,,,,,
,,,,,,
,,,,,,
,,,,,,
,,,,,,
,,,,,,
,,,,,,
,,,,,,
,,,,,,
,,,,,,
,,,,,,
,,,,,,
,,,,,,
,,,,,,
,,,,,,
,,,,,,
,,,,,,
,,,,,,
,,,,,,
,,,,,,
,,,,,,
,,,,,,
,,,,,,
,,,,,,
,,,,,,
,,,,,,
,,,,,,
,,,,,,
,,,,,,
,,,,,,
,,,,,,
,,,,,,
,,,,,,
,,,,,,
,,,,,,
,,,,,,
,,,,,,
,,,,,,
,,,,,,
,,,,,,
,,,,,,
,,,,,,
,,,,,,
,,,,,,
,,,,,,
,,,,,,
,,,,,,
,,,,,,
,,,,,,
,,,,,,
,,,,,,
,,,,,,
,,,,,,
,,,,,,
,,,,,,
,,,,,,
,,,,,,
,,,,,,
,,,,,,
,,,,,,
,,,,,,
,,,,,,
,,,,,,
,,,,,,
,,,,,,
,,,,,,
,,,,,,
,,,,,,
,,,,,,
,,,,,,
,,,,,,
,,,,,,
,,,,,,
,,,,,,
,,,,,,
,,,,,,
,,,,,,
,,,,,,
,,,,,,
,,,,,,
,,,,,,
,,,,,,
,,,,,,
,,,,,,
,,,,,,
,,,,,,
,,,,,,
,,,,,,
,,,,,,
,,,,,,
,,,,,,
,,,,,,
,,,,,,
,,,,,,
,,,,,,
,,,,,,
,,,,,,
,,,,,,
,,,,,,
,,,,,,
,,,,,,
,,,,,,
,,,,,,
,,,,,,
,,,,,,
,,,,,,
,,,,,,
,,,,,,
,,,,,,
,,,,,,
,,,,,,
,,,,,,
,,,,,,
,,,,,,
,,,,,,
,,,,,,
,,,,,,
,,,,,,
,,,,,,
,,,,,,
,,,,,,
,,,,,,
,,,,,,
,,,,,,
,,,,,,
,,,,,,
,,,,,,
,,,,,,
,,,,,,
,,,,,,
,,,,,,
,,,,,,
,,,,,,
,,,,,,
,,,,,,
,,,,,,
,,,,,,
,,,,,,
,,,,,,
,,,,,,
,,,,,,
,,,,,,
,,,,,,
,,,,,,
,,,,,,
,,,,,,
,,,,,,
,,,,,,
,,,,,,
,,,,,,
,,,,,,
,,,,,,
,,,,,,
,,,,,,
,,,,,,
,,,,,,
,,,,,,
,,,,,,
,,,,,,
,,,,,,
,,,,,,
,,,,,,
,,,,,,
,,,,,,
,,,,,,
,,,,,,
,,,,,,
,,,,,,
,,,,,,
,,,,,,
,,,,,,
,,,,,,
,,,,,,
,,,,,,
,,,,,,
,,,,,,
,,,,,,
,,,,,,
,,,,,,
,,,,,,
,,,,,,
,,,,,,
,,,,,,
,,,,,,
,,,,,,
,,,,,,
,,,,,,
,,,,,,
,,,,,,
,,,,,,
,,,,,,
,,,,,,
,,,,,,
,,,,,,
,,,,,,
,,,,,,
,,,,,,
,,,,,,
,,,,,,
,,,,,,
,,,,,,
,,,,,,
,,,,,,
,,,,,,
,,,,,,
,,,,,,
,,,,,,
,,,,,,
,,,,,,
,,,,,,
,,,,,,
,,,,,,
,,,,,,
,,,,,,
,,,,,,
,,,,,,
,,,,,,
,,,,,,
,,,,,,
,,,,,,
,,,,,,
,,,,,,
,,,,,,
,,,,,,
,,,,,,
,,,,,,
,,,,,,
,,,,,,
,,,,,,
,,,,,,
,,,,,,
,,,,,,
,,,,,,
,,,,,,
,,,,,,
,,,,,,
,,,,,,
,,,,,,
,,,,,,
,,,,,,
,,,,,,
,,,,,,
,,,,,,
,,,,,,
,,,,,,
,,,,,,
,,,,,,
,,,,,,
,,,,,,
,,,,,,
,,,,,,
,,,,,,
,,,,,,
,,,,,,
,,,,,,
,,,,,,
,,,,,,
,,,,,,
,,,,,,
,,,,,,
,,,,,,
,,,,,,
,,,,,,
,,,,,,
,,,,,,
,,,,,,
,,,,,,
,,,,,,
,,,,,,
,,,,,,
,,,,,,
,,,,,,
,,,,,,
,,,,,,
,,,,,,
,,,,,,
,,,,,,
,,,,,,
,,,,,,
,,,,,,
,,,,,,
,,,,,,
,,,,,,
,,,,,,
,,,,,,
,,,,,,
,,,,,,
,,,,,,
,,,,,,
,,,,,,
,,,,,,
,,,,,,
,,,,,,
,,,,,,
,,,,,,
,,,,,,
,,,,,,
,,,,,,
,,,,,,
,,,,,,
,,,,,,
,,,,,,
,,,,,,
,,,,,,
,,,,,,
,,,,,,
,,,,,,
,,,,,,
,,,,,,
,,,,,,
,,,,,,
,,,,,,
,,,,,,
,,,,,,
,,,,,,
,,,,,,
,,,,,,
,,,,,,
,,,,,,
,,,,,,
,,,,,,
,,,,,,
,,,,,,
,,,,,,
,,,,,,
,,,,,,
,,,,,,
,,,,,,
,,,,,,
,,,,,,
,,,,,,
,,,,,,
,,,,,,
,,,,,,
,,,,,,
,,,,,,
,,,,,,
,,,,,,
,,,,,,
,,,,,,
,,,,,,
,,,,,,
,,,,,,
,,,,,,
,,,,,,
,,,,,,
,,,,,,
,,,,,,
,,,,,,
,,,,,,
,,,,,,
,,,,,,
,,,,,,
,,,,,,
,,,,,,
,,,,,,
,,,,,,
,,,,,,
,,,,,,
,,,,,,
,,,,,,
,,,,,,
,,,,,,
,,,,,,
,,,,,,
,,,,,,
,,,,,,
,,,,,,
,,,,,,
,,,,,,
,,,,,,
,,,,,,
,,,,,,
,,,,,,
,,,,,,
,,,,,,
,,,,,,
,,,,,,
,,,,,,
,,,,,,
,,,,,,
,,,,,,
,,,,,,
,,,,,,
,,,,,,
,,,,,,
,,,,,,
,,,,,,
,,,,,,
,,,,,,
,,,,,,
,,,,,,
,,,,,,
,,,,,,
,,,,,,
,,,,,,
,,,,,,
,,,,,,
,,,,,,
,,,,,,
,,,,,,
,,,,,,
,,,,,,
,,,,,,
,,,,,,
,,,,,,
