product_id,product_name,category,sub_category,ProductKey,
OFF-EAT-10000522,"Eaton Computer Printout Paper, Multicolor",Office Supplies,Paper,4381,
OFF-EAT-10000652,"Eaton Computer Printout Paper, 8.5 x 11",Office Supplies,Paper,4382,
OFF-EAT-10000820,"Eaton Message Books, Multicolor",Office Supplies,Paper,4383,
OFF-EAT-10000854,"Eaton Parchment Paper, Recycled",Office Supplies,Paper,4384,
OFF-EAT-10001025,"Eaton Note Cards, Multicolor",Office Supplies,Paper,4385,
OFF-EAT-10001137,"Eaton Parchment Paper, 8.5 x 11",Office Supplies,Paper,4386,
OFF-EAT-10001303,"Eaton Message Books, Premium",Office Supplies,Paper,4387,
OFF-EAT-10001933,"Eaton Cards & Envelopes, Recycled",Office Supplies,Paper,4388,
OFF-EAT-10002068,"Eaton Note Cards, Premium",Office Supplies,Paper,4389,
OFF-EAT-10002122,"Eaton Cards & Envelopes, 8.5 x 11",Office Supplies,Paper,4390,
OFF-EAT-10002122,"Eaton Cards & Envelopes, Premium",Office Supplies,Paper,4391,
OFF-EAT-10002463,"Eaton Computer Printout Paper, Premium",Office Supplies,Paper,4392,
OFF-EAT-10002674,"Eaton Memo Slips, Multicolor",Office Supplies,Paper,4393,
OFF-EAT-10002789,"Eaton Computer Printout Paper, Recycled",Office Supplies,Paper,4394,
OFF-EAT-10003094,"Eaton Memo Slips, Premium",Office Supplies,Paper,4395,
OFF-EAT-10003338,"Eaton Message Books, 8.5 x 11",Office Supplies,Paper,4396,
OFF-EAT-10003405,"Eaton Parchment Paper, Multicolor",Office Supplies,Paper,4397,
OFF-EAT-10003702,"Eaton Note Cards, Premium",Office Supplies,Paper,4398,
OFF-EAT-10004036,"Eaton Parchment Paper, Premium",Office Supplies,Paper,4399,
OFF-EAT-10004051,"Eaton Memo Slips, Recycled",Office Supplies,Paper,4400,
OFF-EAT-10004307,"Eaton Memo Slips, 8.5 x 11",Office Supplies,Paper,4401,
OFF-EAT-10004696,"Eaton Note Cards, 8.5 x 11",Office Supplies,Paper,4402,
OFF-EAT-10004908,"Eaton Message Books, Recycled",Office Supplies,Paper,4403,
OFF-EAT-10004979,"Eaton Cards & Envelopes, Multicolor",Office Supplies,Paper,4404,
OFF-ENE-10000012,"Enermax Computer Printout Paper, Recycled",Office Supplies,Paper,4948,
OFF-ENE-10000199,"Enermax Computer Printout Paper, Multicolor",Office Supplies,Paper,4949,
OFF-ENE-10000516,"Enermax Note Cards, Multicolor",Office Supplies,Paper,4950,
OFF-ENE-10000935,"Enermax Memo Slips, Premium",Office Supplies,Paper,4951,
OFF-ENE-10001117,"Enermax Message Books, 8.5 x 11",Office Supplies,Paper,4952,
OFF-ENE-10001291,"Enermax Computer Printout Paper, Premium",Office Supplies,Paper,4953,
OFF-ENE-10001356,"Enermax Cards & Envelopes, Multicolor",Office Supplies,Paper,4954,
OFF-ENE-10001906,"Enermax Message Books, Recycled",Office Supplies,Paper,4955,
OFF-ENE-10002038,"Enermax Message Books, Premium",Office Supplies,Paper,4956,
OFF-ENE-10002093,"Enermax Message Books, Multicolor",Office Supplies,Paper,4957,
OFF-ENE-10002104,"Enermax Note Cards, Premium",Office Supplies,Paper,4958,
OFF-ENE-10002470,"Enermax Cards & Envelopes, 8.5 x 11",Office Supplies,Paper,4959,
OFF-ENE-10002784,"Enermax Parchment Paper, Multicolor",Office Supplies,Paper,4960,
OFF-ENE-10002833,"Enermax Cards & Envelopes, Premium",Office Supplies,Paper,4961,
OFF-ENE-10002922,"Enermax Note Cards, Premium",Office Supplies,Paper,4962,
OFF-ENE-10003066,"Enermax Memo Slips, Multicolor",Office Supplies,Paper,4963,
OFF-ENE-10003274,"Enermax Memo Slips, 8.5 x 11",Office Supplies,Paper,4964,
OFF-ENE-10003314,"Enermax Parchment Paper, Recycled",Office Supplies,Paper,4965,
OFF-ENE-10003409,"Enermax Memo Slips, Recycled",Office Supplies,Paper,4966,
OFF-ENE-10003549,"Enermax Cards & Envelopes, Recycled",Office Supplies,Paper,4967,
OFF-ENE-10004132,"Enermax Computer Printout Paper, 8.5 x 11",Office Supplies,Paper,4968,
OFF-ENE-10004377,"Enermax Note Cards, 8.5 x 11",Office Supplies,Paper,4969,
OFF-ENE-10004401,"Enermax Parchment Paper, Premium",Office Supplies,Paper,4970,
OFF-ENE-10004866,"Enermax Parchment Paper, 8.5 x 11",Office Supplies,Paper,4971,
OFF-GRE-10000216,"Green Bar Note Cards, Premium",Office Supplies,Paper,5507,
OFF-GRE-10000320,"Green Bar Computer Printout Paper, Premium",Office Supplies,Paper,5508,
OFF-GRE-10000328,"Green Bar Parchment Paper, Premium",Office Supplies,Paper,5509,
OFF-GRE-10000492,"Green Bar Memo Slips, Recycled",Office Supplies,Paper,5510,
OFF-GRE-10001059,"Green Bar Note Cards, 8.5 x 11",Office Supplies,Paper,5511,
OFF-GRE-10001084,"Green Bar Cards & Envelopes, Multicolor",Office Supplies,Paper,5512,
OFF-GRE-10001521,"Green Bar Message Books, Recycled",Office Supplies,Paper,5513,
OFF-GRE-10001774,"Green Bar Note Cards, Premium",Office Supplies,Paper,5514,
OFF-GRE-10001814,"Green Bar Computer Printout Paper, 8.5 x 11",Office Supplies,Paper,5515,
OFF-GRE-10002109,"Green Bar Note Cards, Multicolor",Office Supplies,Paper,5516,
OFF-GRE-10002510,"Green Bar Computer Printout Paper, Recycled",Office Supplies,Paper,5517,
OFF-GRE-10002555,"Green Bar Memo Slips, 8.5 x 11",Office Supplies,Paper,5518,
OFF-GRE-10002561,"Green Bar Message Books, Premium",Office Supplies,Paper,5519,
OFF-GRE-10002738,"Green Bar Cards & Envelopes, Premium",Office Supplies,Paper,5520,
OFF-GRE-10003213,"Green Bar Memo Slips, Premium",Office Supplies,Paper,5521,
OFF-GRE-10003316,"Green Bar Parchment Paper, Recycled",Office Supplies,Paper,5522,
OFF-GRE-10003334,"Green Bar Parchment Paper, 8.5 x 11",Office Supplies,Paper,5523,
OFF-GRE-10003899,"Green Bar Cards & Envelopes, Recycled",Office Supplies,Paper,5524,
OFF-GRE-10003943,"Green Bar Message Books, Multicolor",Office Supplies,Paper,5525,
OFF-GRE-10004054,"Green Bar Memo Slips, Multicolor",Office Supplies,Paper,5526,
OFF-GRE-10004359,"Green Bar Message Books, 8.5 x 11",Office Supplies,Paper,5527,
OFF-GRE-10004604,"Green Bar Cards & Envelopes, 8.5 x 11",Office Supplies,Paper,5528,
OFF-GRE-10004796,"Green Bar Computer Printout Paper, Multicolor",Office Supplies,Paper,5529,
OFF-PA-10000007,"Telephone Message Books with Fax/Mobile Section, 4 1/4"" x 6""",Office Supplies,Paper,6272,
OFF-PA-10000019,Xerox 1931,Office Supplies,Paper,6273,
OFF-PA-10000026,"Eaton Cards & Envelopes, 8.5 x 11",Office Supplies,Paper,6274,
OFF-PA-10000029,Xerox 224,Office Supplies,Paper,6275,
OFF-PA-10000030,"Eaton Parchment Paper, Recycled",Office Supplies,Paper,6276,
OFF-PA-10000032,"SanDisk Note Cards, Premium",Office Supplies,Paper,6277,
OFF-PA-10000034,"Xerox Cards & Envelopes, Multicolor",Office Supplies,Paper,6278,
OFF-PA-10000036,"Green Bar Note Cards, Multicolor",Office Supplies,Paper,6279,
OFF-PA-10000048,"Xerox Memo Slips, Multicolor",Office Supplies,Paper,6280,
OFF-PA-10000048,Xerox 20,Office Supplies,Paper,6281,
OFF-PA-10000061,Xerox 205,Office Supplies,Paper,6282,
OFF-PA-10000062,Green Bar Computer Printout Paper,Office Supplies,Paper,6283,
OFF-PA-10000069,"TOPS 4 x 6 Fluorescent Color Memo Sheets, 500 Sheets per Pack",Office Supplies,Paper,6284,
OFF-PA-10000070,"Eaton Computer Printout Paper, Recycled",Office Supplies,Paper,6285,
OFF-PA-10000081,"SanDisk Computer Printout Paper, Premium",Office Supplies,Paper,6286,
OFF-PA-10000091,"Xerox Message Books, Premium",Office Supplies,Paper,6287,
OFF-PA-10000098,"Xerox Parchment Paper, 8.5 x 11",Office Supplies,Paper,6288,
OFF-PA-10000100,Xerox 1945,Office Supplies,Paper,6289,
OFF-PA-10000108,"Green Bar Parchment Paper, 8.5 x 11",Office Supplies,Paper,6290,
OFF-PA-10000116,"Xerox Parchment Paper, Premium",Office Supplies,Paper,6291,
OFF-PA-10000127,"SanDisk Parchment Paper, Multicolor",Office Supplies,Paper,6292,
OFF-PA-10000130,Xerox 199,Office Supplies,Paper,6293,
OFF-PA-10000141,"Ampad Evidence Wirebond Steno Books, 6"" x 9""",Office Supplies,Paper,6294,
OFF-PA-10000143,Astroparche Fine Business Paper,Office Supplies,Paper,6295,
OFF-PA-10000157,Xerox 191,Office Supplies,Paper,6296,
OFF-PA-10000167,Xerox 1925,Office Supplies,Paper,6297,
OFF-PA-10000174,"Message Book, Wirebound, Four 5 1/2"" X 4"" Forms/Pg., 200 Dupl. Sets/Book",Office Supplies,Paper,6298,
OFF-PA-10000176,Xerox 1887,Office Supplies,Paper,6299,
OFF-PA-10000194,"SanDisk Cards & Envelopes, 8.5 x 11",Office Supplies,Paper,6300,
OFF-PA-10000206,"Green Bar Message Books, Recycled",Office Supplies,Paper,6301,
OFF-PA-10000210,Xerox Blank Computer Paper,Office Supplies,Paper,6302,
OFF-PA-10000213,Xerox 198,Office Supplies,Paper,6303,
OFF-PA-10000215,"Eaton Parchment Paper, Premium",Office Supplies,Paper,6304,
OFF-PA-10000223,Xerox 2000,Office Supplies,Paper,6305,
OFF-PA-10000232,Xerox 1975,Office Supplies,Paper,6306,
OFF-PA-10000241,"IBM Multi-Purpose Copy Paper, 8 1/2 x 11"", Case",Office Supplies,Paper,6307,
OFF-PA-10000246,Riverleaf Stik-Withit Designer Note Cubes,Office Supplies,Paper,6308,
OFF-PA-10000249,Staples,Office Supplies,Paper,6309,
OFF-PA-10000273,"SanDisk Cards & Envelopes, Premium",Office Supplies,Paper,6310,
OFF-PA-10000277,"SanDisk Computer Printout Paper, Premium",Office Supplies,Paper,6311,
OFF-PA-10000289,Xerox 213,Office Supplies,Paper,6312,
OFF-PA-10000295,Xerox 229,Office Supplies,Paper,6313,
OFF-PA-10000300,Xerox 1936,Office Supplies,Paper,6314,
OFF-PA-10000300,"Green Bar Cards & Envelopes, Premium",Office Supplies,Paper,6315,
OFF-PA-10000301,"Enermax Parchment Paper, Premium",Office Supplies,Paper,6316,
OFF-PA-10000302,"Eaton Computer Printout Paper, Multicolor",Office Supplies,Paper,6317,
OFF-PA-10000304,Xerox 1995,Office Supplies,Paper,6318,
OFF-PA-10000308,Xerox 1901,Office Supplies,Paper,6319,
OFF-PA-10000312,Xerox 1955,Office Supplies,Paper,6320,
OFF-PA-10000317,"Xerox Computer Printout Paper, Premium",Office Supplies,Paper,6321,
OFF-PA-10000318,"Green Bar Parchment Paper, 8.5 x 11",Office Supplies,Paper,6322,
OFF-PA-10000318,"Enermax Message Books, Multicolor",Office Supplies,Paper,6323,
OFF-PA-10000320,"Enermax Parchment Paper, Multicolor",Office Supplies,Paper,6324,
OFF-PA-10000327,Xerox 1971,Office Supplies,Paper,6325,
OFF-PA-10000344,"SanDisk Memo Slips, 8.5 x 11",Office Supplies,Paper,6326,
OFF-PA-10000349,Staples,Office Supplies,Paper,6327,
OFF-PA-10000350,"Message Book, Standard Line ""While You Were Out"", 5 1/2"" X 4"", 200 Sets/Book",Office Supplies,Paper,6328,
OFF-PA-10000354,"Xerox Computer Printout Paper, Multicolor",Office Supplies,Paper,6329,
OFF-PA-10000357,"White Dual Perf Computer Printout Paper, 2700 Sheets, 1 Part, Heavyweight, 20 lbs., 14 7/8 x 11",Office Supplies,Paper,6330,
OFF-PA-10000357,Xerox 1888,Office Supplies,Paper,6331,
OFF-PA-10000357,"Eaton Memo Slips, Recycled",Office Supplies,Paper,6332,
OFF-PA-10000362,"Xerox Parchment Paper, Premium",Office Supplies,Paper,6333,
OFF-PA-10000373,"Xerox Cards & Envelopes, 8.5 x 11",Office Supplies,Paper,6334,
OFF-PA-10000380,"REDIFORM Incoming/Outgoing Call Register, 11"" X 8 1/2"", 100 Messages",Office Supplies,Paper,6335,
OFF-PA-10000382,"SanDisk Computer Printout Paper, Multicolor",Office Supplies,Paper,6336,
OFF-PA-10000383,"Green Bar Note Cards, Premium",Office Supplies,Paper,6337,
OFF-PA-10000393,"Xerox Memo Slips, 8.5 x 11",Office Supplies,Paper,6338,
OFF-PA-10000418,Xerox 189,Office Supplies,Paper,6339,
OFF-PA-10000420,"Green Bar Cards & Envelopes, 8.5 x 11",Office Supplies,Paper,6340,
OFF-PA-10000423,"Enermax Computer Printout Paper, Recycled",Office Supplies,Paper,6341,
OFF-PA-10000450,"Green Bar Note Cards, Multicolor",Office Supplies,Paper,6342,
OFF-PA-10000453,"Xerox Cards & Envelopes, 8.5 x 11",Office Supplies,Paper,6343,
OFF-PA-10000466,"Memo Book, 100 Message Capacity, 5 3/8” x 11”",Office Supplies,Paper,6344,
OFF-PA-10000474,Staples,Office Supplies,Paper,6345,
OFF-PA-10000476,"Eaton Computer Printout Paper, Premium",Office Supplies,Paper,6346,
OFF-PA-10000477,Xerox 1952,Office Supplies,Paper,6347,
OFF-PA-10000477,Xerox 22,Office Supplies,Paper,6348,
OFF-PA-10000482,"Snap-A-Way Black Print Carbonless Ruled Speed Letter, Triplicate",Office Supplies,Paper,6349,
OFF-PA-10000483,Xerox 19,Office Supplies,Paper,6350,
OFF-PA-10000501,Petty Cash Envelope,Office Supplies,Paper,6351,
OFF-PA-10000520,Xerox 201,Office Supplies,Paper,6352,
OFF-PA-10000522,"Green Bar Message Books, Multicolor",Office Supplies,Paper,6353,
OFF-PA-10000522,"Xerox Computer Printout Paper, Recycled",Office Supplies,Paper,6354,
OFF-PA-10000527,"Enermax Note Cards, Premium",Office Supplies,Paper,6355,
OFF-PA-10000528,Xerox 1981,Office Supplies,Paper,6356,
OFF-PA-10000533,Southworth Parchment Paper & Envelopes,Office Supplies,Paper,6357,
OFF-PA-10000540,"Enermax Note Cards, Multicolor",Office Supplies,Paper,6358,
OFF-PA-10000551,Array Memo Cubes,Office Supplies,Paper,6359,
OFF-PA-10000552,Xerox 200,Office Supplies,Paper,6360,
OFF-PA-10000556,Xerox 208,Office Supplies,Paper,6361,
OFF-PA-10000562,"Enermax Message Books, Multicolor",Office Supplies,Paper,6362,
OFF-PA-10000562,"Enermax Cards & Envelopes, 8.5 x 11",Office Supplies,Paper,6363,
OFF-PA-10000565,Staples,Office Supplies,Paper,6364,
OFF-PA-10000575,"Wirebound Message Books, Four 2 3/4 x 5 White Forms per Page",Office Supplies,Paper,6365,
OFF-PA-10000579,"Xerox Computer Printout Paper, Recycled",Office Supplies,Paper,6366,
OFF-PA-10000587,"Array Parchment Paper, Assorted Colors",Office Supplies,Paper,6367,
OFF-PA-10000588,"SanDisk Cards & Envelopes, 8.5 x 11",Office Supplies,Paper,6368,
OFF-PA-10000591,"Green Bar Cards & Envelopes, Multicolor",Office Supplies,Paper,6369,
OFF-PA-10000595,Xerox 1929,Office Supplies,Paper,6370,
OFF-PA-10000601,"Eaton Parchment Paper, Premium",Office Supplies,Paper,6371,
OFF-PA-10000605,Xerox 1950,Office Supplies,Paper,6372,
OFF-PA-10000644,"Green Bar Cards & Envelopes, Recycled",Office Supplies,Paper,6373,
OFF-PA-10000655,"Enermax Parchment Paper, Multicolor",Office Supplies,Paper,6374,
OFF-PA-10000659,"TOPS Carbonless Receipt Book, Four 2-3/4 x 7-1/4 Money Receipts per Page",Office Supplies,Paper,6375,
OFF-PA-10000659,"Adams Phone Message Book, Professional, 400 Message Capacity, 5 3/6” x 11”",Office Supplies,Paper,6376,
OFF-PA-10000673,"Post-it “Important Message” Note Pad, Neon Colors, 50 Sheets/Pad",Office Supplies,Paper,6377,
OFF-PA-10000675,Xerox 1919,Office Supplies,Paper,6378,
OFF-PA-10000677,"Green Bar Memo Slips, Premium",Office Supplies,Paper,6379,
OFF-PA-10000682,Xerox 1924,Office Supplies,Paper,6380,
OFF-PA-10000694,"Green Bar Message Books, Premium",Office Supplies,Paper,6381,
OFF-PA-10000697,"TOPS Voice Message Log Book, Flash Format",Office Supplies,Paper,6382,
OFF-PA-10000705,"Eaton Note Cards, Multicolor",Office Supplies,Paper,6383,
OFF-PA-10000721,"Enermax Cards & Envelopes, Recycled",Office Supplies,Paper,6384,
OFF-PA-10000726,"Black Print Carbonless Snap-Off Rapid Letter, 8 1/2"" x 7""",Office Supplies,Paper,6385,
OFF-PA-10000731,"Enermax Parchment Paper, 8.5 x 11",Office Supplies,Paper,6386,
OFF-PA-10000740,Xerox 1982,Office Supplies,Paper,6387,
OFF-PA-10000743,Xerox 1977,Office Supplies,Paper,6388,
OFF-PA-10000745,"Green Bar Memo Slips, Recycled",Office Supplies,Paper,6389,
OFF-PA-10000752,"Xerox Note Cards, Premium",Office Supplies,Paper,6390,
OFF-PA-10000756,"Enermax Computer Printout Paper, Premium",Office Supplies,Paper,6391,
OFF-PA-10000758,"SanDisk Computer Printout Paper, 8.5 x 11",Office Supplies,Paper,6392,
OFF-PA-10000776,"Xerox Cards & Envelopes, Premium",Office Supplies,Paper,6393,
OFF-PA-10000781,"Eaton Message Books, 8.5 x 11",Office Supplies,Paper,6394,
OFF-PA-10000788,Xerox 210,Office Supplies,Paper,6395,
OFF-PA-10000791,"Wirebound Message Books, Four 2 3/4 x 5 Forms per Page, 200 Sets per Book",Office Supplies,Paper,6396,
OFF-PA-10000806,Xerox 1934,Office Supplies,Paper,6397,
OFF-PA-10000807,"TOPS ""Important Message"" Pads, Canary, 4-1/4 x 5-1/2, 50 Sheets per Pad",Office Supplies,Paper,6398,
OFF-PA-10000809,Xerox 206,Office Supplies,Paper,6399,
OFF-PA-10000816,"Enermax Memo Slips, Recycled",Office Supplies,Paper,6400,
OFF-PA-10000824,"Enermax Computer Printout Paper, Multicolor",Office Supplies,Paper,6401,
OFF-PA-10000827,"Enermax Message Books, 8.5 x 11",Office Supplies,Paper,6402,
OFF-PA-10000850,"SanDisk Parchment Paper, Multicolor",Office Supplies,Paper,6403,
OFF-PA-10000859,Unpadded Memo Slips,Office Supplies,Paper,6404,
OFF-PA-10000863,"Enermax Parchment Paper, Recycled",Office Supplies,Paper,6405,
OFF-PA-10000867,"SanDisk Message Books, Multicolor",Office Supplies,Paper,6406,
OFF-PA-10000871,"Enermax Cards & Envelopes, Recycled",Office Supplies,Paper,6407,
OFF-PA-10000872,"Xerox Parchment Paper, Multicolor",Office Supplies,Paper,6408,
OFF-PA-10000876,"Eaton Computer Printout Paper, Multicolor",Office Supplies,Paper,6409,
OFF-PA-10000878,"SanDisk Note Cards, Multicolor",Office Supplies,Paper,6410,
OFF-PA-10000908,"Xerox Note Cards, Premium",Office Supplies,Paper,6411,
OFF-PA-10000915,"Eaton Note Cards, 8.5 x 11",Office Supplies,Paper,6412,
OFF-PA-10000919,Xerox 1918,Office Supplies,Paper,6413,
OFF-PA-10000924,"Green Bar Message Books, Multicolor",Office Supplies,Paper,6414,
OFF-PA-10000935,"SanDisk Computer Printout Paper, Multicolor",Office Supplies,Paper,6415,
OFF-PA-10000944,"Enermax Computer Printout Paper, 8.5 x 11",Office Supplies,Paper,6416,
OFF-PA-10000947,"Eaton Memo Slips, Premium",Office Supplies,Paper,6417,
OFF-PA-10000951,"Enermax Note Cards, Multicolor",Office Supplies,Paper,6418,
OFF-PA-10000955,Southworth 25% Cotton Granite Paper & Envelopes,Office Supplies,Paper,6419,
OFF-PA-10000960,"Xerox Parchment Paper, 8.5 x 11",Office Supplies,Paper,6420,
OFF-PA-10000961,"Green Bar Parchment Paper, Premium",Office Supplies,Paper,6421,
OFF-PA-10000976,"Green Bar Cards & Envelopes, Premium",Office Supplies,Paper,6422,
OFF-PA-10000994,"Enermax Message Books, 8.5 x 11",Office Supplies,Paper,6423,
OFF-PA-10000994,Xerox 1915,Office Supplies,Paper,6424,
OFF-PA-10001001,"Snap-A-Way Black Print Carbonless Speed Message, No Reply Area, Duplicate",Office Supplies,Paper,6425,
OFF-PA-10001004,"Eaton Parchment Paper, 8.5 x 11",Office Supplies,Paper,6426,
OFF-PA-10001006,"Eaton Message Books, Recycled",Office Supplies,Paper,6427,
OFF-PA-10001019,Xerox 1884,Office Supplies,Paper,6428,
OFF-PA-10001033,Xerox 1893,Office Supplies,Paper,6429,
OFF-PA-10001085,"Eaton Computer Printout Paper, Premium",Office Supplies,Paper,6430,
OFF-PA-10001086,"Enermax Cards & Envelopes, Multicolor",Office Supplies,Paper,6431,
OFF-PA-10001091,"Eaton Computer Printout Paper, Recycled",Office Supplies,Paper,6432,
OFF-PA-10001115,"SanDisk Parchment Paper, Multicolor",Office Supplies,Paper,6433,
OFF-PA-10001125,Xerox 1988,Office Supplies,Paper,6434,
OFF-PA-10001142,"Green Bar Note Cards, Multicolor",Office Supplies,Paper,6435,
OFF-PA-10001144,Xerox 1913,Office Supplies,Paper,6436,
OFF-PA-10001164,"Green Bar Message Books, Recycled",Office Supplies,Paper,6437,
OFF-PA-10001166,Xerox 1932,Office Supplies,Paper,6438,
OFF-PA-10001166,Xerox 2,Office Supplies,Paper,6439,
OFF-PA-10001170,"Xerox Cards & Envelopes, Multicolor",Office Supplies,Paper,6440,
OFF-PA-10001178,"Enermax Note Cards, 8.5 x 11",Office Supplies,Paper,6441,
OFF-PA-10001184,Xerox 1903,Office Supplies,Paper,6442,
OFF-PA-10001204,Xerox 1972,Office Supplies,Paper,6443,
OFF-PA-10001212,"Xerox Message Books, Recycled",Office Supplies,Paper,6444,
OFF-PA-10001215,Xerox 1963,Office Supplies,Paper,6445,
OFF-PA-10001223,"SanDisk Cards & Envelopes, Premium",Office Supplies,Paper,6446,
OFF-PA-10001236,"Enermax Message Books, Recycled",Office Supplies,Paper,6447,
OFF-PA-10001243,Xerox 1983,Office Supplies,Paper,6448,
OFF-PA-10001246,Xerox 215,Office Supplies,Paper,6449,
OFF-PA-10001258,"Green Bar Cards & Envelopes, Multicolor",Office Supplies,Paper,6450,
OFF-PA-10001259,"Green Bar Note Cards, 8.5 x 11",Office Supplies,Paper,6451,
OFF-PA-10001260,"TOPS Money Receipt Book, Consecutively Numbered in Red,",Office Supplies,Paper,6452,
OFF-PA-10001274,Loose Memo Sheets,Office Supplies,Paper,6453,
OFF-PA-10001275,"Xerox Note Cards, Multicolor",Office Supplies,Paper,6454,
OFF-PA-10001281,Computer Printout Paper with Letter-Trim Fine Perforations,Office Supplies,Paper,6455,
OFF-PA-10001283,"Green Bar Parchment Paper, Premium",Office Supplies,Paper,6456,
OFF-PA-10001289,White Computer Printout Paper by Universal,Office Supplies,Paper,6457,
OFF-PA-10001293,Xerox 1946,Office Supplies,Paper,6458,
OFF-PA-10001294,"Enermax Cards & Envelopes, Multicolor",Office Supplies,Paper,6459,
OFF-PA-10001295,Computer Printout Paper with Letter-Trim Perforations,Office Supplies,Paper,6460,
OFF-PA-10001301,"SanDisk Computer Printout Paper, Multicolor",Office Supplies,Paper,6461,
OFF-PA-10001302,"Eaton Memo Slips, Recycled",Office Supplies,Paper,6462,
OFF-PA-10001307,"Important Message Pads, 50 4-1/4 x 5-1/2 Forms per Pad",Office Supplies,Paper,6463,
OFF-PA-10001323,"Eaton Note Cards, 8.5 x 11",Office Supplies,Paper,6464,
OFF-PA-10001327,"SanDisk Cards & Envelopes, Recycled",Office Supplies,Paper,6465,
OFF-PA-10001348,"Eaton Note Cards, Multicolor",Office Supplies,Paper,6466,
OFF-PA-10001351,"Enermax Message Books, Multicolor",Office Supplies,Paper,6467,
OFF-PA-10001357,Xerox 1886,Office Supplies,Paper,6468,
OFF-PA-10001363,Xerox 1933,Office Supplies,Paper,6469,
OFF-PA-10001370,"SanDisk Parchment Paper, 8.5 x 11",Office Supplies,Paper,6470,
OFF-PA-10001371,"Xerox Computer Printout Paper, 8.5 x 11",Office Supplies,Paper,6471,
OFF-PA-10001385,"Xerox Memo Slips, 8.5 x 11",Office Supplies,Paper,6472,
OFF-PA-10001409,"Green Bar Memo Slips, Multicolor",Office Supplies,Paper,6473,
OFF-PA-10001421,"Green Bar Memo Slips, 8.5 x 11",Office Supplies,Paper,6474,
OFF-PA-10001445,"Eaton Cards & Envelopes, Multicolor",Office Supplies,Paper,6475,
OFF-PA-10001448,"Xerox Note Cards, Recycled",Office Supplies,Paper,6476,
OFF-PA-10001450,Rediform S.O.S. Phone Message Books,Office Supplies,Paper,6477,
OFF-PA-10001456,"Eaton Memo Slips, 8.5 x 11",Office Supplies,Paper,6478,
OFF-PA-10001457,White GlueTop Scratch Pads,Office Supplies,Paper,6479,
OFF-PA-10001461,HP Office Paper (20Lb. and 87 Bright),Office Supplies,Paper,6480,
OFF-PA-10001466,"Eaton Computer Printout Paper, 8.5 x 11",Office Supplies,Paper,6481,
OFF-PA-10001470,"Green Bar Message Books, 8.5 x 11",Office Supplies,Paper,6482,
OFF-PA-10001471,Strathmore Photo Frame Cards,Office Supplies,Paper,6483,
OFF-PA-10001492,"Enermax Note Cards, Premium",Office Supplies,Paper,6484,
OFF-PA-10001495,"Xerox Parchment Paper, Recycled",Office Supplies,Paper,6485,
OFF-PA-10001497,"Xerox Note Cards, 8.5 x 11",Office Supplies,Paper,6486,
OFF-PA-10001497,Xerox 1914,Office Supplies,Paper,6487,
OFF-PA-10001509,"Recycled Desk Saver Line ""While You Were Out"" Book, 5 1/2"" X 4""",Office Supplies,Paper,6488,
OFF-PA-10001516,"Xerox Note Cards, Recycled",Office Supplies,Paper,6489,
OFF-PA-10001523,"Enermax Cards & Envelopes, Premium",Office Supplies,Paper,6490,
OFF-PA-10001526,Xerox 1949,Office Supplies,Paper,6491,
OFF-PA-10001531,"Eaton Parchment Paper, 8.5 x 11",Office Supplies,Paper,6492,
OFF-PA-10001534,Xerox 230,Office Supplies,Paper,6493,
OFF-PA-10001536,"SanDisk Message Books, 8.5 x 11",Office Supplies,Paper,6494,
OFF-PA-10001537,"Green Bar Note Cards, 8.5 x 11",Office Supplies,Paper,6495,
OFF-PA-10001560,"Adams Telephone Message Books, 5 1/4” x 11”",Office Supplies,Paper,6496,
OFF-PA-10001569,Xerox 232,Office Supplies,Paper,6497,
OFF-PA-10001576,"Eaton Memo Slips, Multicolor",Office Supplies,Paper,6498,
OFF-PA-10001578,"Eaton Computer Printout Paper, Multicolor",Office Supplies,Paper,6499,
OFF-PA-10001583,"1/4 Fold Party Design Invitations & White Envelopes, 24 8-1/2"" X 11"" Cards, 25 Env./Pack",Office Supplies,Paper,6500,
OFF-PA-10001593,Xerox 1947,Office Supplies,Paper,6501,
OFF-PA-10001595,"Enermax Memo Slips, 8.5 x 11",Office Supplies,Paper,6502,
OFF-PA-10001609,Tops Wirebound Message Log Books,Office Supplies,Paper,6503,
OFF-PA-10001620,"SanDisk Memo Slips, Recycled",Office Supplies,Paper,6504,
OFF-PA-10001622,"Ampad Poly Cover Wirebound Steno Book, 6"" x 9"" Assorted Colors, Gregg Ruled",Office Supplies,Paper,6505,
OFF-PA-10001639,Xerox 203,Office Supplies,Paper,6506,
OFF-PA-10001639,"Enermax Memo Slips, 8.5 x 11",Office Supplies,Paper,6507,
OFF-PA-10001650,"Xerox Message Books, Premium",Office Supplies,Paper,6508,
OFF-PA-10001653,"Green Bar Memo Slips, Multicolor",Office Supplies,Paper,6509,
OFF-PA-10001656,"SanDisk Parchment Paper, 8.5 x 11",Office Supplies,Paper,6510,
OFF-PA-10001661,Xerox 1922,Office Supplies,Paper,6511,
OFF-PA-10001661,"SanDisk Computer Printout Paper, 8.5 x 11",Office Supplies,Paper,6512,
OFF-PA-10001662,"Green Bar Note Cards, Premium",Office Supplies,Paper,6513,
OFF-PA-10001667,Great White Multi-Use Recycled Paper (20Lb. and 84 Bright),Office Supplies,Paper,6514,
OFF-PA-10001685,"Eaton Parchment Paper, Recycled",Office Supplies,Paper,6515,
OFF-PA-10001685,Staples,Office Supplies,Paper,6516,
OFF-PA-10001686,"SanDisk Memo Slips, Premium",Office Supplies,Paper,6517,
OFF-PA-10001691,"Green Bar Note Cards, Premium",Office Supplies,Paper,6518,
OFF-PA-10001708,"Green Bar Note Cards, Premium",Office Supplies,Paper,6519,
OFF-PA-10001712,Xerox 1948,Office Supplies,Paper,6520,
OFF-PA-10001720,"Xerox Parchment Paper, Multicolor",Office Supplies,Paper,6521,
OFF-PA-10001722,"SanDisk Message Books, Premium",Office Supplies,Paper,6522,
OFF-PA-10001725,Xerox 1892,Office Supplies,Paper,6523,
OFF-PA-10001733,"Xerox Memo Slips, Recycled",Office Supplies,Paper,6524,
OFF-PA-10001735,"Xerox Cards & Envelopes, 8.5 x 11",Office Supplies,Paper,6525,
OFF-PA-10001736,Xerox 1880,Office Supplies,Paper,6526,
OFF-PA-10001736,"SanDisk Note Cards, 8.5 x 11",Office Supplies,Paper,6527,
OFF-PA-10001745,"Wirebound Message Books, 2 7/8"" x 5"", 3 Forms per Page",Office Supplies,Paper,6528,
OFF-PA-10001752,Hammermill CopyPlus Copy Paper (20Lb. and 84 Bright),Office Supplies,Paper,6529,
OFF-PA-10001758,"Enermax Note Cards, Premium",Office Supplies,Paper,6530,
OFF-PA-10001761,"Eaton Message Books, Multicolor",Office Supplies,Paper,6531,
OFF-PA-10001763,Xerox 1896,Office Supplies,Paper,6532,
OFF-PA-10001776,"Wirebound Message Books, Four 2 3/4"" x 5"" Forms per Page, 600 Sets per Book",Office Supplies,Paper,6533,
OFF-PA-10001790,Xerox 1910,Office Supplies,Paper,6534,
OFF-PA-10001795,"Green Bar Message Books, Premium",Office Supplies,Paper,6535,
OFF-PA-10001800,Xerox 220,Office Supplies,Paper,6536,
OFF-PA-10001801,Xerox 193,Office Supplies,Paper,6537,
OFF-PA-10001801,"Xerox Memo Slips, Premium",Office Supplies,Paper,6538,
OFF-PA-10001804,Xerox 195,Office Supplies,Paper,6539,
OFF-PA-10001815,Xerox 1885,Office Supplies,Paper,6540,
OFF-PA-10001818,"Green Bar Note Cards, Multicolor",Office Supplies,Paper,6541,
OFF-PA-10001826,Xerox 207,Office Supplies,Paper,6542,
OFF-PA-10001835,"SanDisk Computer Printout Paper, 8.5 x 11",Office Supplies,Paper,6543,
OFF-PA-10001837,Xerox 1976,Office Supplies,Paper,6544,
OFF-PA-10001838,"Adams Telephone Message Book W/Dividers/Space For Phone Numbers, 5 1/4""X8 1/2"", 300/Messages",Office Supplies,Paper,6545,
OFF-PA-10001844,"Eaton Message Books, 8.5 x 11",Office Supplies,Paper,6546,
OFF-PA-10001846,Xerox 1899,Office Supplies,Paper,6547,
OFF-PA-10001849,"SanDisk Cards & Envelopes, Recycled",Office Supplies,Paper,6548,
OFF-PA-10001850,"Eaton Note Cards, Premium",Office Supplies,Paper,6549,
OFF-PA-10001858,"SanDisk Message Books, Multicolor",Office Supplies,Paper,6550,
OFF-PA-10001869,"Green Bar Computer Printout Paper, 8.5 x 11",Office Supplies,Paper,6551,
OFF-PA-10001870,Xerox 202,Office Supplies,Paper,6552,
OFF-PA-10001878,"Enermax Cards & Envelopes, Premium",Office Supplies,Paper,6553,
OFF-PA-10001878,Xerox 1891,Office Supplies,Paper,6554,
OFF-PA-10001892,"Rediform Wirebound ""Phone Memo"" Message Book, 11 x 5-3/4",Office Supplies,Paper,6555,
OFF-PA-10001905,"Eaton Message Books, Recycled",Office Supplies,Paper,6556,
OFF-PA-10001934,Xerox 1993,Office Supplies,Paper,6557,
OFF-PA-10001937,Xerox 21,Office Supplies,Paper,6558,
OFF-PA-10001944,"SanDisk Computer Printout Paper, Premium",Office Supplies,Paper,6559,
OFF-PA-10001947,Xerox 1974,Office Supplies,Paper,6560,
OFF-PA-10001950,Southworth 25% Cotton Antique Laid Paper & Envelopes,Office Supplies,Paper,6561,
OFF-PA-10001952,Xerox 1902,Office Supplies,Paper,6562,
OFF-PA-10001954,Xerox 1964,Office Supplies,Paper,6563,
OFF-PA-10001968,"Eaton Computer Printout Paper, 8.5 x 11",Office Supplies,Paper,6564,
OFF-PA-10001970,Xerox 1881,Office Supplies,Paper,6565,
OFF-PA-10001970,Xerox 1908,Office Supplies,Paper,6566,
OFF-PA-10001971,"Eaton Cards & Envelopes, Premium",Office Supplies,Paper,6567,
OFF-PA-10001971,"Eaton Memo Slips, Premium",Office Supplies,Paper,6568,
OFF-PA-10001972,"Eaton Message Books, Premium",Office Supplies,Paper,6569,
OFF-PA-10001972,Xerox 214,Office Supplies,Paper,6570,
OFF-PA-10001977,Xerox 194,Office Supplies,Paper,6571,
OFF-PA-10001979,"Enermax Message Books, Premium",Office Supplies,Paper,6572,
OFF-PA-10001994,"Ink Jet Note and Greeting Cards, 8-1/2"" x 5-1/2"" Card Size",Office Supplies,Paper,6573,
OFF-PA-10002001,Xerox 1984,Office Supplies,Paper,6574,
OFF-PA-10002005,Xerox 225,Office Supplies,Paper,6575,
OFF-PA-10002011,"SanDisk Parchment Paper, Premium",Office Supplies,Paper,6576,
OFF-PA-10002022,"Xerox Message Books, 8.5 x 11",Office Supplies,Paper,6577,
OFF-PA-10002033,"Green Bar Cards & Envelopes, 8.5 x 11",Office Supplies,Paper,6578,
OFF-PA-10002036,Xerox 1930,Office Supplies,Paper,6579,
OFF-PA-10002040,"Green Bar Cards & Envelopes, Multicolor",Office Supplies,Paper,6580,
OFF-PA-10002043,"SanDisk Cards & Envelopes, 8.5 x 11",Office Supplies,Paper,6581,
OFF-PA-10002047,"Green Bar Cards & Envelopes, 8.5 x 11",Office Supplies,Paper,6582,
OFF-PA-10002073,"Green Bar Parchment Paper, 8.5 x 11",Office Supplies,Paper,6583,
OFF-PA-10002101,"Xerox Parchment Paper, Multicolor",Office Supplies,Paper,6584,
OFF-PA-10002105,Xerox 223,Office Supplies,Paper,6585,
OFF-PA-10002109,Wirebound Voice Message Log Book,Office Supplies,Paper,6586,
OFF-PA-10002109,"SanDisk Message Books, Premium",Office Supplies,Paper,6587,
OFF-PA-10002120,Xerox 1889,Office Supplies,Paper,6588,
OFF-PA-10002137,"Southworth 100% Résumé Paper, 24lb.",Office Supplies,Paper,6589,
OFF-PA-10002160,Xerox 1978,Office Supplies,Paper,6590,
OFF-PA-10002193,"Xerox Memo Slips, 8.5 x 11",Office Supplies,Paper,6591,
OFF-PA-10002195,Xerox 1966,Office Supplies,Paper,6592,
OFF-PA-10002195,"RSVP Cards & Envelopes, Blank White, 8-1/2"" X 11"", 24 Cards/25 Envelopes/Set",Office Supplies,Paper,6593,
OFF-PA-10002196,"Green Bar Message Books, Recycled",Office Supplies,Paper,6594,
OFF-PA-10002218,"Enermax Note Cards, Multicolor",Office Supplies,Paper,6595,
OFF-PA-10002219,"SanDisk Parchment Paper, Multicolor",Office Supplies,Paper,6596,
OFF-PA-10002222,"Xerox Color Copier Paper, 11"" x 17"", Ream",Office Supplies,Paper,6597,
OFF-PA-10002230,Xerox 1897,Office Supplies,Paper,6598,
OFF-PA-10002231,"Green Bar Computer Printout Paper, Premium",Office Supplies,Paper,6599,
OFF-PA-10002237,"Enermax Memo Slips, 8.5 x 11",Office Supplies,Paper,6600,
OFF-PA-10002245,Xerox 1895,Office Supplies,Paper,6601,
OFF-PA-10002246,"Wirebound Four 2-3/4 x 5 Forms per Page, 400 Sets per Book",Office Supplies,Paper,6602,
OFF-PA-10002248,"Green Bar Memo Slips, 8.5 x 11",Office Supplies,Paper,6603,
OFF-PA-10002250,Things To Do Today Pad,Office Supplies,Paper,6604,
OFF-PA-10002254,Xerox 1883,Office Supplies,Paper,6605,
OFF-PA-10002258,"Green Bar Message Books, 8.5 x 11",Office Supplies,Paper,6606,
OFF-PA-10002259,"Geographics Note Cards, Blank, White, 8 1/2"" x 11""",Office Supplies,Paper,6607,
OFF-PA-10002262,Xerox 192,Office Supplies,Paper,6608,
OFF-PA-10002292,"SanDisk Computer Printout Paper, Recycled",Office Supplies,Paper,6609,
OFF-PA-10002295,"Xerox Cards & Envelopes, 8.5 x 11",Office Supplies,Paper,6610,
OFF-PA-10002303,"Eaton Parchment Paper, Multicolor",Office Supplies,Paper,6611,
OFF-PA-10002319,Xerox 1944,Office Supplies,Paper,6612,
OFF-PA-10002328,"Eaton Memo Slips, Recycled",Office Supplies,Paper,6613,
OFF-PA-10002333,"Universal Ultra Bright White Copier/Laser Paper, 8 1/2"" x 11"", Ream",Office Supplies,Paper,6614,
OFF-PA-10002338,"Green Bar Parchment Paper, Recycled",Office Supplies,Paper,6615,
OFF-PA-10002352,"Eaton Parchment Paper, Premium",Office Supplies,Paper,6616,
OFF-PA-10002356,"Xerox Parchment Paper, Recycled",Office Supplies,Paper,6617,
OFF-PA-10002360,"SanDisk Computer Printout Paper, 8.5 x 11",Office Supplies,Paper,6618,
OFF-PA-10002363,"Eaton Message Books, Recycled",Office Supplies,Paper,6619,
OFF-PA-10002365,Xerox 1967,Office Supplies,Paper,6620,
OFF-PA-10002369,"Eaton Parchment Paper, Multicolor",Office Supplies,Paper,6621,
OFF-PA-10002370,"Xerox Parchment Paper, Recycled",Office Supplies,Paper,6622,
OFF-PA-10002371,"Green Bar Message Books, 8.5 x 11",Office Supplies,Paper,6623,
OFF-PA-10002372,"SanDisk Computer Printout Paper, Recycled",Office Supplies,Paper,6624,
OFF-PA-10002373,"Enermax Parchment Paper, Premium",Office Supplies,Paper,6625,
OFF-PA-10002377,"Adams Telephone Message Book W/Dividers/Space For Phone Numbers, 5 1/4""X8 1/2"", 200/Messages",Office Supplies,Paper,6626,
OFF-PA-10002377,Xerox 1916,Office Supplies,Paper,6627,
OFF-PA-10002382,"Eaton Note Cards, Premium",Office Supplies,Paper,6628,
OFF-PA-10002394,"Eaton Computer Printout Paper, Recycled",Office Supplies,Paper,6629,
OFF-PA-10002396,"Eaton Memo Slips, 8.5 x 11",Office Supplies,Paper,6630,
OFF-PA-10002416,"Xerox Memo Slips, 8.5 x 11",Office Supplies,Paper,6631,
OFF-PA-10002418,"Green Bar Message Books, Multicolor",Office Supplies,Paper,6632,
OFF-PA-10002421,Embossed Ink Jet Note Cards,Office Supplies,Paper,6633,
OFF-PA-10002461,"Eaton Parchment Paper, Multicolor",Office Supplies,Paper,6634,
OFF-PA-10002464,"Green Bar Computer Printout Paper, Multicolor",Office Supplies,Paper,6635,
OFF-PA-10002464,HP Office Recycled Paper (20Lb. and 87 Bright),Office Supplies,Paper,6636,
OFF-PA-10002473,"SanDisk Note Cards, Multicolor",Office Supplies,Paper,6637,
OFF-PA-10002477,"Enermax Message Books, Multicolor",Office Supplies,Paper,6638,
OFF-PA-10002479,Xerox 4200 Series MultiUse Premium Copy Paper (20Lb. and 84 Bright),Office Supplies,Paper,6639,
OFF-PA-10002479,"Enermax Cards & Envelopes, 8.5 x 11",Office Supplies,Paper,6640,
OFF-PA-10002488,"Xerox Message Books, Multicolor",Office Supplies,Paper,6641,
OFF-PA-10002499,Xerox 1890,Office Supplies,Paper,6642,
OFF-PA-10002514,"Xerox Memo Slips, Premium",Office Supplies,Paper,6643,
OFF-PA-10002516,"Enermax Cards & Envelopes, 8.5 x 11",Office Supplies,Paper,6644,
OFF-PA-10002520,"Green Bar Cards & Envelopes, Recycled",Office Supplies,Paper,6645,
OFF-PA-10002522,"Green Bar Note Cards, 8.5 x 11",Office Supplies,Paper,6646,
OFF-PA-10002524,"Enermax Note Cards, 8.5 x 11",Office Supplies,Paper,6647,
OFF-PA-10002534,"Green Bar Memo Slips, Multicolor",Office Supplies,Paper,6648,
OFF-PA-10002539,"SanDisk Cards & Envelopes, Multicolor",Office Supplies,Paper,6649,
OFF-PA-10002552,Xerox 1958,Office Supplies,Paper,6650,
OFF-PA-10002558,Xerox 1938,Office Supplies,Paper,6651,
OFF-PA-10002563,"Enermax Memo Slips, Premium",Office Supplies,Paper,6652,
OFF-PA-10002581,Xerox 1951,Office Supplies,Paper,6653,
OFF-PA-10002585,"Eaton Memo Slips, Multicolor",Office Supplies,Paper,6654,
OFF-PA-10002586,Xerox 1970,Office Supplies,Paper,6655,
OFF-PA-10002606,Xerox 1928,Office Supplies,Paper,6656,
OFF-PA-10002611,"Green Bar Parchment Paper, Multicolor",Office Supplies,Paper,6657,
OFF-PA-10002615,"Ampad Gold Fibre Wirebound Steno Books, 6"" x 9"", Gregg Ruled",Office Supplies,Paper,6658,
OFF-PA-10002616,"Green Bar Parchment Paper, Multicolor",Office Supplies,Paper,6659,
OFF-PA-10002618,"Eaton Memo Slips, Multicolor",Office Supplies,Paper,6660,
OFF-PA-10002645,"Green Bar Computer Printout Paper, Recycled",Office Supplies,Paper,6661,
OFF-PA-10002652,"Eaton Note Cards, Premium",Office Supplies,Paper,6662,
OFF-PA-10002659,Avoid Verbal Orders Carbonless Minifold Book,Office Supplies,Paper,6663,
OFF-PA-10002666,Southworth 25% Cotton Linen-Finish Paper & Envelopes,Office Supplies,Paper,6664,
OFF-PA-10002671,"Enermax Memo Slips, 8.5 x 11",Office Supplies,Paper,6665,
OFF-PA-10002689,Weyerhaeuser First Choice Laser/Copy Paper (20Lb. and 88 Bright),Office Supplies,Paper,6666,
OFF-PA-10002709,Xerox 1956,Office Supplies,Paper,6667,
OFF-PA-10002713,"Adams Phone Message Book, 200 Message Capacity, 8 1/16” x 11”",Office Supplies,Paper,6668,
OFF-PA-10002725,"Eaton Cards & Envelopes, Premium",Office Supplies,Paper,6669,
OFF-PA-10002741,Xerox 1980,Office Supplies,Paper,6670,
OFF-PA-10002749,"Wirebound Message Books, 5-1/2 x 4 Forms, 2 or 4 Forms per Page",Office Supplies,Paper,6671,
OFF-PA-10002751,Xerox 1920,Office Supplies,Paper,6672,
OFF-PA-10002755,"Xerox Computer Printout Paper, Multicolor",Office Supplies,Paper,6673,
OFF-PA-10002764,Staples,Office Supplies,Paper,6674,
OFF-PA-10002767,"Enermax Message Books, Premium",Office Supplies,Paper,6675,
OFF-PA-10002771,"Xerox Computer Printout Paper, Premium",Office Supplies,Paper,6676,
OFF-PA-10002771,"SanDisk Parchment Paper, Premium",Office Supplies,Paper,6677,
OFF-PA-10002787,Xerox 227,Office Supplies,Paper,6678,
OFF-PA-10002811,"Green Bar Message Books, 8.5 x 11",Office Supplies,Paper,6679,
OFF-PA-10002818,"Enermax Parchment Paper, Premium",Office Supplies,Paper,6680,
OFF-PA-10002842,"Eaton Parchment Paper, Recycled",Office Supplies,Paper,6681,
OFF-PA-10002862,"Green Bar Message Books, Recycled",Office Supplies,Paper,6682,
OFF-PA-10002870,"Ampad Phone Message Book, Recycled, 400 Message Capacity, 5 ¾” x 11”",Office Supplies,Paper,6683,
OFF-PA-10002893,"Wirebound Service Call Books, 5 1/2"" x 4""",Office Supplies,Paper,6684,
OFF-PA-10002918,"Eaton Computer Printout Paper, Recycled",Office Supplies,Paper,6685,
OFF-PA-10002921,"Eaton Message Books, Multicolor",Office Supplies,Paper,6686,
OFF-PA-10002923,Xerox 1942,Office Supplies,Paper,6687,
OFF-PA-10002925,"Enermax Cards & Envelopes, Multicolor",Office Supplies,Paper,6688,
OFF-PA-10002927,"Enermax Computer Printout Paper, 8.5 x 11",Office Supplies,Paper,6689,
OFF-PA-10002930,"SanDisk Cards & Envelopes, Premium",Office Supplies,Paper,6690,
OFF-PA-10002941,"Green Bar Computer Printout Paper, Premium",Office Supplies,Paper,6691,
OFF-PA-10002944,"SanDisk Parchment Paper, Recycled",Office Supplies,Paper,6692,
OFF-PA-10002947,Xerox 1923,Office Supplies,Paper,6693,
OFF-PA-10002960,Xerox 1926,Office Supplies,Paper,6694,
OFF-PA-10002966,"SanDisk Cards & Envelopes, Recycled",Office Supplies,Paper,6695,
OFF-PA-10002968,Xerox 1973,Office Supplies,Paper,6696,
OFF-PA-10002971,"Eaton Memo Slips, Recycled",Office Supplies,Paper,6697,
OFF-PA-10002974,"Enermax Note Cards, 8.5 x 11",Office Supplies,Paper,6698,
OFF-PA-10002976,"Xerox Computer Printout Paper, 8.5 x 11",Office Supplies,Paper,6699,
OFF-PA-10002986,Xerox 1898,Office Supplies,Paper,6700,
OFF-PA-10003001,Xerox 1986,Office Supplies,Paper,6701,
OFF-PA-10003002,"Enermax Message Books, Multicolor",Office Supplies,Paper,6702,
OFF-PA-10003016,"Adams ""While You Were Out"" Message Pads",Office Supplies,Paper,6703,
OFF-PA-10003020,"Xerox Message Books, Premium",Office Supplies,Paper,6704,
OFF-PA-10003022,Xerox 1992,Office Supplies,Paper,6705,
OFF-PA-10003022,Standard Line “While You Were Out” Hardbound Telephone Message Book,Office Supplies,Paper,6706,
OFF-PA-10003027,"Enermax Message Books, Premium",Office Supplies,Paper,6707,
OFF-PA-10003033,"Enermax Parchment Paper, Recycled",Office Supplies,Paper,6708,
OFF-PA-10003034,"SanDisk Memo Slips, 8.5 x 11",Office Supplies,Paper,6709,
OFF-PA-10003036,"Black Print Carbonless 8 1/2"" x 8 1/4"" Rapid Memo Book",Office Supplies,Paper,6710,
OFF-PA-10003037,"Eaton Memo Slips, Multicolor",Office Supplies,Paper,6711,
OFF-PA-10003039,Xerox 1960,Office Supplies,Paper,6712,
OFF-PA-10003039,"Xerox Note Cards, 8.5 x 11",Office Supplies,Paper,6713,
OFF-PA-10003052,"Green Bar Message Books, Recycled",Office Supplies,Paper,6714,
OFF-PA-10003063,EcoTones Memo Sheets,Office Supplies,Paper,6715,
OFF-PA-10003072,"Eureka Recycled Copy Paper 8 1/2"" x 11"", Ream",Office Supplies,Paper,6716,
OFF-PA-10003105,"SanDisk Parchment Paper, Premium",Office Supplies,Paper,6717,
OFF-PA-10003115,"Enermax Note Cards, Premium",Office Supplies,Paper,6718,
OFF-PA-10003127,Staples,Office Supplies,Paper,6719,
OFF-PA-10003129,Tops White Computer Printout Paper,Office Supplies,Paper,6720,
OFF-PA-10003133,"Eaton Cards & Envelopes, 8.5 x 11",Office Supplies,Paper,6721,
OFF-PA-10003134,Xerox 1937,Office Supplies,Paper,6722,
OFF-PA-10003139,"SanDisk Parchment Paper, Recycled",Office Supplies,Paper,6723,
OFF-PA-10003156,"Xerox Message Books, 8.5 x 11",Office Supplies,Paper,6724,
OFF-PA-10003172,Xerox 1996,Office Supplies,Paper,6725,
OFF-PA-10003177,Xerox 1999,Office Supplies,Paper,6726,
OFF-PA-10003205,"Wirebound Message Forms, Four 2 3/4 x 5 Forms per Page, Pink Paper",Office Supplies,Paper,6727,
OFF-PA-10003224,"Eaton Computer Printout Paper, Premium",Office Supplies,Paper,6728,
OFF-PA-10003228,Xerox 1917,Office Supplies,Paper,6729,
OFF-PA-10003232,"Green Bar Cards & Envelopes, Recycled",Office Supplies,Paper,6730,
OFF-PA-10003232,"Eaton Parchment Paper, 8.5 x 11",Office Supplies,Paper,6731,
OFF-PA-10003252,"Xerox Note Cards, 8.5 x 11",Office Supplies,Paper,6732,
OFF-PA-10003256,Avery Personal Creations Heavyweight Cards,Office Supplies,Paper,6733,
OFF-PA-10003270,Xerox 1954,Office Supplies,Paper,6734,
OFF-PA-10003273,"Green Bar Cards & Envelopes, Premium",Office Supplies,Paper,6735,
OFF-PA-10003296,"Xerox Message Books, Recycled",Office Supplies,Paper,6736,
OFF-PA-10003301,"Green Bar Parchment Paper, Recycled",Office Supplies,Paper,6737,
OFF-PA-10003302,Xerox 1906,Office Supplies,Paper,6738,
OFF-PA-10003303,"Xerox Computer Printout Paper, Multicolor",Office Supplies,Paper,6739,
OFF-PA-10003309,Xerox 211,Office Supplies,Paper,6740,
OFF-PA-10003320,"Green Bar Parchment Paper, Recycled",Office Supplies,Paper,6741,
OFF-PA-10003332,"Xerox Cards & Envelopes, Recycled",Office Supplies,Paper,6742,
OFF-PA-10003333,"Eaton Note Cards, 8.5 x 11",Office Supplies,Paper,6743,
OFF-PA-10003338,"Enermax Parchment Paper, Recycled",Office Supplies,Paper,6744,
OFF-PA-10003349,Xerox 1957,Office Supplies,Paper,6745,
OFF-PA-10003350,"Eaton Message Books, 8.5 x 11",Office Supplies,Paper,6746,
OFF-PA-10003359,"Eaton Cards & Envelopes, 8.5 x 11",Office Supplies,Paper,6747,
OFF-PA-10003363,Xerox 204,Office Supplies,Paper,6748,
OFF-PA-10003365,"Eaton Cards & Envelopes, Multicolor",Office Supplies,Paper,6749,
OFF-PA-10003380,"Green Bar Memo Slips, Multicolor",Office Supplies,Paper,6750,
OFF-PA-10003381,"Eaton Cards & Envelopes, Multicolor",Office Supplies,Paper,6751,
OFF-PA-10003389,"Enermax Message Books, Recycled",Office Supplies,Paper,6752,
OFF-PA-10003390,"Enermax Computer Printout Paper, Recycled",Office Supplies,Paper,6753,
OFF-PA-10003395,"Eaton Computer Printout Paper, Recycled",Office Supplies,Paper,6754,
OFF-PA-10003395,Xerox 1941,Office Supplies,Paper,6755,
OFF-PA-10003405,"Green Bar Memo Slips, Premium",Office Supplies,Paper,6756,
OFF-PA-10003407,"Enermax Memo Slips, Recycled",Office Supplies,Paper,6757,
OFF-PA-10003416,"Green Bar Parchment Paper, Recycled",Office Supplies,Paper,6758,
OFF-PA-10003416,"Enermax Note Cards, Multicolor",Office Supplies,Paper,6759,
OFF-PA-10003418,"Enermax Memo Slips, Multicolor",Office Supplies,Paper,6760,
OFF-PA-10003424,"""While you Were Out"" Message Book, One Form per Page",Office Supplies,Paper,6761,
OFF-PA-10003424,"Enermax Computer Printout Paper, 8.5 x 11",Office Supplies,Paper,6762,
OFF-PA-10003441,Xerox 226,Office Supplies,Paper,6763,
OFF-PA-10003449,"Green Bar Computer Printout Paper, Premium",Office Supplies,Paper,6764,
OFF-PA-10003455,"Xerox Cards & Envelopes, Premium",Office Supplies,Paper,6765,
OFF-PA-10003455,"Green Bar Memo Slips, Recycled",Office Supplies,Paper,6766,
OFF-PA-10003465,Xerox 1912,Office Supplies,Paper,6767,
OFF-PA-10003475,"Enermax Note Cards, Premium",Office Supplies,Paper,6768,
OFF-PA-10003492,"Green Bar Computer Printout Paper, Recycled",Office Supplies,Paper,6769,
OFF-PA-10003499,"Xerox Parchment Paper, 8.5 x 11",Office Supplies,Paper,6770,
OFF-PA-10003510,"Enermax Message Books, Recycled",Office Supplies,Paper,6771,
OFF-PA-10003511,"Green Bar Memo Slips, 8.5 x 11",Office Supplies,Paper,6772,
OFF-PA-10003513,"Enermax Message Books, Recycled",Office Supplies,Paper,6773,
OFF-PA-10003517,"Enermax Note Cards, Premium",Office Supplies,Paper,6774,
OFF-PA-10003518,"Enermax Computer Printout Paper, Multicolor",Office Supplies,Paper,6775,
OFF-PA-10003527,"Xerox Memo Slips, 8.5 x 11",Office Supplies,Paper,6776,
OFF-PA-10003543,Xerox 1985,Office Supplies,Paper,6777,
OFF-PA-10003550,"Eaton Cards & Envelopes, Recycled",Office Supplies,Paper,6778,
OFF-PA-10003556,"Eaton Computer Printout Paper, 8.5 x 11",Office Supplies,Paper,6779,
OFF-PA-10003571,"Enermax Cards & Envelopes, Recycled",Office Supplies,Paper,6780,
OFF-PA-10003573,"Enermax Parchment Paper, 8.5 x 11",Office Supplies,Paper,6781,
OFF-PA-10003586,"Eaton Computer Printout Paper, Premium",Office Supplies,Paper,6782,
OFF-PA-10003591,Southworth 100% Cotton The Best Paper,Office Supplies,Paper,6783,
OFF-PA-10003625,Xerox 1979,Office Supplies,Paper,6784,
OFF-PA-10003640,"Eaton Cards & Envelopes, Recycled",Office Supplies,Paper,6785,
OFF-PA-10003641,Xerox 1909,Office Supplies,Paper,6786,
OFF-PA-10003651,Xerox 1968,Office Supplies,Paper,6787,
OFF-PA-10003654,"SanDisk Memo Slips, Recycled",Office Supplies,Paper,6788,
OFF-PA-10003656,Xerox 1935,Office Supplies,Paper,6789,
OFF-PA-10003657,Xerox 1927,Office Supplies,Paper,6790,
OFF-PA-10003664,"Enermax Computer Printout Paper, Premium",Office Supplies,Paper,6791,
OFF-PA-10003673,Strathmore Photo Mount Cards,Office Supplies,Paper,6792,
OFF-PA-10003681,"Green Bar Message Books, Premium",Office Supplies,Paper,6793,
OFF-PA-10003686,"SanDisk Message Books, Multicolor",Office Supplies,Paper,6794,
OFF-PA-10003699,"SanDisk Parchment Paper, Recycled",Office Supplies,Paper,6795,
OFF-PA-10003708,"Green Bar Computer Printout Paper, Premium",Office Supplies,Paper,6796,
OFF-PA-10003715,"Xerox Computer Printout Paper, Recycled",Office Supplies,Paper,6797,
OFF-PA-10003718,"Xerox Memo Slips, Recycled",Office Supplies,Paper,6798,
OFF-PA-10003724,"Wirebound Message Book, 4 per Page",Office Supplies,Paper,6799,
OFF-PA-10003729,Xerox 1998,Office Supplies,Paper,6800,
OFF-PA-10003731,"Enermax Note Cards, Premium",Office Supplies,Paper,6801,
OFF-PA-10003739,Xerox 1969,Office Supplies,Paper,6802,
OFF-PA-10003744,"Green Bar Parchment Paper, Multicolor",Office Supplies,Paper,6803,
OFF-PA-10003774,"Enermax Computer Printout Paper, Recycled",Office Supplies,Paper,6804,
OFF-PA-10003784,"Eaton Note Cards, Premium",Office Supplies,Paper,6805,
OFF-PA-10003790,Xerox 1991,Office Supplies,Paper,6806,
OFF-PA-10003796,"Eaton Parchment Paper, 8.5 x 11",Office Supplies,Paper,6807,
OFF-PA-10003797,Xerox 209,Office Supplies,Paper,6808,
OFF-PA-10003805,"Eaton Note Cards, Multicolor",Office Supplies,Paper,6809,
OFF-PA-10003808,"SanDisk Note Cards, Premium",Office Supplies,Paper,6810,
OFF-PA-10003823,Xerox 197,Office Supplies,Paper,6811,
OFF-PA-10003832,"Xerox Message Books, 8.5 x 11",Office Supplies,Paper,6812,
OFF-PA-10003835,"SanDisk Memo Slips, Premium",Office Supplies,Paper,6813,
OFF-PA-10003838,"Eaton Note Cards, Premium",Office Supplies,Paper,6814,
OFF-PA-10003845,Xerox 1987,Office Supplies,Paper,6815,
OFF-PA-10003848,Xerox 1997,Office Supplies,Paper,6816,
OFF-PA-10003868,"SanDisk Cards & Envelopes, Recycled",Office Supplies,Paper,6817,
OFF-PA-10003875,"Enermax Memo Slips, Multicolor",Office Supplies,Paper,6818,
OFF-PA-10003878,"Enermax Cards & Envelopes, Premium",Office Supplies,Paper,6819,
OFF-PA-10003883,"Message Book, Phone, Wirebound Standard Line Memo, 2 3/4"" X 5""",Office Supplies,Paper,6820,
OFF-PA-10003884,"Eaton Message Books, Multicolor",Office Supplies,Paper,6821,
OFF-PA-10003892,Xerox 1943,Office Supplies,Paper,6822,
OFF-PA-10003893,Xerox 1962,Office Supplies,Paper,6823,
OFF-PA-10003899,"SanDisk Memo Slips, Premium",Office Supplies,Paper,6824,
OFF-PA-10003899,"SanDisk Memo Slips, Multicolor",Office Supplies,Paper,6825,
OFF-PA-10003906,"Eaton Memo Slips, Premium",Office Supplies,Paper,6826,
OFF-PA-10003907,"Eaton Message Books, Premium",Office Supplies,Paper,6827,
OFF-PA-10003911,"Green Bar Cards & Envelopes, Premium",Office Supplies,Paper,6828,
OFF-PA-10003919,Xerox 1989,Office Supplies,Paper,6829,
OFF-PA-10003920,"Xerox Parchment Paper, Premium",Office Supplies,Paper,6830,
OFF-PA-10003936,Xerox 1994,Office Supplies,Paper,6831,
OFF-PA-10003937,"Green Bar Memo Slips, Recycled",Office Supplies,Paper,6832,
OFF-PA-10003938,"Eaton Cards & Envelopes, Premium",Office Supplies,Paper,6833,
OFF-PA-10003939,"Enermax Note Cards, Multicolor",Office Supplies,Paper,6834,
OFF-PA-10003943,"Green Bar Computer Printout Paper, Multicolor",Office Supplies,Paper,6835,
OFF-PA-10003953,Xerox 218,Office Supplies,Paper,6836,
OFF-PA-10003956,"SanDisk Parchment Paper, Recycled",Office Supplies,Paper,6837,
OFF-PA-10003969,"Green Bar Note Cards, 8.5 x 11",Office Supplies,Paper,6838,
OFF-PA-10003971,Xerox 1965,Office Supplies,Paper,6839,
OFF-PA-10003981,"SanDisk Note Cards, Premium",Office Supplies,Paper,6840,
OFF-PA-10003982,"SanDisk Message Books, Premium",Office Supplies,Paper,6841,
OFF-PA-10003994,"Eaton Note Cards, Premium",Office Supplies,Paper,6842,
OFF-PA-10004000,"While You Were Out Pads, 50 per Pad, 4 x 5 1/4, Green Cycle",Office Supplies,Paper,6843,
OFF-PA-10004016,"SanDisk Memo Slips, Recycled",Office Supplies,Paper,6844,
OFF-PA-10004020,"SanDisk Message Books, 8.5 x 11",Office Supplies,Paper,6845,
OFF-PA-10004022,Hammermill Color Copier Paper (28Lb. and 96 Bright),Office Supplies,Paper,6846,
OFF-PA-10004024,"Enermax Memo Slips, Recycled",Office Supplies,Paper,6847,
OFF-PA-10004027,"Xerox Cards & Envelopes, Recycled",Office Supplies,Paper,6848,
OFF-PA-10004034,"Green Bar Parchment Paper, 8.5 x 11",Office Supplies,Paper,6849,
OFF-PA-10004039,Xerox 1882,Office Supplies,Paper,6850,
OFF-PA-10004040,Universal Premium White Copier/Laser Paper (20Lb. and 87 Bright),Office Supplies,Paper,6851,
OFF-PA-10004041,"It's Hot Message Books with Stickers, 2 3/4"" x 5""",Office Supplies,Paper,6852,
OFF-PA-10004054,"Green Bar Computer Printout Paper, Recycled",Office Supplies,Paper,6853,
OFF-PA-10004069,"SanDisk Parchment Paper, 8.5 x 11",Office Supplies,Paper,6854,
OFF-PA-10004071,"Eaton Premium Continuous-Feed Paper, 25% Cotton, Letter Size, White, 1000 Shts/Box",Office Supplies,Paper,6855,
OFF-PA-10004082,"Adams Telephone Message Book w/Frequently-Called Numbers Space, 400 Messages per Book",Office Supplies,Paper,6856,
OFF-PA-10004092,Tops Green Bar Computer Printout Paper,Office Supplies,Paper,6857,
OFF-PA-10004100,Xerox 216,Office Supplies,Paper,6858,
OFF-PA-10004101,Xerox 1894,Office Supplies,Paper,6859,
OFF-PA-10004111,"Enermax Parchment Paper, Multicolor",Office Supplies,Paper,6860,
OFF-PA-10004115,"Green Bar Computer Printout Paper, 8.5 x 11",Office Supplies,Paper,6861,
OFF-PA-10004124,"Xerox Message Books, Multicolor",Office Supplies,Paper,6862,
OFF-PA-10004124,"SanDisk Message Books, 8.5 x 11",Office Supplies,Paper,6863,
OFF-PA-10004145,"Xerox Message Books, 8.5 x 11",Office Supplies,Paper,6864,
OFF-PA-10004151,"SanDisk Note Cards, Multicolor",Office Supplies,Paper,6865,
OFF-PA-10004155,"Eaton Computer Printout Paper, 8.5 x 11",Office Supplies,Paper,6866,
OFF-PA-10004156,Xerox 188,Office Supplies,Paper,6867,
OFF-PA-10004160,"SanDisk Note Cards, Premium",Office Supplies,Paper,6868,
OFF-PA-10004174,"Enermax Computer Printout Paper, 8.5 x 11",Office Supplies,Paper,6869,
OFF-PA-10004185,"SanDisk Message Books, Recycled",Office Supplies,Paper,6870,
OFF-PA-10004187,"Xerox Message Books, Multicolor",Office Supplies,Paper,6871,
OFF-PA-10004190,"Xerox Note Cards, Multicolor",Office Supplies,Paper,6872,
OFF-PA-10004200,"Xerox Note Cards, Multicolor",Office Supplies,Paper,6873,
OFF-PA-10004239,Xerox 1953,Office Supplies,Paper,6874,
OFF-PA-10004241,"SanDisk Memo Slips, Premium",Office Supplies,Paper,6875,
OFF-PA-10004243,Xerox 1939,Office Supplies,Paper,6876,
OFF-PA-10004248,Xerox 1990,Office Supplies,Paper,6877,
OFF-PA-10004255,Xerox 219,Office Supplies,Paper,6878,
OFF-PA-10004260,"Xerox Memo Slips, Recycled",Office Supplies,Paper,6879,
OFF-PA-10004261,"Green Bar Memo Slips, 8.5 x 11",Office Supplies,Paper,6880,
OFF-PA-10004267,"Enermax Parchment Paper, 8.5 x 11",Office Supplies,Paper,6881,
OFF-PA-10004268,"SanDisk Note Cards, 8.5 x 11",Office Supplies,Paper,6882,
OFF-PA-10004285,Xerox 1959,Office Supplies,Paper,6883,
OFF-PA-10004286,"Enermax Cards & Envelopes, Recycled",Office Supplies,Paper,6884,
OFF-PA-10004287,"Enermax Message Books, Recycled",Office Supplies,Paper,6885,
OFF-PA-10004294,"Xerox Computer Printout Paper, 8.5 x 11",Office Supplies,Paper,6886,
OFF-PA-10004296,"Enermax Note Cards, Premium",Office Supplies,Paper,6887,
OFF-PA-10004313,"Green Bar Computer Printout Paper, 8.5 x 11",Office Supplies,Paper,6888,
OFF-PA-10004326,"Enermax Parchment Paper, Multicolor",Office Supplies,Paper,6889,
OFF-PA-10004327,Xerox 1911,Office Supplies,Paper,6890,
OFF-PA-10004335,"Green Bar Computer Printout Paper, Recycled",Office Supplies,Paper,6891,
OFF-PA-10004337,"Eaton Computer Printout Paper, Premium",Office Supplies,Paper,6892,
OFF-PA-10004343,"Enermax Memo Slips, Premium",Office Supplies,Paper,6893,
OFF-PA-10004353,Southworth 25% Cotton Premium Laser Paper and Envelopes,Office Supplies,Paper,6894,
OFF-PA-10004355,Xerox 231,Office Supplies,Paper,6895,
OFF-PA-10004359,Multicolor Computer Printout Paper,Office Supplies,Paper,6896,
OFF-PA-10004359,"Xerox Computer Printout Paper, Premium",Office Supplies,Paper,6897,
OFF-PA-10004379,"Enermax Computer Printout Paper, Premium",Office Supplies,Paper,6898,
OFF-PA-10004380,"SanDisk Memo Slips, Multicolor",Office Supplies,Paper,6899,
OFF-PA-10004381,14-7/8 x 11 Blue Bar Computer Printout Paper,Office Supplies,Paper,6900,
OFF-PA-10004385,"Eaton Parchment Paper, Premium",Office Supplies,Paper,6901,
OFF-PA-10004386,"Green Bar Note Cards, Premium",Office Supplies,Paper,6902,
OFF-PA-10004405,Rediform Voice Mail Log Books,Office Supplies,Paper,6903,
OFF-PA-10004411,"Xerox Memo Slips, Multicolor",Office Supplies,Paper,6904,
OFF-PA-10004421,"Enermax Memo Slips, Multicolor",Office Supplies,Paper,6905,
OFF-PA-10004429,"Xerox Memo Slips, Premium",Office Supplies,Paper,6906,
OFF-PA-10004433,"Green Bar Parchment Paper, Premium",Office Supplies,Paper,6907,
OFF-PA-10004438,Xerox 1907,Office Supplies,Paper,6908,
OFF-PA-10004444,"SanDisk Note Cards, Premium",Office Supplies,Paper,6909,
OFF-PA-10004450,"Xerox Cards & Envelopes, Recycled",Office Supplies,Paper,6910,
OFF-PA-10004451,Xerox 222,Office Supplies,Paper,6911,
OFF-PA-10004468,"SanDisk Note Cards, Premium",Office Supplies,Paper,6912,
OFF-PA-10004470,"Adams Write n' Stick Phone Message Book, 11"" X 5 1/4"", 200 Messages",Office Supplies,Paper,6913,
OFF-PA-10004470,"Green Bar Cards & Envelopes, Recycled",Office Supplies,Paper,6914,
OFF-PA-10004475,Xerox 1940,Office Supplies,Paper,6915,
OFF-PA-10004475,"Xerox Computer Printout Paper, 8.5 x 11",Office Supplies,Paper,6916,
OFF-PA-10004480,"Eaton Cards & Envelopes, Recycled",Office Supplies,Paper,6917,
OFF-PA-10004495,"SanDisk Note Cards, Premium",Office Supplies,Paper,6918,
OFF-PA-10004498,"Enermax Memo Slips, Multicolor",Office Supplies,Paper,6919,
OFF-PA-10004501,"SanDisk Memo Slips, Multicolor",Office Supplies,Paper,6920,
OFF-PA-10004519,Spiral Phone Message Books with Labels by Adams,Office Supplies,Paper,6921,
OFF-PA-10004530,Personal Creations Ink Jet Cards and Labels,Office Supplies,Paper,6922,
OFF-PA-10004531,"SanDisk Note Cards, 8.5 x 11",Office Supplies,Paper,6923,
OFF-PA-10004569,"Wirebound Message Books, Two 4 1/4"" x 5"" Forms per Page",Office Supplies,Paper,6924,
OFF-PA-10004573,"Enermax Memo Slips, Premium",Office Supplies,Paper,6925,
OFF-PA-10004589,"Green Bar Computer Printout Paper, Multicolor",Office Supplies,Paper,6926,
OFF-PA-10004600,"Xerox Cards & Envelopes, Premium",Office Supplies,Paper,6927,
OFF-PA-10004609,Xerox 221,Office Supplies,Paper,6928,
OFF-PA-10004610,Xerox 1900,Office Supplies,Paper,6929,
OFF-PA-10004613,"Green Bar Note Cards, Premium",Office Supplies,Paper,6930,
OFF-PA-10004621,Xerox 212,Office Supplies,Paper,6931,
OFF-PA-10004627,"Eaton Computer Printout Paper, Multicolor",Office Supplies,Paper,6932,
OFF-PA-10004640,"Eaton Message Books, Multicolor",Office Supplies,Paper,6933,
OFF-PA-10004641,"SanDisk Cards & Envelopes, Multicolor",Office Supplies,Paper,6934,
OFF-PA-10004648,"Xerox Message Books, Recycled",Office Supplies,Paper,6935,
OFF-PA-10004665,Advantus Motivational Note Cards,Office Supplies,Paper,6936,
OFF-PA-10004673,"Enermax Message Books, 8.5 x 11",Office Supplies,Paper,6937,
OFF-PA-10004673,"Green Bar Memo Slips, Recycled",Office Supplies,Paper,6938,
OFF-PA-10004673,"Xerox Message Books, Multicolor",Office Supplies,Paper,6939,
OFF-PA-10004673,"Eaton Note Cards, Multicolor",Office Supplies,Paper,6940,
OFF-PA-10004675,"Telephone Message Books with Fax/Mobile Section, 5 1/2"" x 3 3/16""",Office Supplies,Paper,6941,
OFF-PA-10004694,"Green Bar Cards & Envelopes, 8.5 x 11",Office Supplies,Paper,6942,
OFF-PA-10004727,"Eaton Note Cards, 8.5 x 11",Office Supplies,Paper,6943,
OFF-PA-10004733,Things To Do Today Spiral Book,Office Supplies,Paper,6944,
OFF-PA-10004734,Southworth Structures Collection,Office Supplies,Paper,6945,
OFF-PA-10004735,Xerox 1905,Office Supplies,Paper,6946,
OFF-PA-10004741,"SanDisk Cards & Envelopes, 8.5 x 11",Office Supplies,Paper,6947,
OFF-PA-10004746,"SanDisk Memo Slips, 8.5 x 11",Office Supplies,Paper,6948,
OFF-PA-10004756,"SanDisk Cards & Envelopes, Multicolor",Office Supplies,Paper,6949,
OFF-PA-10004761,"Green Bar Memo Slips, Premium",Office Supplies,Paper,6950,
OFF-PA-10004766,"Enermax Message Books, Premium",Office Supplies,Paper,6951,
OFF-PA-10004782,Xerox 228,Office Supplies,Paper,6952,
OFF-PA-10004815,"Xerox Note Cards, Premium",Office Supplies,Paper,6953,
OFF-PA-10004835,"Enermax Computer Printout Paper, Multicolor",Office Supplies,Paper,6954,
OFF-PA-10004842,"SanDisk Message Books, Recycled",Office Supplies,Paper,6955,
OFF-PA-10004849,"Xerox Computer Printout Paper, Multicolor",Office Supplies,Paper,6956,
OFF-PA-10004854,"Green Bar Cards & Envelopes, Recycled",Office Supplies,Paper,6957,
OFF-PA-10004856,"Xerox Memo Slips, Recycled",Office Supplies,Paper,6958,
OFF-PA-10004881,"Xerox Computer Printout Paper, Recycled",Office Supplies,Paper,6959,
OFF-PA-10004888,Xerox 217,Office Supplies,Paper,6960,
OFF-PA-10004910,"Eaton Message Books, Premium",Office Supplies,Paper,6961,
OFF-PA-10004911,"Rediform S.O.S. 1-Up Phone Message Bk, 4-1/4x3-1/16 Bk, 1 Form/Pg, 40 Messages/Bk, 3/Pk",Office Supplies,Paper,6962,
OFF-PA-10004918,"SanDisk Message Books, Recycled",Office Supplies,Paper,6963,
OFF-PA-10004923,"Xerox Memo Slips, Multicolor",Office Supplies,Paper,6964,
OFF-PA-10004930,"Xerox Note Cards, Recycled",Office Supplies,Paper,6965,
OFF-PA-10004943,"Enermax Memo Slips, 8.5 x 11",Office Supplies,Paper,6966,
OFF-PA-10004946,"SanDisk Note Cards, Multicolor",Office Supplies,Paper,6967,
OFF-PA-10004947,Staples,Office Supplies,Paper,6968,
OFF-PA-10004948,Xerox 190,Office Supplies,Paper,6969,
OFF-PA-10004965,Xerox 1921,Office Supplies,Paper,6970,
OFF-PA-10004968,"Enermax Computer Printout Paper, Multicolor",Office Supplies,Paper,6971,
OFF-PA-10004971,Xerox 196,Office Supplies,Paper,6972,
OFF-PA-10004983,Xerox 23,Office Supplies,Paper,6973,
OFF-PA-10004990,"SanDisk Computer Printout Paper, Recycled",Office Supplies,Paper,6974,
OFF-PA-10004990,"Xerox Note Cards, Recycled",Office Supplies,Paper,6975,
OFF-PA-10004994,"Green Bar Parchment Paper, Premium",Office Supplies,Paper,6976,
OFF-PA-10004996,"Speediset Carbonless Redi-Letter 7"" x 8 1/2""",Office Supplies,Paper,6977,
OFF-PA-10004998,"Green Bar Parchment Paper, Multicolor",Office Supplies,Paper,6978,
OFF-SAN-10000335,"SanDisk Parchment Paper, Premium",Office Supplies,Paper,7003,
OFF-SAN-10000722,"SanDisk Computer Printout Paper, Premium",Office Supplies,Paper,7004,
OFF-SAN-10000844,"SanDisk Parchment Paper, Recycled",Office Supplies,Paper,7005,
OFF-SAN-10000931,"SanDisk Message Books, 8.5 x 11",Office Supplies,Paper,7007,
OFF-SAN-10001074,"SanDisk Message Books, Premium",Office Supplies,Paper,7008,
OFF-SAN-10001094,"SanDisk Memo Slips, 8.5 x 11",Office Supplies,Paper,7009,
OFF-SAN-10001114,"SanDisk Cards & Envelopes, Multicolor",Office Supplies,Paper,7010,
OFF-SAN-10001237,"SanDisk Cards & Envelopes, Premium",Office Supplies,Paper,7012,
OFF-SAN-10001326,"SanDisk Note Cards, 8.5 x 11",Office Supplies,Paper,7014,
OFF-SAN-10001542,"SanDisk Note Cards, Multicolor",Office Supplies,Paper,7016,
OFF-SAN-10001546,"SanDisk Computer Printout Paper, Recycled",Office Supplies,Paper,7017,
OFF-SAN-10001681,"SanDisk Computer Printout Paper, 8.5 x 11",Office Supplies,Paper,7019,
OFF-SAN-10002020,"SanDisk Parchment Paper, Multicolor",Office Supplies,Paper,7022,
OFF-SAN-10002873,"SanDisk Cards & Envelopes, 8.5 x 11",Office Supplies,Paper,7028,
OFF-SAN-10003152,"SanDisk Memo Slips, Multicolor",Office Supplies,Paper,7030,
OFF-SAN-10003226,"SanDisk Message Books, Recycled",Office Supplies,Paper,7031,
OFF-SAN-10003318,"SanDisk Memo Slips, Premium",Office Supplies,Paper,7033,
OFF-SAN-10003393,"SanDisk Cards & Envelopes, Recycled",Office Supplies,Paper,7035,
OFF-SAN-10003660,"SanDisk Computer Printout Paper, Multicolor",Office Supplies,Paper,7037,
OFF-SAN-10004426,"SanDisk Note Cards, Premium",Office Supplies,Paper,7043,
OFF-SAN-10004602,"SanDisk Parchment Paper, 8.5 x 11",Office Supplies,Paper,7044,
OFF-SAN-10004618,"SanDisk Memo Slips, Recycled",Office Supplies,Paper,7045,
OFF-SAN-10004633,"SanDisk Message Books, Multicolor",Office Supplies,Paper,7046,
OFF-SAN-10004706,"SanDisk Note Cards, Premium",Office Supplies,Paper,7047,
OFF-XER-10000482,"Xerox Note Cards, Multicolor",Office Supplies,Paper,8263,
OFF-XER-10000566,"Xerox Note Cards, 8.5 x 11",Office Supplies,Paper,8264,
OFF-XER-10000641,"Xerox Cards & Envelopes, Recycled",Office Supplies,Paper,8265,
OFF-XER-10000846,"Xerox Cards & Envelopes, 8.5 x 11",Office Supplies,Paper,8266,
OFF-XER-10001429,"Xerox Parchment Paper, Recycled",Office Supplies,Paper,8267,
OFF-XER-10001454,"Xerox Parchment Paper, Multicolor",Office Supplies,Paper,8268,
OFF-XER-10001513,"Xerox Message Books, Recycled",Office Supplies,Paper,8269,
OFF-XER-10001746,"Xerox Message Books, Premium",Office Supplies,Paper,8270,
OFF-XER-10002256,"Xerox Note Cards, Recycled",Office Supplies,Paper,8271,
OFF-XER-10002848,"Xerox Message Books, Multicolor",Office Supplies,Paper,8272,
OFF-XER-10002906,"Xerox Memo Slips, Premium",Office Supplies,Paper,8273,
OFF-XER-10002982,"Xerox Memo Slips, 8.5 x 11",Office Supplies,Paper,8274,
OFF-XER-10003104,"Xerox Memo Slips, Recycled",Office Supplies,Paper,8275,
OFF-XER-10003203,"Xerox Computer Printout Paper, Recycled",Office Supplies,Paper,8276,
OFF-XER-10003300,"Xerox Message Books, 8.5 x 11",Office Supplies,Paper,8277,
OFF-XER-10003329,"Xerox Computer Printout Paper, Multicolor",Office Supplies,Paper,8278,
OFF-XER-10003495,"Xerox Cards & Envelopes, Premium",Office Supplies,Paper,8279,
OFF-XER-10003600,"Xerox Memo Slips, Multicolor",Office Supplies,Paper,8280,
OFF-XER-10003901,"Xerox Computer Printout Paper, 8.5 x 11",Office Supplies,Paper,8281,
OFF-XER-10004012,"Xerox Note Cards, Premium",Office Supplies,Paper,8282,
OFF-XER-10004042,"Xerox Parchment Paper, Premium",Office Supplies,Paper,8283,
OFF-XER-10004519,"Xerox Cards & Envelopes, Multicolor",Office Supplies,Paper,8284,
OFF-XER-10004820,"Xerox Computer Printout Paper, Premium",Office Supplies,Paper,8285,
OFF-ACC-10000102,"Acco Binding Machine, Clear",Office Supplies,Binders,2331,
OFF-ACC-10000218,"Acco Hole Reinforcements, Durable",Office Supplies,Binders,2332,
OFF-ACC-10000233,"Acco Binder, Economy",Office Supplies,Binders,2333,
OFF-ACC-10000307,"Acco Index Tab, Clear",Office Supplies,Binders,2334,
OFF-ACC-10000798,"Acco Hole Reinforcements, Economy",Office Supplies,Binders,2338,
OFF-ACC-10000808,"Acco 3-Hole Punch, Economy",Office Supplies,Binders,2339,
OFF-ACC-10001285,"Acco Index Tab, Clear",Office Supplies,Binders,2342,
OFF-ACC-10001703,"Acco Binder, Recycled",Office Supplies,Binders,2343,
OFF-ACC-10001993,"Acco Binder Covers, Clear",Office Supplies,Binders,2344,
OFF-ACC-10002220,"Acco Binding Machine, Economy",Office Supplies,Binders,2346,
OFF-ACC-10002343,"Acco 3-Hole Punch, Durable",Office Supplies,Binders,2348,
OFF-ACC-10002680,"Acco Binding Machine, Recycled",Office Supplies,Binders,2350,
OFF-ACC-10002772,"Acco Index Tab, Economy",Office Supplies,Binders,2351,
OFF-ACC-10002849,"Acco 3-Hole Punch, Clear",Office Supplies,Binders,2353,
OFF-ACC-10003422,"Acco Binder, Durable",Office Supplies,Binders,2356,
OFF-ACC-10003636,"Acco Binding Machine, Durable",Office Supplies,Binders,2357,
OFF-ACC-10003788,"Acco Hole Reinforcements, Clear",Office Supplies,Binders,2360,
OFF-ACC-10004008,"Acco Binder Covers, Durable",Office Supplies,Binders,2365,
OFF-ACC-10004182,"Acco Index Tab, Durable",Office Supplies,Binders,2366,
OFF-ACC-10004281,"Acco Hole Reinforcements, Recycled",Office Supplies,Binders,2368,
OFF-ACC-10004322,"Acco Binder, Clear",Office Supplies,Binders,2369,
OFF-ACC-10004538,"Acco Binder Covers, Recycled",Office Supplies,Binders,2372,
OFF-ACC-10004692,"Acco 3-Hole Punch, Recycled",Office Supplies,Binders,2373,
OFF-ACC-10004871,"Acco Binder Covers, Economy",Office Supplies,Binders,2377,
OFF-AVE-10000357,"Avery Binder Covers, Clear",Office Supplies,Binders,3510,
OFF-AVE-10000432,"Avery Index Tab, Clear",Office Supplies,Binders,3512,
OFF-AVE-10000543,"Avery Hole Reinforcements, Clear",Office Supplies,Binders,3513,
OFF-AVE-10000608,"Avery Index Tab, Economy",Office Supplies,Binders,3515,
OFF-AVE-10001750,"Avery 3-Hole Punch, Clear",Office Supplies,Binders,3522,
OFF-AVE-10001847,"Avery Binder, Clear",Office Supplies,Binders,3523,
OFF-AVE-10002024,"Avery Index Tab, Durable",Office Supplies,Binders,3525,
OFF-AVE-10002079,"Avery Binding Machine, Durable",Office Supplies,Binders,3526,
OFF-AVE-10002102,"Avery 3-Hole Punch, Economy",Office Supplies,Binders,3527,
OFF-AVE-10002311,"Avery Binder Covers, Durable",Office Supplies,Binders,3529,
OFF-AVE-10002892,"Avery 3-Hole Punch, Recycled",Office Supplies,Binders,3530,
OFF-AVE-10003279,"Avery Hole Reinforcements, Durable",Office Supplies,Binders,3531,
OFF-AVE-10003465,"Avery Binder, Economy",Office Supplies,Binders,3532,
OFF-AVE-10003549,"Avery Binding Machine, Recycled",Office Supplies,Binders,3534,
OFF-AVE-10003740,"Avery Binding Machine, Clear",Office Supplies,Binders,3536,
OFF-AVE-10004251,"Avery Binding Machine, Economy",Office Supplies,Binders,3539,
OFF-AVE-10004308,"Avery Binder, Durable",Office Supplies,Binders,3540,
OFF-AVE-10004312,"Avery Index Tab, Clear",Office Supplies,Binders,3542,
OFF-AVE-10004512,"Avery Hole Reinforcements, Economy",Office Supplies,Binders,3546,
OFF-AVE-10004556,"Avery Hole Reinforcements, Recycled",Office Supplies,Binders,3548,
OFF-AVE-10004570,"Avery Binder Covers, Economy",Office Supplies,Binders,3549,
OFF-AVE-10004708,"Avery Binder, Recycled",Office Supplies,Binders,3550,
OFF-AVE-10004827,"Avery Binder Covers, Recycled",Office Supplies,Binders,3552,
OFF-AVE-10004909,"Avery 3-Hole Punch, Durable",Office Supplies,Binders,3554,
OFF-BI-10000006,"Ibico Binder, Durable",Office Supplies,Binders,3555,
OFF-BI-10000014,Heavy-Duty E-Z-D Binders,Office Supplies,Binders,3556,
OFF-BI-10000029,"Ibico Binding Machine, Recycled",Office Supplies,Binders,3557,
OFF-BI-10000042,"Pressboard Data Binder, Crimson, 12"" X 8 1/2""",Office Supplies,Binders,3558,
OFF-BI-10000042,"Cardinal Index Tab, Clear",Office Supplies,Binders,3559,
OFF-BI-10000050,"Angle-D Binders with Locking Rings, Label Holders",Office Supplies,Binders,3560,
OFF-BI-10000051,"Ibico Binding Machine, Economy",Office Supplies,Binders,3561,
OFF-BI-10000069,"GBC Prepunched Paper, 19-Hole, for Binding Systems, 24-lb",Office Supplies,Binders,3562,
OFF-BI-10000070,"Wilson Jones 3-Hole Punch, Clear",Office Supplies,Binders,3563,
OFF-BI-10000081,"Ibico Index Tab, Clear",Office Supplies,Binders,3564,
OFF-BI-10000088,GBC Imprintable Covers,Office Supplies,Binders,3565,
OFF-BI-10000089,"Wilson Jones 3-Hole Punch, Recycled",Office Supplies,Binders,3566,
OFF-BI-10000106,"Cardinal Hole Reinforcements, Clear",Office Supplies,Binders,3567,
OFF-BI-10000115,"Acco Hole Reinforcements, Clear",Office Supplies,Binders,3568,
OFF-BI-10000121,"Cardinal Index Tab, Clear",Office Supplies,Binders,3569,
OFF-BI-10000124,"Acco Binder Covers, Clear",Office Supplies,Binders,3570,
OFF-BI-10000126,"Ibico Hole Reinforcements, Durable",Office Supplies,Binders,3571,
OFF-BI-10000136,Avery Non-Stick Heavy Duty View Round Locking Ring Binders,Office Supplies,Binders,3572,
OFF-BI-10000136,"Ibico Index Tab, Durable",Office Supplies,Binders,3573,
OFF-BI-10000138,Acco Translucent Poly Ring Binders,Office Supplies,Binders,3574,
OFF-BI-10000145,Zipper Ring Binder Pockets,Office Supplies,Binders,3575,
OFF-BI-10000168,"Cardinal Hole Reinforcements, Recycled",Office Supplies,Binders,3576,
OFF-BI-10000171,"Wilson Jones Index Tab, Recycled",Office Supplies,Binders,3577,
OFF-BI-10000172,"Ibico Index Tab, Clear",Office Supplies,Binders,3578,
OFF-BI-10000174,"Wilson Jones Clip & Carry Folder Binder Tool for Ring Binders, Clear",Office Supplies,Binders,3579,
OFF-BI-10000179,"Wilson Jones 3-Hole Punch, Economy",Office Supplies,Binders,3580,
OFF-BI-10000185,"Cardinal Binder Covers, Recycled",Office Supplies,Binders,3581,
OFF-BI-10000188,"Cardinal Hole Reinforcements, Economy",Office Supplies,Binders,3582,
OFF-BI-10000201,"Avery Triangle Shaped Sheet Lifters, Black, 2/Pack",Office Supplies,Binders,3583,
OFF-BI-10000206,"Wilson Jones Binder Covers, Economy",Office Supplies,Binders,3584,
OFF-BI-10000216,"Mead 1st Gear 2"" Zipper Binder, Asst. Colors",Office Supplies,Binders,3585,
OFF-BI-10000232,"Ibico 3-Hole Punch, Durable",Office Supplies,Binders,3586,
OFF-BI-10000267,"Ibico Hole Reinforcements, Clear",Office Supplies,Binders,3587,
OFF-BI-10000279,"Acco Recycled 2"" Capacity Laser Printer Hanging Data Binders",Office Supplies,Binders,3588,
OFF-BI-10000280,"Ibico Hole Reinforcements, Economy",Office Supplies,Binders,3589,
OFF-BI-10000282,"Ibico Binder, Durable",Office Supplies,Binders,3590,
OFF-BI-10000285,XtraLife ClearVue Slant-D Ring Binders by Cardinal,Office Supplies,Binders,3591,
OFF-BI-10000287,"Wilson Jones Index Tab, Recycled",Office Supplies,Binders,3592,
OFF-BI-10000289,"Wilson Jones Binder Covers, Recycled",Office Supplies,Binders,3593,
OFF-BI-10000301,GBC Instant Report Kit,Office Supplies,Binders,3594,
OFF-BI-10000305,"Cardinal 3-Hole Punch, Durable",Office Supplies,Binders,3595,
OFF-BI-10000305,"Wilson Jones Index Tab, Durable",Office Supplies,Binders,3596,
OFF-BI-10000308,"Cardinal Binder Covers, Durable",Office Supplies,Binders,3597,
OFF-BI-10000309,"GBC Twin Loop Wire Binding Elements, 9/16"" Spine, Black",Office Supplies,Binders,3598,
OFF-BI-10000312,"Cardinal Binder Covers, Economy",Office Supplies,Binders,3599,
OFF-BI-10000315,Poly Designer Cover & Back,Office Supplies,Binders,3600,
OFF-BI-10000320,GBC Plastic Binding Combs,Office Supplies,Binders,3601,
OFF-BI-10000323,"Wilson Jones 3-Hole Punch, Clear",Office Supplies,Binders,3602,
OFF-BI-10000325,"Wilson Jones Binder Covers, Recycled",Office Supplies,Binders,3603,
OFF-BI-10000328,"Acco Binding Machine, Clear",Office Supplies,Binders,3604,
OFF-BI-10000329,"Acco Binder, Durable",Office Supplies,Binders,3605,
OFF-BI-10000335,"Cardinal 3-Hole Punch, Durable",Office Supplies,Binders,3606,
OFF-BI-10000340,"Avery Binding Machine, Clear",Office Supplies,Binders,3607,
OFF-BI-10000341,"Ibico Binding Machine, Recycled",Office Supplies,Binders,3608,
OFF-BI-10000343,"Pressboard Covers with Storage Hooks, 9 1/2"" x 11"", Light Blue",Office Supplies,Binders,3609,
OFF-BI-10000346,"Ibico 3-Hole Punch, Clear",Office Supplies,Binders,3610,
OFF-BI-10000348,"Cardinal Index Tab, Durable",Office Supplies,Binders,3611,
OFF-BI-10000359,"Ibico Binder Covers, Durable",Office Supplies,Binders,3612,
OFF-BI-10000368,"Avery Binder Covers, Durable",Office Supplies,Binders,3613,
OFF-BI-10000373,"Ibico Hole Reinforcements, Economy",Office Supplies,Binders,3614,
OFF-BI-10000389,"Ibico Binding Machine, Clear",Office Supplies,Binders,3615,
OFF-BI-10000390,"Cardinal Index Tab, Clear",Office Supplies,Binders,3616,
OFF-BI-10000397,"Wilson Jones Hole Reinforcements, Durable",Office Supplies,Binders,3617,
OFF-BI-10000404,Avery Printable Repositionable Plastic Tabs,Office Supplies,Binders,3618,
OFF-BI-10000404,"Avery Binder Covers, Clear",Office Supplies,Binders,3619,
OFF-BI-10000419,"Wilson Jones 3-Hole Punch, Recycled",Office Supplies,Binders,3620,
OFF-BI-10000423,"Acco 3-Hole Punch, Recycled",Office Supplies,Binders,3621,
OFF-BI-10000439,"Acco Hole Reinforcements, Economy",Office Supplies,Binders,3622,
OFF-BI-10000440,"Acco Index Tab, Economy",Office Supplies,Binders,3623,
OFF-BI-10000474,Avery Recycled Flexi-View Covers for Binding Systems,Office Supplies,Binders,3624,
OFF-BI-10000482,"Acco 3-Hole Punch, Recycled",Office Supplies,Binders,3625,
OFF-BI-10000490,"Cardinal Binder, Recycled",Office Supplies,Binders,3626,
OFF-BI-10000494,Acco Economy Flexible Poly Round Ring Binder,Office Supplies,Binders,3627,
OFF-BI-10000501,"Cardinal Binder, Durable",Office Supplies,Binders,3628,
OFF-BI-10000506,"Ibico Binder, Economy",Office Supplies,Binders,3629,
OFF-BI-10000517,"Acco Binder, Durable",Office Supplies,Binders,3630,
OFF-BI-10000518,"Wilson Jones Index Tab, Clear",Office Supplies,Binders,3631,
OFF-BI-10000538,"Acco Binding Machine, Clear",Office Supplies,Binders,3632,
OFF-BI-10000542,"Ibico Binder Covers, Recycled",Office Supplies,Binders,3633,
OFF-BI-10000542,"Wilson Jones 3-Hole Punch, Durable",Office Supplies,Binders,3634,
OFF-BI-10000545,GBC Ibimaster 500 Manual ProClick Binding System,Office Supplies,Binders,3635,
OFF-BI-10000546,Avery Durable Binders,Office Supplies,Binders,3636,
OFF-BI-10000561,"Acco Binding Machine, Durable",Office Supplies,Binders,3637,
OFF-BI-10000563,"Acco Hole Reinforcements, Durable",Office Supplies,Binders,3638,
OFF-BI-10000583,"Wilson Jones Hole Reinforcements, Clear",Office Supplies,Binders,3639,
OFF-BI-10000590,"Wilson Jones Binding Machine, Clear",Office Supplies,Binders,3640,
OFF-BI-10000591,Avery Binder Labels,Office Supplies,Binders,3641,
OFF-BI-10000605,"Acco Pressboard Covers with Storage Hooks, 9 1/2"" x 11"", Executive Red",Office Supplies,Binders,3642,
OFF-BI-10000620,"Wilson Jones Index Tab, Economy",Office Supplies,Binders,3643,
OFF-BI-10000621,"Ibico 3-Hole Punch, Economy",Office Supplies,Binders,3644,
OFF-BI-10000631,"Wilson Jones 3-Hole Punch, Economy",Office Supplies,Binders,3645,
OFF-BI-10000632,Satellite Sectional Post Binders,Office Supplies,Binders,3646,
OFF-BI-10000636,"Ibico Hole Reinforcements, Recycled",Office Supplies,Binders,3647,
OFF-BI-10000666,Surelock Post Binders,Office Supplies,Binders,3648,
OFF-BI-10000698,"Wilson Jones Hole Reinforcements, Recycled",Office Supplies,Binders,3649,
OFF-BI-10000707,"Wilson Jones 3-Hole Punch, Economy",Office Supplies,Binders,3650,
OFF-BI-10000719,"Wilson Jones Hole Reinforcements, Clear",Office Supplies,Binders,3651,
OFF-BI-10000721,"Ibico Binder Covers, Recycled",Office Supplies,Binders,3652,
OFF-BI-10000724,"Avery Hole Reinforcements, Recycled",Office Supplies,Binders,3653,
OFF-BI-10000725,"Wilson Jones Binding Machine, Durable",Office Supplies,Binders,3654,
OFF-BI-10000734,"Avery Binding Machine, Recycled",Office Supplies,Binders,3655,
OFF-BI-10000756,Storex DuraTech Recycled Plastic Frosted Binders,Office Supplies,Binders,3656,
OFF-BI-10000765,"Avery Hole Reinforcements, Durable",Office Supplies,Binders,3657,
OFF-BI-10000769,"Ibico Binder Covers, Clear",Office Supplies,Binders,3658,
OFF-BI-10000773,Insertable Tab Post Binder Dividers,Office Supplies,Binders,3659,
OFF-BI-10000777,"Ibico Binder Covers, Clear",Office Supplies,Binders,3660,
OFF-BI-10000778,GBC VeloBinder Electric Binding Machine,Office Supplies,Binders,3661,
OFF-BI-10000787,"Acco Hole Reinforcements, Economy",Office Supplies,Binders,3662,
OFF-BI-10000806,"Acco Index Tab, Economy",Office Supplies,Binders,3663,
OFF-BI-10000813,"Cardinal Binding Machine, Economy",Office Supplies,Binders,3664,
OFF-BI-10000814,"Wilson Jones Binder, Recycled",Office Supplies,Binders,3665,
OFF-BI-10000815,"Ibico 3-Hole Punch, Durable",Office Supplies,Binders,3666,
OFF-BI-10000816,"Ibico 3-Hole Punch, Recycled",Office Supplies,Binders,3667,
OFF-BI-10000821,"Acco Hole Reinforcements, Durable",Office Supplies,Binders,3668,
OFF-BI-10000822,"Acco PRESSTEX Data Binder with Storage Hooks, Light Blue, 9 1/2"" X 11""",Office Supplies,Binders,3669,
OFF-BI-10000827,"Acco Binder, Recycled",Office Supplies,Binders,3670,
OFF-BI-10000829,Avery Non-Stick Binders,Office Supplies,Binders,3671,
OFF-BI-10000831,Storex Flexible Poly Binders with Double Pockets,Office Supplies,Binders,3672,
OFF-BI-10000844,"Wilson Jones Hole Reinforcements, Economy",Office Supplies,Binders,3673,
OFF-BI-10000848,Angle-D Ring Binders,Office Supplies,Binders,3674,
OFF-BI-10000854,"Acco Binder Covers, Economy",Office Supplies,Binders,3675,
OFF-BI-10000871,"Wilson Jones Binder Covers, Recycled",Office Supplies,Binders,3676,
OFF-BI-10000880,"Wilson Jones Binder, Recycled",Office Supplies,Binders,3677,
OFF-BI-10000894,"Avery Binder Covers, Clear",Office Supplies,Binders,3678,
OFF-BI-10000925,"Avery Hole Reinforcements, Economy",Office Supplies,Binders,3679,
OFF-BI-10000928,"Ibico Binder, Clear",Office Supplies,Binders,3680,
OFF-BI-10000930,"Avery Hole Reinforcements, Clear",Office Supplies,Binders,3681,
OFF-BI-10000948,"GBC Laser Imprintable Binding System Covers, Desert Sand",Office Supplies,Binders,3682,
OFF-BI-10000960,"Wilson Jones Hole Reinforcements, Clear",Office Supplies,Binders,3683,
OFF-BI-10000962,"Acco Flexible ACCOHIDE Square Ring Data Binder, Dark Blue, 11 1/2"" X 14"" 7/8""",Office Supplies,Binders,3684,
OFF-BI-10000963,"Acco Index Tab, Clear",Office Supplies,Binders,3685,
OFF-BI-10000968,"Acco Hole Reinforcements, Recycled",Office Supplies,Binders,3686,
OFF-BI-10000972,"Acco 3-Hole Punch, Economy",Office Supplies,Binders,3687,
OFF-BI-10000977,Ibico Plastic Spiral Binding Combs,Office Supplies,Binders,3688,
OFF-BI-10001002,"Avery Binder Covers, Recycled",Office Supplies,Binders,3689,
OFF-BI-10001028,"Ibico 3-Hole Punch, Clear",Office Supplies,Binders,3690,
OFF-BI-10001031,Pressboard Data Binders by Wilson Jones,Office Supplies,Binders,3691,
OFF-BI-10001032,"Avery Binding Machine, Recycled",Office Supplies,Binders,3692,
OFF-BI-10001036,Cardinal EasyOpen D-Ring Binders,Office Supplies,Binders,3693,
OFF-BI-10001049,"Ibico Index Tab, Clear",Office Supplies,Binders,3694,
OFF-BI-10001055,"Wilson Jones Hole Reinforcements, Durable",Office Supplies,Binders,3695,
OFF-BI-10001058,"Ibico Binding Machine, Clear",Office Supplies,Binders,3696,
OFF-BI-10001067,"Avery Binder, Recycled",Office Supplies,Binders,3697,
OFF-BI-10001071,GBC ProClick Punch Binding System,Office Supplies,Binders,3698,
OFF-BI-10001072,"GBC Clear Cover, 8-1/2 x 11, unpunched, 25 covers per pack",Office Supplies,Binders,3699,
OFF-BI-10001078,"Acco PRESSTEX Data Binder with Storage Hooks, Dark Blue, 14 7/8"" X 11""",Office Supplies,Binders,3700,
OFF-BI-10001089,"Acco Binding Machine, Clear",Office Supplies,Binders,3701,
OFF-BI-10001096,"Ibico Binder Covers, Durable",Office Supplies,Binders,3702,
OFF-BI-10001097,Avery Hole Reinforcements,Office Supplies,Binders,3703,
OFF-BI-10001097,"Ibico 3-Hole Punch, Durable",Office Supplies,Binders,3704,
OFF-BI-10001098,Acco D-Ring Binder w/DublLock,Office Supplies,Binders,3705,
OFF-BI-10001107,"GBC White Gloss Covers, Plain Front",Office Supplies,Binders,3706,
OFF-BI-10001116,"Wilson Jones 1"" Hanging DublLock Ring Binders",Office Supplies,Binders,3707,
OFF-BI-10001119,"Wilson Jones Index Tab, Clear",Office Supplies,Binders,3708,
OFF-BI-10001120,Ibico EPK-21 Electric Binding System,Office Supplies,Binders,3709,
OFF-BI-10001124,"Ibico Binder Covers, Clear",Office Supplies,Binders,3710,
OFF-BI-10001132,"Acco PRESSTEX Data Binder with Storage Hooks, Dark Blue, 9 1/2"" X 11""",Office Supplies,Binders,3711,
OFF-BI-10001135,"Avery Hole Reinforcements, Durable",Office Supplies,Binders,3712,
OFF-BI-10001138,"Acco 3-Hole Punch, Clear",Office Supplies,Binders,3713,
OFF-BI-10001150,"Avery Index Tab, Economy",Office Supplies,Binders,3714,
OFF-BI-10001153,Ibico Recycled Grain-Textured Covers,Office Supplies,Binders,3715,
OFF-BI-10001167,"Wilson Jones Binder, Clear",Office Supplies,Binders,3716,
OFF-BI-10001183,"Avery 3-Hole Punch, Clear",Office Supplies,Binders,3717,
OFF-BI-10001191,"Wilson Jones Hole Reinforcements, Recycled",Office Supplies,Binders,3718,
OFF-BI-10001191,Canvas Sectional Post Binders,Office Supplies,Binders,3719,
OFF-BI-10001192,"Cardinal Binder, Clear",Office Supplies,Binders,3720,
OFF-BI-10001196,"Avery Flip-Chart Easel Binder, Black",Office Supplies,Binders,3721,
OFF-BI-10001199,"Acco Index Tab, Durable",Office Supplies,Binders,3722,
OFF-BI-10001200,"Avery Binder, Durable",Office Supplies,Binders,3723,
OFF-BI-10001248,"Avery Binder, Economy",Office Supplies,Binders,3724,
OFF-BI-10001249,"Acco Hole Reinforcements, Recycled",Office Supplies,Binders,3725,
OFF-BI-10001249,Avery Heavy-Duty EZD View Binder with Locking Rings,Office Supplies,Binders,3726,
OFF-BI-10001253,"Acco Binder Covers, Recycled",Office Supplies,Binders,3727,
OFF-BI-10001254,"Avery Binding Machine, Recycled",Office Supplies,Binders,3728,
OFF-BI-10001266,"Acco 3-Hole Punch, Economy",Office Supplies,Binders,3729,
OFF-BI-10001267,"Universal Recycled Hanging Pressboard Report Binders, Letter Size",Office Supplies,Binders,3730,
OFF-BI-10001275,"Avery Index Tab, Durable",Office Supplies,Binders,3731,
OFF-BI-10001279,"Wilson Jones 3-Hole Punch, Durable",Office Supplies,Binders,3732,
OFF-BI-10001284,"Ibico Hole Reinforcements, Clear",Office Supplies,Binders,3733,
OFF-BI-10001286,"Ibico Hole Reinforcements, Durable",Office Supplies,Binders,3734,
OFF-BI-10001293,"Acco 3-Hole Punch, Clear",Office Supplies,Binders,3735,
OFF-BI-10001294,Fellowes Binding Cases,Office Supplies,Binders,3736,
OFF-BI-10001304,"Cardinal 3-Hole Punch, Recycled",Office Supplies,Binders,3737,
OFF-BI-10001305,"Cardinal Binder, Clear",Office Supplies,Binders,3738,
OFF-BI-10001308,GBC Standard Plastic Binding Systems' Combs,Office Supplies,Binders,3739,
OFF-BI-10001312,"Cardinal 3-Hole Punch, Clear",Office Supplies,Binders,3740,
OFF-BI-10001324,"Acco 3-Hole Punch, Economy",Office Supplies,Binders,3741,
OFF-BI-10001324,"Ibico Hole Reinforcements, Clear",Office Supplies,Binders,3742,
OFF-BI-10001326,"Cardinal Binder, Recycled",Office Supplies,Binders,3743,
OFF-BI-10001347,"Cardinal Binder Covers, Economy",Office Supplies,Binders,3744,
OFF-BI-10001359,GBC DocuBind TL300 Electric Binding System,Office Supplies,Binders,3745,
OFF-BI-10001362,"Avery Binder, Clear",Office Supplies,Binders,3746,
OFF-BI-10001384,"Cardinal Binder, Economy",Office Supplies,Binders,3747,
OFF-BI-10001397,"Ibico Binder, Economy",Office Supplies,Binders,3748,
OFF-BI-10001399,"Avery Binder Covers, Clear",Office Supplies,Binders,3749,
OFF-BI-10001400,"Cardinal 3-Hole Punch, Economy",Office Supplies,Binders,3750,
OFF-BI-10001407,"Acco Binder Covers, Recycled",Office Supplies,Binders,3751,
OFF-BI-10001422,"Cardinal 3-Hole Punch, Clear",Office Supplies,Binders,3752,
OFF-BI-10001430,"Cardinal Index Tab, Clear",Office Supplies,Binders,3753,
OFF-BI-10001456,"Avery Binder, Economy",Office Supplies,Binders,3754,
OFF-BI-10001460,Plastic Binding Combs,Office Supplies,Binders,3755,
OFF-BI-10001504,"Avery Binding Machine, Durable",Office Supplies,Binders,3756,
OFF-BI-10001507,"Wilson Jones Binder Covers, Economy",Office Supplies,Binders,3757,
OFF-BI-10001507,"Ibico Binder, Durable",Office Supplies,Binders,3758,
OFF-BI-10001510,Deluxe Heavy-Duty Vinyl Round Ring Binder,Office Supplies,Binders,3759,
OFF-BI-10001524,GBC Premium Transparent Covers with Diagonal Lined Pattern,Office Supplies,Binders,3760,
OFF-BI-10001525,"Acco Pressboard Covers with Storage Hooks, 14 7/8"" x 11"", Executive Red",Office Supplies,Binders,3761,
OFF-BI-10001533,"Wilson Jones Binding Machine, Recycled",Office Supplies,Binders,3762,
OFF-BI-10001543,GBC VeloBinder Manual Binding System,Office Supplies,Binders,3763,
OFF-BI-10001544,"Wilson Jones Hole Reinforcements, Clear",Office Supplies,Binders,3764,
OFF-BI-10001546,"Acco Index Tab, Clear",Office Supplies,Binders,3765,
OFF-BI-10001553,SpineVue Locking Slant-D Ring Binders by Cardinal,Office Supplies,Binders,3766,
OFF-BI-10001568,"Ibico Binder Covers, Economy",Office Supplies,Binders,3767,
OFF-BI-10001575,GBC Linen Binding Covers,Office Supplies,Binders,3768,
OFF-BI-10001597,"Wilson Jones Ledger-Size, Piano-Hinge Binder, 2"", Blue",Office Supplies,Binders,3769,
OFF-BI-10001598,"Avery Hole Reinforcements, Recycled",Office Supplies,Binders,3770,
OFF-BI-10001613,"Ibico Hole Reinforcements, Clear",Office Supplies,Binders,3771,
OFF-BI-10001617,GBC Wire Binding Combs,Office Supplies,Binders,3772,
OFF-BI-10001621,"Cardinal Binding Machine, Economy",Office Supplies,Binders,3773,
OFF-BI-10001622,"Acco 3-Hole Punch, Durable",Office Supplies,Binders,3774,
OFF-BI-10001628,"Acco Data Flex Cable Posts For Top & Bottom Load Binders, 6"" Capacity",Office Supplies,Binders,3775,
OFF-BI-10001634,Wilson Jones Active Use Binders,Office Supplies,Binders,3776,
OFF-BI-10001636,Ibico Plastic and Wire Spiral Binding Combs,Office Supplies,Binders,3777,
OFF-BI-10001639,"Acco Binder, Economy",Office Supplies,Binders,3778,
OFF-BI-10001643,"Acco Binder, Recycled",Office Supplies,Binders,3779,
OFF-BI-10001645,"Ibico Binding Machine, Recycled",Office Supplies,Binders,3780,
OFF-BI-10001650,"Avery 3-Hole Punch, Economy",Office Supplies,Binders,3781,
OFF-BI-10001658,GBC Standard Therm-A-Bind Covers,Office Supplies,Binders,3782,
OFF-BI-10001659,"Cardinal Index Tab, Clear",Office Supplies,Binders,3783,
OFF-BI-10001662,"Wilson Jones Binder Covers, Durable",Office Supplies,Binders,3784,
OFF-BI-10001662,"Avery Binder, Recycled",Office Supplies,Binders,3785,
OFF-BI-10001670,Vinyl Sectional Post Binders,Office Supplies,Binders,3786,
OFF-BI-10001679,GBC Instant Index System for Binding Systems,Office Supplies,Binders,3787,
OFF-BI-10001685,"Avery Index Tab, Durable",Office Supplies,Binders,3788,
OFF-BI-10001717,"Avery Hole Reinforcements, Durable",Office Supplies,Binders,3789,
OFF-BI-10001718,GBC DocuBind P50 Personal Binding Machine,Office Supplies,Binders,3790,
OFF-BI-10001721,Trimflex Flexible Post Binders,Office Supplies,Binders,3791,
OFF-BI-10001723,"Avery Binder, Clear",Office Supplies,Binders,3792,
OFF-BI-10001744,"Acco Binding Machine, Economy",Office Supplies,Binders,3793,
OFF-BI-10001754,"Ibico Binder Covers, Recycled",Office Supplies,Binders,3794,
OFF-BI-10001757,Pressboard Hanging Data Binders for Unburst Sheets,Office Supplies,Binders,3795,
OFF-BI-10001758,Wilson Jones 14 Line Acrylic Coated Pressboard Data Binders,Office Supplies,Binders,3796,
OFF-BI-10001759,"Acco Pressboard Covers with Storage Hooks, 14 7/8"" x 11"", Dark Blue",Office Supplies,Binders,3797,
OFF-BI-10001765,Wilson Jones Heavy-Duty Casebound Ring Binders with Metal Hinges,Office Supplies,Binders,3798,
OFF-BI-10001787,Wilson Jones Four-Pocket Poly Binders,Office Supplies,Binders,3799,
OFF-BI-10001804,"Avery Binder, Recycled",Office Supplies,Binders,3800,
OFF-BI-10001808,"Cardinal Binding Machine, Clear",Office Supplies,Binders,3801,
OFF-BI-10001808,"Ibico Index Tab, Clear",Office Supplies,Binders,3802,
OFF-BI-10001815,"Acco Index Tab, Economy",Office Supplies,Binders,3803,
OFF-BI-10001819,"Cardinal Binder, Clear",Office Supplies,Binders,3804,
OFF-BI-10001820,"Wilson Jones Binding Machine, Durable",Office Supplies,Binders,3805,
OFF-BI-10001833,"Ibico Hole Reinforcements, Recycled",Office Supplies,Binders,3806,
OFF-BI-10001843,"Wilson Jones Index Tab, Durable",Office Supplies,Binders,3807,
OFF-BI-10001858,"Ibico Binding Machine, Durable",Office Supplies,Binders,3808,
OFF-BI-10001867,"Acco Binder Covers, Recycled",Office Supplies,Binders,3809,
OFF-BI-10001885,"Avery Binder Covers, Economy",Office Supplies,Binders,3810,
OFF-BI-10001890,Avery Poly Binder Pockets,Office Supplies,Binders,3811,
OFF-BI-10001892,"Ibico Hole Reinforcements, Recycled",Office Supplies,Binders,3812,
OFF-BI-10001895,"Ibico Binding Machine, Economy",Office Supplies,Binders,3813,
OFF-BI-10001900,"DXL Angle-View Binders with Locking Rings, Black",Office Supplies,Binders,3814,
OFF-BI-10001900,"Wilson Jones Binder Covers, Clear",Office Supplies,Binders,3815,
OFF-BI-10001904,"Cardinal Binder Covers, Durable",Office Supplies,Binders,3816,
OFF-BI-10001922,Storex Dura Pro Binders,Office Supplies,Binders,3817,
OFF-BI-10001927,"Ibico Binding Machine, Durable",Office Supplies,Binders,3818,
OFF-BI-10001967,"Acco Binder, Recycled",Office Supplies,Binders,3819,
OFF-BI-10001973,"Wilson Jones 3-Hole Punch, Clear",Office Supplies,Binders,3820,
OFF-BI-10001982,Wilson Jones Custom Binder Spines & Labels,Office Supplies,Binders,3821,
OFF-BI-10001984,"Ibico Binding Machine, Economy",Office Supplies,Binders,3822,
OFF-BI-10001987,"Acco Binding Machine, Economy",Office Supplies,Binders,3823,
OFF-BI-10001989,Premium Transparent Presentation Covers by GBC,Office Supplies,Binders,3824,
OFF-BI-10002003,Ibico Presentation Index for Binding Systems,Office Supplies,Binders,3825,
OFF-BI-10002005,"Acco Index Tab, Clear",Office Supplies,Binders,3826,
OFF-BI-10002012,Wilson Jones Easy Flow II Sheet Lifters,Office Supplies,Binders,3827,
OFF-BI-10002026,Avery Arch Ring Binders,Office Supplies,Binders,3828,
OFF-BI-10002026,Ibico Recycled Linen-Style Covers,Office Supplies,Binders,3829,
OFF-BI-10002040,"Ibico 3-Hole Punch, Recycled",Office Supplies,Binders,3830,
OFF-BI-10002047,"Acco Index Tab, Durable",Office Supplies,Binders,3831,
OFF-BI-10002049,UniKeep View Case Binders,Office Supplies,Binders,3832,
OFF-BI-10002061,"Ibico Binder, Recycled",Office Supplies,Binders,3833,
OFF-BI-10002062,"Acco Hole Reinforcements, Economy",Office Supplies,Binders,3834,
OFF-BI-10002071,Fellowes Black Plastic Comb Bindings,Office Supplies,Binders,3835,
OFF-BI-10002072,Cardinal Slant-D Ring Binders,Office Supplies,Binders,3836,
OFF-BI-10002075,"Wilson Jones Hole Reinforcements, Durable",Office Supplies,Binders,3837,
OFF-BI-10002080,"Acco Binder, Clear",Office Supplies,Binders,3838,
OFF-BI-10002082,GBC Twin Loop Wire Binding Elements,Office Supplies,Binders,3839,
OFF-BI-10002083,"Acco Hole Reinforcements, Economy",Office Supplies,Binders,3840,
OFF-BI-10002103,"Cardinal Slant-D Ring Binder, Heavy Gauge Vinyl",Office Supplies,Binders,3841,
OFF-BI-10002126,"Wilson Jones Index Tab, Clear",Office Supplies,Binders,3842,
OFF-BI-10002128,"Acco Binder Covers, Durable",Office Supplies,Binders,3843,
OFF-BI-10002133,"Wilson Jones Elliptical Ring 3 1/2"" Capacity Binders, 800 sheets",Office Supplies,Binders,3844,
OFF-BI-10002160,Acco Hanging Data Binders,Office Supplies,Binders,3845,
OFF-BI-10002172,"Acco Binding Machine, Recycled",Office Supplies,Binders,3846,
OFF-BI-10002190,"Wilson Jones Binder, Durable",Office Supplies,Binders,3847,
OFF-BI-10002193,"Wilson Jones Hole Reinforcements, Recycled",Office Supplies,Binders,3848,
OFF-BI-10002194,Cardinal Hold-It CD Pocket,Office Supplies,Binders,3849,
OFF-BI-10002215,"Wilson Jones Hanging View Binder, White, 1""",Office Supplies,Binders,3850,
OFF-BI-10002222,"Cardinal Binder Covers, Clear",Office Supplies,Binders,3851,
OFF-BI-10002225,"Cardinal Binding Machine, Durable",Office Supplies,Binders,3852,
OFF-BI-10002225,"Square Ring Data Binders, Rigid 75 Pt. Covers, 11"" x 14-7/8""",Office Supplies,Binders,3853,
OFF-BI-10002243,"Wilson Jones 3-Hole Punch, Durable",Office Supplies,Binders,3854,
OFF-BI-10002277,"Wilson Jones 3-Hole Punch, Recycled",Office Supplies,Binders,3855,
OFF-BI-10002278,"Ibico Binder Covers, Economy",Office Supplies,Binders,3856,
OFF-BI-10002281,"Ibico Binder Covers, Clear",Office Supplies,Binders,3857,
OFF-BI-10002287,"Acco Index Tab, Clear",Office Supplies,Binders,3858,
OFF-BI-10002289,"Ibico Binder, Economy",Office Supplies,Binders,3859,
OFF-BI-10002296,"Acco Binder Covers, Economy",Office Supplies,Binders,3860,
OFF-BI-10002301,"Cardinal Hole Reinforcements, Economy",Office Supplies,Binders,3861,
OFF-BI-10002309,Avery Heavy-Duty EZD  Binder With Locking Rings,Office Supplies,Binders,3862,
OFF-BI-10002329,"Avery 3-Hole Punch, Durable",Office Supplies,Binders,3863,
OFF-BI-10002335,"Avery Binder Covers, Durable",Office Supplies,Binders,3864,
OFF-BI-10002353,GBC VeloBind Cover Sets,Office Supplies,Binders,3865,
OFF-BI-10002354,"Acco Binder, Clear",Office Supplies,Binders,3866,
OFF-BI-10002364,"Acco Binder, Durable",Office Supplies,Binders,3867,
OFF-BI-10002386,"Acco Index Tab, Clear",Office Supplies,Binders,3868,
OFF-BI-10002393,Binder Posts,Office Supplies,Binders,3869,
OFF-BI-10002412,Wilson Jones “Snap” Scratch Pad Binder Tool for Ring Binders,Office Supplies,Binders,3870,
OFF-BI-10002412,"Avery Hole Reinforcements, Economy",Office Supplies,Binders,3871,
OFF-BI-10002414,"Ibico Index Tab, Economy",Office Supplies,Binders,3872,
OFF-BI-10002414,GBC ProClick Spines for 32-Hole Punch,Office Supplies,Binders,3873,
OFF-BI-10002424,"Avery Binder, Economy",Office Supplies,Binders,3874,
OFF-BI-10002429,"Premier Elliptical Ring Binder, Black",Office Supplies,Binders,3875,
OFF-BI-10002432,"Ibico Binder, Recycled",Office Supplies,Binders,3876,
OFF-BI-10002432,Wilson Jones Standard D-Ring Binders,Office Supplies,Binders,3877,
OFF-BI-10002437,Recycled Premium Regency Composition Covers,Office Supplies,Binders,3878,
OFF-BI-10002446,"Wilson Jones Binder, Economy",Office Supplies,Binders,3879,
OFF-BI-10002455,"Acco 3-Hole Punch, Durable",Office Supplies,Binders,3880,
OFF-BI-10002459,"Cardinal Binding Machine, Recycled",Office Supplies,Binders,3881,
OFF-BI-10002465,"Avery Binding Machine, Clear",Office Supplies,Binders,3882,
OFF-BI-10002483,"Cardinal Hole Reinforcements, Clear",Office Supplies,Binders,3883,
OFF-BI-10002498,Clear Mylar Reinforcing Strips,Office Supplies,Binders,3884,
OFF-BI-10002510,"Acco Index Tab, Clear",Office Supplies,Binders,3885,
OFF-BI-10002511,"Avery 3-Hole Punch, Clear",Office Supplies,Binders,3886,
OFF-BI-10002517,"Ibico Binder, Recycled",Office Supplies,Binders,3887,
OFF-BI-10002520,"Cardinal Hole Reinforcements, Recycled",Office Supplies,Binders,3888,
OFF-BI-10002523,"Wilson Jones Index Tab, Economy",Office Supplies,Binders,3889,
OFF-BI-10002524,"Cardinal Index Tab, Durable",Office Supplies,Binders,3890,
OFF-BI-10002533,"Wilson Jones Binding Machine, Economy",Office Supplies,Binders,3891,
OFF-BI-10002557,Presstex Flexible Ring Binders,Office Supplies,Binders,3892,
OFF-BI-10002558,"Cardinal Binder Covers, Economy",Office Supplies,Binders,3893,
OFF-BI-10002562,"Ibico Binding Machine, Durable",Office Supplies,Binders,3894,
OFF-BI-10002570,"Cardinal 3-Hole Punch, Clear",Office Supplies,Binders,3895,
OFF-BI-10002570,"Acco Binder Covers, Clear",Office Supplies,Binders,3896,
OFF-BI-10002571,"Avery Framed View Binder, EZD Ring (Locking), Navy, 1 1/2""",Office Supplies,Binders,3897,
OFF-BI-10002594,"Cardinal Binder Covers, Recycled",Office Supplies,Binders,3898,
OFF-BI-10002594,"Wilson Jones Binding Machine, Durable",Office Supplies,Binders,3899,
OFF-BI-10002607,"Ibico Binder Covers, Clear",Office Supplies,Binders,3900,
OFF-BI-10002609,Avery Hidden Tab Dividers for Binding Systems,Office Supplies,Binders,3901,
OFF-BI-10002627,"Avery Binder Covers, Economy",Office Supplies,Binders,3902,
OFF-BI-10002628,"Avery 3-Hole Punch, Economy",Office Supplies,Binders,3903,
OFF-BI-10002632,"Acco Binding Machine, Recycled",Office Supplies,Binders,3904,
OFF-BI-10002674,"Cardinal Binder Covers, Recycled",Office Supplies,Binders,3905,
OFF-BI-10002681,"Ibico Binder, Clear",Office Supplies,Binders,3906,
OFF-BI-10002682,"Cardinal Binding Machine, Economy",Office Supplies,Binders,3907,
OFF-BI-10002684,"Avery Hole Reinforcements, Clear",Office Supplies,Binders,3908,
OFF-BI-10002706,Avery Premier Heavy-Duty Binder with Round Locking Rings,Office Supplies,Binders,3909,
OFF-BI-10002708,"Acco Binder, Clear",Office Supplies,Binders,3910,
OFF-BI-10002711,"Acco Binding Machine, Clear",Office Supplies,Binders,3911,
OFF-BI-10002712,"Acco Hole Reinforcements, Durable",Office Supplies,Binders,3912,
OFF-BI-10002715,"Avery Index Tab, Clear",Office Supplies,Binders,3913,
OFF-BI-10002718,"Avery Binder, Durable",Office Supplies,Binders,3914,
OFF-BI-10002727,"Wilson Jones Binding Machine, Clear",Office Supplies,Binders,3915,
OFF-BI-10002734,"Wilson Jones Binder Covers, Clear",Office Supplies,Binders,3916,
OFF-BI-10002735,GBC Prestige Therm-A-Bind Covers,Office Supplies,Binders,3917,
OFF-BI-10002738,"Acco Index Tab, Clear",Office Supplies,Binders,3918,
OFF-BI-10002764,Recycled Pressboard Report Cover with Reinforced Top Hinge,Office Supplies,Binders,3919,
OFF-BI-10002775,"Ibico Hole Reinforcements, Clear",Office Supplies,Binders,3920,
OFF-BI-10002792,"Ibico Index Tab, Durable",Office Supplies,Binders,3921,
OFF-BI-10002794,"Avery Trapezoid Ring Binder, 3"" Capacity, Black, 1040 sheets",Office Supplies,Binders,3922,
OFF-BI-10002796,"Wilson Jones Binder Covers, Durable",Office Supplies,Binders,3923,
OFF-BI-10002799,"Acco Binder Covers, Recycled",Office Supplies,Binders,3924,
OFF-BI-10002799,"Cardinal Binder Covers, Clear",Office Supplies,Binders,3925,
OFF-BI-10002799,"SlimView Poly Binder, 3/8""",Office Supplies,Binders,3926,
OFF-BI-10002813,Avery Reinforcements for Hole-Punch Pages,Office Supplies,Binders,3927,
OFF-BI-10002824,Recycled Easel Ring Binders,Office Supplies,Binders,3928,
OFF-BI-10002827,Avery Durable Poly Binders,Office Supplies,Binders,3929,
OFF-BI-10002841,"Cardinal Binding Machine, Durable",Office Supplies,Binders,3930,
OFF-BI-10002852,Ibico Standard Transparent Covers,Office Supplies,Binders,3931,
OFF-BI-10002853,"Avery Binder Covers, Recycled",Office Supplies,Binders,3932,
OFF-BI-10002854,"Performers Binder/Pad Holder, Black",Office Supplies,Binders,3933,
OFF-BI-10002859,"Acco Binder, Clear",Office Supplies,Binders,3934,
OFF-BI-10002867,GBC Recycled Regency Composition Covers,Office Supplies,Binders,3935,
OFF-BI-10002881,"Wilson Jones Binding Machine, Economy",Office Supplies,Binders,3936,
OFF-BI-10002885,"Avery Hole Reinforcements, Recycled",Office Supplies,Binders,3937,
OFF-BI-10002894,"Avery Binding Machine, Durable",Office Supplies,Binders,3938,
OFF-BI-10002897,"Black Avery Memo-Size 3-Ring Binder, 5 1/2"" x 8 1/2""",Office Supplies,Binders,3939,
OFF-BI-10002907,"Wilson Jones 3-Hole Punch, Economy",Office Supplies,Binders,3940,
OFF-BI-10002919,"Acco Binder Covers, Durable",Office Supplies,Binders,3941,
OFF-BI-10002931,"Avery Trapezoid Extra Heavy Duty 4"" Binders",Office Supplies,Binders,3942,
OFF-BI-10002935,"Wilson Jones Binder, Clear",Office Supplies,Binders,3943,
OFF-BI-10002937,"Wilson Jones Binder Covers, Clear",Office Supplies,Binders,3944,
OFF-BI-10002949,Prestige Round Ring Binders,Office Supplies,Binders,3945,
OFF-BI-10002954,Newell 3-Hole Punched Plastic Slotted Magazine Holders for Binders,Office Supplies,Binders,3946,
OFF-BI-10002975,"Wilson Jones Index Tab, Clear",Office Supplies,Binders,3947,
OFF-BI-10002976,ACCOHIDE Binder by Acco,Office Supplies,Binders,3948,
OFF-BI-10002977,"Wilson Jones Binder, Economy",Office Supplies,Binders,3949,
OFF-BI-10002982,Avery Self-Adhesive Photo Pockets for Polaroid Photos,Office Supplies,Binders,3950,
OFF-BI-10002986,"Avery Binder Covers, Recycled",Office Supplies,Binders,3951,
OFF-BI-10002990,"Acco Index Tab, Clear",Office Supplies,Binders,3952,
OFF-BI-10003007,"Premium Transparent Presentation Covers, No Pattern/Clear, 8 1/2"" x 11""",Office Supplies,Binders,3953,
OFF-BI-10003009,"Ibico 3-Hole Punch, Clear",Office Supplies,Binders,3954,
OFF-BI-10003012,"Wilson Jones Hole Reinforcements, Economy",Office Supplies,Binders,3955,
OFF-BI-10003018,"Avery Binder, Clear",Office Supplies,Binders,3956,
OFF-BI-10003022,"Cardinal 3-Hole Punch, Economy",Office Supplies,Binders,3957,
OFF-BI-10003025,"Cardinal Binding Machine, Durable",Office Supplies,Binders,3958,
OFF-BI-10003031,"Acco Index Tab, Economy",Office Supplies,Binders,3959,
OFF-BI-10003058,"Acco Binder Covers, Economy",Office Supplies,Binders,3960,
OFF-BI-10003064,"Cardinal 3-Hole Punch, Clear",Office Supplies,Binders,3961,
OFF-BI-10003068,"Ibico Binding Machine, Durable",Office Supplies,Binders,3962,
OFF-BI-10003090,"Avery Binder Covers, Clear",Office Supplies,Binders,3963,
OFF-BI-10003091,GBC DocuBind TL200 Manual Binding Machine,Office Supplies,Binders,3964,
OFF-BI-10003094,Self-Adhesive Ring Binder Labels,Office Supplies,Binders,3965,
OFF-BI-10003098,"Ibico Binding Machine, Economy",Office Supplies,Binders,3966,
OFF-BI-10003112,"Ibico Binder Covers, Economy",Office Supplies,Binders,3967,
OFF-BI-10003114,"Ibico Hole Reinforcements, Economy",Office Supplies,Binders,3968,
OFF-BI-10003124,"Cardinal Hole Reinforcements, Durable",Office Supplies,Binders,3969,
OFF-BI-10003132,"Cardinal Binding Machine, Clear",Office Supplies,Binders,3970,
OFF-BI-10003142,"Acco Binder Covers, Clear",Office Supplies,Binders,3971,
OFF-BI-10003152,"Avery Hole Reinforcements, Recycled",Office Supplies,Binders,3972,
OFF-BI-10003159,"Avery Binding Machine, Durable",Office Supplies,Binders,3973,
OFF-BI-10003162,"Avery Binding Machine, Economy",Office Supplies,Binders,3974,
OFF-BI-10003166,"Cardinal Hole Reinforcements, Durable",Office Supplies,Binders,3975,
OFF-BI-10003166,GBC Plasticlear Binding Covers,Office Supplies,Binders,3976,
OFF-BI-10003181,"Ibico Binder Covers, Recycled",Office Supplies,Binders,3977,
OFF-BI-10003184,"Avery Index Tab, Clear",Office Supplies,Binders,3978,
OFF-BI-10003188,"Wilson Jones Binder Covers, Economy",Office Supplies,Binders,3979,
OFF-BI-10003196,Accohide Poly Flexible Ring Binders,Office Supplies,Binders,3980,
OFF-BI-10003240,"Ibico Binding Machine, Economy",Office Supplies,Binders,3981,
OFF-BI-10003253,"Ibico Index Tab, Economy",Office Supplies,Binders,3982,
OFF-BI-10003265,"Wilson Jones Binder, Clear",Office Supplies,Binders,3983,
OFF-BI-10003274,"Avery Durable Slant Ring Binders, No Labels",Office Supplies,Binders,3984,
OFF-BI-10003277,"Ibico Binder Covers, Durable",Office Supplies,Binders,3985,
OFF-BI-10003281,"Ibico Binder, Recycled",Office Supplies,Binders,3986,
OFF-BI-10003291,Wilson Jones Leather-Like Binders with DublLock Round Rings,Office Supplies,Binders,3987,
OFF-BI-10003305,Avery Hanging File Binders,Office Supplies,Binders,3988,
OFF-BI-10003309,"Wilson Jones Binder Covers, Clear",Office Supplies,Binders,3989,
OFF-BI-10003314,Tuff Stuff Recycled Round Ring Binders,Office Supplies,Binders,3990,
OFF-BI-10003320,"Cardinal Hole Reinforcements, Recycled",Office Supplies,Binders,3991,
OFF-BI-10003323,"Cardinal Hole Reinforcements, Clear",Office Supplies,Binders,3992,
OFF-BI-10003324,"Acco Hole Reinforcements, Recycled",Office Supplies,Binders,3993,
OFF-BI-10003340,"Acco Index Tab, Durable",Office Supplies,Binders,3994,
OFF-BI-10003342,"Cardinal Binder, Economy",Office Supplies,Binders,3995,
OFF-BI-10003350,Acco Expandable Hanging Binders,Office Supplies,Binders,3996,
OFF-BI-10003355,Cardinal Holdit Business Card Pockets,Office Supplies,Binders,3997,
OFF-BI-10003364,"Cardinal 3-Hole Punch, Clear",Office Supplies,Binders,3998,
OFF-BI-10003364,Binding Machine Supplies,Office Supplies,Binders,3999,
OFF-BI-10003367,"Wilson Jones Binder, Recycled",Office Supplies,Binders,4000,
OFF-BI-10003372,"Ibico Binding Machine, Durable",Office Supplies,Binders,4001,
OFF-BI-10003373,"Wilson Jones Binding Machine, Economy",Office Supplies,Binders,4002,
OFF-BI-10003392,"Acco Binder Covers, Durable",Office Supplies,Binders,4003,
OFF-BI-10003397,"Acco Hole Reinforcements, Clear",Office Supplies,Binders,4004,
OFF-BI-10003397,"Avery 3-Hole Punch, Economy",Office Supplies,Binders,4005,
OFF-BI-10003400,"Cardinal Binder Covers, Economy",Office Supplies,Binders,4006,
OFF-BI-10003417,"Ibico Hole Reinforcements, Economy",Office Supplies,Binders,4007,
OFF-BI-10003429,"Cardinal HOLDit! Binder Insert Strips,Extra Strips",Office Supplies,Binders,4008,
OFF-BI-10003440,"Avery Binder Covers, Economy",Office Supplies,Binders,4009,
OFF-BI-10003452,"Acco Binding Machine, Economy",Office Supplies,Binders,4010,
OFF-BI-10003460,Acco 3-Hole Punch,Office Supplies,Binders,4011,
OFF-BI-10003468,"Wilson Jones Binder Covers, Durable",Office Supplies,Binders,4012,
OFF-BI-10003472,"Cardinal Index Tab, Clear",Office Supplies,Binders,4013,
OFF-BI-10003475,"Wilson Jones Index Tab, Recycled",Office Supplies,Binders,4014,
OFF-BI-10003476,Avery Metallic Poly Binders,Office Supplies,Binders,4015,
OFF-BI-10003503,"Cardinal Index Tab, Economy",Office Supplies,Binders,4016,
OFF-BI-10003519,"Acco 3-Hole Punch, Economy",Office Supplies,Binders,4017,
OFF-BI-10003527,Fellowes PB500 Electric Punch Plastic Comb Binding Machine with Manual Bind,Office Supplies,Binders,4018,
OFF-BI-10003529,Avery Round Ring Poly Binders,Office Supplies,Binders,4019,
OFF-BI-10003579,"Avery 3-Hole Punch, Economy",Office Supplies,Binders,4020,
OFF-BI-10003582,"Cardinal Index Tab, Economy",Office Supplies,Binders,4021,
OFF-BI-10003585,"Acco 3-Hole Punch, Clear",Office Supplies,Binders,4022,
OFF-BI-10003588,"Ibico Binder, Economy",Office Supplies,Binders,4023,
OFF-BI-10003616,"Avery Binding Machine, Clear",Office Supplies,Binders,4024,
OFF-BI-10003633,"Avery Binding Machine, Economy",Office Supplies,Binders,4025,
OFF-BI-10003638,GBC Durable Plastic Covers,Office Supplies,Binders,4026,
OFF-BI-10003642,"Wilson Jones Binder, Economy",Office Supplies,Binders,4027,
OFF-BI-10003646,"Avery Index Tab, Economy",Office Supplies,Binders,4028,
OFF-BI-10003650,"Ibico Index Tab, Clear",Office Supplies,Binders,4029,
OFF-BI-10003650,GBC DocuBind 300 Electric Binding Machine,Office Supplies,Binders,4030,
OFF-BI-10003653,"Avery 3-Hole Punch, Durable",Office Supplies,Binders,4031,
OFF-BI-10003655,Durable Pressboard Binders,Office Supplies,Binders,4032,
OFF-BI-10003656,Fellowes PB200 Plastic Comb Binding Machine,Office Supplies,Binders,4033,
OFF-BI-10003669,3M Organizer Strips,Office Supplies,Binders,4034,
OFF-BI-10003676,"GBC Standard Recycled Report Covers, Clear Plastic Sheets",Office Supplies,Binders,4035,
OFF-BI-10003684,Wilson Jones Legal Size Ring Binders,Office Supplies,Binders,4036,
OFF-BI-10003694,"Avery 3 1/2"" Diskette Storage Pages, 10/Pack",Office Supplies,Binders,4037,
OFF-BI-10003702,"Wilson Jones Binder Covers, Durable",Office Supplies,Binders,4038,
OFF-BI-10003705,"Wilson Jones Binding Machine, Recycled",Office Supplies,Binders,4039,
OFF-BI-10003707,Aluminum Screw Posts,Office Supplies,Binders,4040,
OFF-BI-10003708,"Avery Binder, Economy",Office Supplies,Binders,4041,
OFF-BI-10003708,"Acco Four Pocket Poly Ring Binder with Label Holder, Smoke, 1""",Office Supplies,Binders,4042,
OFF-BI-10003708,"Cardinal Binder, Recycled",Office Supplies,Binders,4043,
OFF-BI-10003709,"Wilson Jones Binding Machine, Durable",Office Supplies,Binders,4044,
OFF-BI-10003712,"Acco Pressboard Covers with Storage Hooks, 14 7/8"" x 11"", Light Blue",Office Supplies,Binders,4045,
OFF-BI-10003713,"Wilson Jones Index Tab, Economy",Office Supplies,Binders,4046,
OFF-BI-10003718,"Avery Index Tab, Clear",Office Supplies,Binders,4047,
OFF-BI-10003718,GBC Therma-A-Bind 250T Electric Binding System,Office Supplies,Binders,4048,
OFF-BI-10003719,Large Capacity Hanging Post Binders,Office Supplies,Binders,4049,
OFF-BI-10003724,"Cardinal Index Tab, Economy",Office Supplies,Binders,4050,
OFF-BI-10003725,"Cardinal 3-Hole Punch, Economy",Office Supplies,Binders,4051,
OFF-BI-10003727,Avery Durable Slant Ring Binders With Label Holder,Office Supplies,Binders,4052,
OFF-BI-10003763,"Ibico Index Tab, Economy",Office Supplies,Binders,4053,
OFF-BI-10003768,"Acco Index Tab, Clear",Office Supplies,Binders,4054,
OFF-BI-10003774,"Cardinal 3-Hole Punch, Durable",Office Supplies,Binders,4055,
OFF-BI-10003779,"Cardinal 3-Hole Punch, Durable",Office Supplies,Binders,4056,
OFF-BI-10003784,"Ibico Index Tab, Economy",Office Supplies,Binders,4057,
OFF-BI-10003784,Computer Printout Index Tabs,Office Supplies,Binders,4058,
OFF-BI-10003806,"Avery Index Tab, Clear",Office Supplies,Binders,4059,
OFF-BI-10003856,"Ibico Index Tab, Clear",Office Supplies,Binders,4060,
OFF-BI-10003870,"Wilson Jones Binder Covers, Economy",Office Supplies,Binders,4061,
OFF-BI-10003874,"Avery Index Tab, Clear",Office Supplies,Binders,4062,
OFF-BI-10003876,"Green Canvas Binder for 8-1/2"" x 14"" Sheets",Office Supplies,Binders,4063,
OFF-BI-10003879,"Ibico Binder Covers, Economy",Office Supplies,Binders,4064,
OFF-BI-10003883,"Acco Binder, Economy",Office Supplies,Binders,4065,
OFF-BI-10003899,"Avery 3-Hole Punch, Recycled",Office Supplies,Binders,4066,
OFF-BI-10003903,"Cardinal Binder, Economy",Office Supplies,Binders,4067,
OFF-BI-10003910,DXL Angle-View Binders with Locking Rings by Samsill,Office Supplies,Binders,4068,
OFF-BI-10003917,"Avery Hole Reinforcements, Economy",Office Supplies,Binders,4069,
OFF-BI-10003917,"Wilson Jones 3-Hole Punch, Recycled",Office Supplies,Binders,4070,
OFF-BI-10003919,"Ibico 3-Hole Punch, Recycled",Office Supplies,Binders,4071,
OFF-BI-10003925,Fellowes PB300 Plastic Comb Binding Machine,Office Supplies,Binders,4072,
OFF-BI-10003934,"Acco Binding Machine, Clear",Office Supplies,Binders,4073,
OFF-BI-10003951,"Ibico 3-Hole Punch, Economy",Office Supplies,Binders,4074,
OFF-BI-10003952,"Acco Binding Machine, Recycled",Office Supplies,Binders,4075,
OFF-BI-10003963,Cardinal Holdit Data Disk Pockets,Office Supplies,Binders,4076,
OFF-BI-10003975,"Cardinal Index Tab, Durable",Office Supplies,Binders,4077,
OFF-BI-10003981,"Avery Durable Plastic 1"" Binders",Office Supplies,Binders,4078,
OFF-BI-10003982,Wilson Jones Century Plastic Molded Ring Binders,Office Supplies,Binders,4079,
OFF-BI-10003984,Lock-Up Easel 'Spel-Binder',Office Supplies,Binders,4080,
OFF-BI-10003985,"Cardinal Index Tab, Economy",Office Supplies,Binders,4081,
OFF-BI-10003999,"Avery Hole Reinforcements, Clear",Office Supplies,Binders,4082,
OFF-BI-10004001,GBC Recycled VeloBinder Covers,Office Supplies,Binders,4083,
OFF-BI-10004002,Wilson Jones International Size A4 Ring Binders,Office Supplies,Binders,4084,
OFF-BI-10004007,"Avery 3-Hole Punch, Durable",Office Supplies,Binders,4085,
OFF-BI-10004022,Acco Suede Grain Vinyl Round Ring Binder,Office Supplies,Binders,4086,
OFF-BI-10004028,"Ibico Index Tab, Durable",Office Supplies,Binders,4087,
OFF-BI-10004040,Wilson Jones Impact Binders,Office Supplies,Binders,4088,
OFF-BI-10004042,"Cardinal Binding Machine, Recycled",Office Supplies,Binders,4089,
OFF-BI-10004053,"Cardinal Binder Covers, Durable",Office Supplies,Binders,4090,
OFF-BI-10004054,"Cardinal Hole Reinforcements, Economy",Office Supplies,Binders,4091,
OFF-BI-10004078,"Wilson Jones 3-Hole Punch, Clear",Office Supplies,Binders,4092,
OFF-BI-10004080,"Wilson Jones 3-Hole Punch, Economy",Office Supplies,Binders,4093,
OFF-BI-10004094,GBC Standard Plastic Binding Systems Combs,Office Supplies,Binders,4094,
OFF-BI-10004098,"Acco 3-Hole Punch, Durable",Office Supplies,Binders,4095,
OFF-BI-10004099,GBC VeloBinder Strips,Office Supplies,Binders,4096,
OFF-BI-10004105,"Acco 3-Hole Punch, Recycled",Office Supplies,Binders,4097,
OFF-BI-10004120,"Ibico 3-Hole Punch, Durable",Office Supplies,Binders,4098,
OFF-BI-10004121,"Avery Index Tab, Durable",Office Supplies,Binders,4099,
OFF-BI-10004139,Fellowes Presentation Covers for Comb Binding Machines,Office Supplies,Binders,4100,
OFF-BI-10004140,Avery Non-Stick Binders,Office Supplies,Binders,4101,
OFF-BI-10004140,"Cardinal Index Tab, Clear",Office Supplies,Binders,4102,
OFF-BI-10004141,Insertable Tab Indexes For Data Binders,Office Supplies,Binders,4103,
OFF-BI-10004142,"Acco Index Tab, Clear",Office Supplies,Binders,4104,
OFF-BI-10004145,"Wilson Jones Hole Reinforcements, Economy",Office Supplies,Binders,4105,
OFF-BI-10004146,"Acco Binding Machine, Recycled",Office Supplies,Binders,4106,
OFF-BI-10004148,"Avery Binder, Durable",Office Supplies,Binders,4107,
OFF-BI-10004177,"Wilson Jones 3-Hole Punch, Durable",Office Supplies,Binders,4108,
OFF-BI-10004179,"Avery 3-Hole Punch, Clear",Office Supplies,Binders,4109,
OFF-BI-10004181,"Avery 3-Hole Punch, Clear",Office Supplies,Binders,4110,
OFF-BI-10004182,Economy Binders,Office Supplies,Binders,4111,
OFF-BI-10004185,"Cardinal Binder, Durable",Office Supplies,Binders,4112,
OFF-BI-10004187,Staples,Office Supplies,Binders,4113,
OFF-BI-10004193,"Avery Index Tab, Clear",Office Supplies,Binders,4114,
OFF-BI-10004195,"Ibico Binder Covers, Durable",Office Supplies,Binders,4115,
OFF-BI-10004195,"Wilson Jones Binding Machine, Clear",Office Supplies,Binders,4116,
OFF-BI-10004200,"Ibico Binding Machine, Clear",Office Supplies,Binders,4117,
OFF-BI-10004209,"Fellowes Twister Kit, Gray/Clear, 3/pkg",Office Supplies,Binders,4118,
OFF-BI-10004220,"Cardinal 3-Hole Punch, Recycled",Office Supplies,Binders,4119,
OFF-BI-10004224,"Avery Index Tab, Durable",Office Supplies,Binders,4120,
OFF-BI-10004224,Catalog Binders with Expanding Posts,Office Supplies,Binders,4121,
OFF-BI-10004227,"Avery Binding Machine, Economy",Office Supplies,Binders,4122,
OFF-BI-10004230,GBC Recycled Grain Textured Covers,Office Supplies,Binders,4123,
OFF-BI-10004233,"Avery Index Tab, Economy",Office Supplies,Binders,4124,
OFF-BI-10004233,"GBC Pre-Punched Binding Paper, Plastic, White, 8-1/2"" x 11""",Office Supplies,Binders,4125,
OFF-BI-10004236,"XtraLife ClearVue Slant-D Ring Binder, White, 3""",Office Supplies,Binders,4126,
OFF-BI-10004240,"Cardinal Binding Machine, Recycled",Office Supplies,Binders,4127,
OFF-BI-10004250,"Cardinal 3-Hole Punch, Recycled",Office Supplies,Binders,4128,
OFF-BI-10004251,"Wilson Jones Index Tab, Recycled",Office Supplies,Binders,4129,
OFF-BI-10004275,"Wilson Jones Index Tab, Recycled",Office Supplies,Binders,4130,
OFF-BI-10004305,"Cardinal Hole Reinforcements, Durable",Office Supplies,Binders,4131,
OFF-BI-10004308,Avery Legal 4-Ring Binder,Office Supplies,Binders,4132,
OFF-BI-10004318,Ibico EB-19 Dual Function Manual Binding System,Office Supplies,Binders,4133,
OFF-BI-10004328,"Wilson Jones Binding Machine, Economy",Office Supplies,Binders,4134,
OFF-BI-10004330,"GBC Velobind Prepunched Cover Sets, Regency Series",Office Supplies,Binders,4135,
OFF-BI-10004334,"Avery Hole Reinforcements, Durable",Office Supplies,Binders,4136,
OFF-BI-10004352,Wilson Jones DublLock D-Ring Binders,Office Supplies,Binders,4137,
OFF-BI-10004361,"Avery 3-Hole Punch, Recycled",Office Supplies,Binders,4138,
OFF-BI-10004364,Storex Dura Pro Binders,Office Supplies,Binders,4139,
OFF-BI-10004369,"Ibico Hole Reinforcements, Recycled",Office Supplies,Binders,4140,
OFF-BI-10004376,"Ibico Index Tab, Economy",Office Supplies,Binders,4141,
OFF-BI-10004388,"Acco Hole Reinforcements, Clear",Office Supplies,Binders,4142,
OFF-BI-10004390,GBC DocuBind 200 Manual Binding Machine,Office Supplies,Binders,4143,
OFF-BI-10004410,"C-Line Peel & Stick Add-On Filing Pockets, 8-3/4 x 5-1/8, 10/Pack",Office Supplies,Binders,4144,
OFF-BI-10004428,"Cardinal Binder, Clear",Office Supplies,Binders,4145,
OFF-BI-10004436,"Acco Hole Reinforcements, Recycled",Office Supplies,Binders,4146,
OFF-BI-10004440,"Cardinal Binder, Economy",Office Supplies,Binders,4147,
OFF-BI-10004442,"Wilson Jones Binder, Durable",Office Supplies,Binders,4148,
OFF-BI-10004446,"Acco Binding Machine, Economy",Office Supplies,Binders,4149,
OFF-BI-10004448,"Ibico Binder, Clear",Office Supplies,Binders,4150,
OFF-BI-10004454,"Cardinal Binder Covers, Clear",Office Supplies,Binders,4151,
OFF-BI-10004465,Avery Durable Slant Ring Binders,Office Supplies,Binders,4152,
OFF-BI-10004470,"Wilson Jones Index Tab, Durable",Office Supplies,Binders,4153,
OFF-BI-10004483,"Ibico Index Tab, Clear",Office Supplies,Binders,4154,
OFF-BI-10004486,"Wilson Jones 3-Hole Punch, Durable",Office Supplies,Binders,4155,
OFF-BI-10004491,"Avery Binder Covers, Durable",Office Supplies,Binders,4156,
OFF-BI-10004492,Tuf-Vin Binders,Office Supplies,Binders,4157,
OFF-BI-10004506,Wilson Jones data.warehouse D-Ring Binders with DublLock,Office Supplies,Binders,4158,
OFF-BI-10004510,"Avery 3-Hole Punch, Durable",Office Supplies,Binders,4159,
OFF-BI-10004519,GBC DocuBind P100 Manual Binding Machine,Office Supplies,Binders,4160,
OFF-BI-10004528,Cardinal Poly Pocket Divider Pockets for Ring Binders,Office Supplies,Binders,4161,
OFF-BI-10004534,"Wilson Jones Binding Machine, Recycled",Office Supplies,Binders,4162,
OFF-BI-10004541,"Wilson Jones Binder, Durable",Office Supplies,Binders,4163,
OFF-BI-10004553,"Cardinal Binder, Clear",Office Supplies,Binders,4164,
OFF-BI-10004554,"Avery Index Tab, Clear",Office Supplies,Binders,4165,
OFF-BI-10004562,"Acco Binder, Clear",Office Supplies,Binders,4166,
OFF-BI-10004581,"Cardinal Binding Machine, Economy",Office Supplies,Binders,4167,
OFF-BI-10004584,GBC ProClick 150 Presentation Binding System,Office Supplies,Binders,4168,
OFF-BI-10004589,"Avery Binding Machine, Economy",Office Supplies,Binders,4169,
OFF-BI-10004593,Ibico Laser Imprintable Binding System Covers,Office Supplies,Binders,4170,
OFF-BI-10004597,"Avery Binding Machine, Durable",Office Supplies,Binders,4171,
OFF-BI-10004600,Ibico Ibimaster 300 Manual Binding System,Office Supplies,Binders,4172,
OFF-BI-10004624,"Wilson Jones Binder, Durable",Office Supplies,Binders,4173,
OFF-BI-10004628,"Cardinal Binder, Durable",Office Supplies,Binders,4174,
OFF-BI-10004632,GBC Binding covers,Office Supplies,Binders,4175,
OFF-BI-10004632,"Avery 3-Hole Punch, Recycled",Office Supplies,Binders,4176,
OFF-BI-10004632,Ibico Hi-Tech Manual Binding System,Office Supplies,Binders,4177,
OFF-BI-10004644,"Cardinal Index Tab, Durable",Office Supplies,Binders,4178,
OFF-BI-10004651,"Cardinal Binding Machine, Clear",Office Supplies,Binders,4179,
OFF-BI-10004654,VariCap6 Expandable Binder,Office Supplies,Binders,4180,
OFF-BI-10004654,"Ibico 3-Hole Punch, Economy",Office Supplies,Binders,4181,
OFF-BI-10004654,Avery Binding System Hidden Tab Executive Style Index Sets,Office Supplies,Binders,4182,
OFF-BI-10004656,Peel & Stick Add-On Corner Pockets,Office Supplies,Binders,4183,
OFF-BI-10004666,"Wilson Jones Binding Machine, Durable",Office Supplies,Binders,4184,
OFF-BI-10004685,"Acco Binder, Economy",Office Supplies,Binders,4185,
OFF-BI-10004700,"Cardinal Binder, Durable",Office Supplies,Binders,4186,
OFF-BI-10004712,"Cardinal Hole Reinforcements, Clear",Office Supplies,Binders,4187,
OFF-BI-10004716,Wilson Jones Hanging Recycled Pressboard Data Binders,Office Supplies,Binders,4188,
OFF-BI-10004722,"Avery Index Tab, Clear",Office Supplies,Binders,4189,
OFF-BI-10004728,Wilson Jones Turn Tabs Binder Tool for Ring Binders,Office Supplies,Binders,4190,
OFF-BI-10004738,Flexible Leather- Look Classic Collection Ring Binder,Office Supplies,Binders,4191,
OFF-BI-10004741,"Acco Binder, Durable",Office Supplies,Binders,4192,
OFF-BI-10004769,"Wilson Jones Index Tab, Economy",Office Supplies,Binders,4193,
OFF-BI-10004781,GBC Wire Binding Strips,Office Supplies,Binders,4194,
OFF-BI-10004795,"Avery Binding Machine, Clear",Office Supplies,Binders,4195,
OFF-BI-10004801,"Acco Binding Machine, Durable",Office Supplies,Binders,4196,
OFF-BI-10004809,"Acco Binder Covers, Economy",Office Supplies,Binders,4197,
OFF-BI-10004817,GBC Personal VeloBind Strips,Office Supplies,Binders,4198,
OFF-BI-10004826,JM Magazine Binder,Office Supplies,Binders,4199,
OFF-BI-10004828,GBC Poly Designer Binding Covers,Office Supplies,Binders,4200,
OFF-BI-10004830,"Ibico Index Tab, Clear",Office Supplies,Binders,4201,
OFF-BI-10004861,"Cardinal Binding Machine, Clear",Office Supplies,Binders,4202,
OFF-BI-10004868,"Wilson Jones Hole Reinforcements, Durable",Office Supplies,Binders,4203,
OFF-BI-10004869,"Avery 3-Hole Punch, Recycled",Office Supplies,Binders,4204,
OFF-BI-10004876,Wilson Jones Suede Grain Vinyl Binders,Office Supplies,Binders,4205,
OFF-BI-10004903,"Ibico Hole Reinforcements, Durable",Office Supplies,Binders,4206,
OFF-BI-10004908,"Avery Binder Covers, Economy",Office Supplies,Binders,4207,
OFF-BI-10004924,"Cardinal 3-Hole Punch, Economy",Office Supplies,Binders,4208,
OFF-BI-10004965,Ibico Covers for Plastic or Wire Binding Elements,Office Supplies,Binders,4209,
OFF-BI-10004967,Round Ring Binders,Office Supplies,Binders,4210,
OFF-BI-10004969,"Acco Binding Machine, Durable",Office Supplies,Binders,4211,
OFF-BI-10004970,"ACCOHIDE 3-Ring Binder, Blue, 1""",Office Supplies,Binders,4212,
OFF-BI-10004980,"Cardinal Hole Reinforcements, Recycled",Office Supplies,Binders,4213,
OFF-BI-10004986,"Ibico 3-Hole Punch, Recycled",Office Supplies,Binders,4214,
OFF-BI-10004995,GBC DocuBind P400 Electric Binding System,Office Supplies,Binders,4215,
OFF-CAR-10000150,"Cardinal Binder, Clear",Office Supplies,Binders,4335,
OFF-CAR-10000202,"Cardinal Binding Machine, Clear",Office Supplies,Binders,4336,
OFF-CAR-10000319,"Cardinal Binder Covers, Recycled",Office Supplies,Binders,4337,
OFF-CAR-10000687,"Cardinal Binder Covers, Economy",Office Supplies,Binders,4338,
OFF-CAR-10001358,"Cardinal Hole Reinforcements, Clear",Office Supplies,Binders,4339,
OFF-CAR-10001428,"Cardinal Index Tab, Durable",Office Supplies,Binders,4340,
OFF-CAR-10001471,"Cardinal 3-Hole Punch, Clear",Office Supplies,Binders,4341,
OFF-CAR-10001577,"Cardinal Binding Machine, Economy",Office Supplies,Binders,4342,
OFF-CAR-10001746,"Cardinal Index Tab, Clear",Office Supplies,Binders,4343,
OFF-CAR-10001911,"Cardinal Binder Covers, Clear",Office Supplies,Binders,4344,
OFF-CAR-10002031,"Cardinal 3-Hole Punch, Durable",Office Supplies,Binders,4345,
OFF-CAR-10002054,"Cardinal Hole Reinforcements, Economy",Office Supplies,Binders,4346,
OFF-CAR-10002375,"Cardinal Binder Covers, Durable",Office Supplies,Binders,4347,
OFF-CAR-10002931,"Cardinal Hole Reinforcements, Recycled",Office Supplies,Binders,4348,
OFF-CAR-10002942,"Cardinal 3-Hole Punch, Recycled",Office Supplies,Binders,4349,
OFF-CAR-10003030,"Cardinal Index Tab, Economy",Office Supplies,Binders,4350,
OFF-CAR-10003259,"Cardinal Binder, Recycled",Office Supplies,Binders,4351,
OFF-CAR-10003373,"Cardinal Hole Reinforcements, Durable",Office Supplies,Binders,4352,
OFF-CAR-10003703,"Cardinal Binder, Durable",Office Supplies,Binders,4353,
OFF-CAR-10004229,"Cardinal Index Tab, Clear",Office Supplies,Binders,4354,
OFF-CAR-10004293,"Cardinal Binding Machine, Durable",Office Supplies,Binders,4355,
OFF-CAR-10004408,"Cardinal 3-Hole Punch, Economy",Office Supplies,Binders,4356,
OFF-CAR-10004661,"Cardinal Binding Machine, Recycled",Office Supplies,Binders,4357,
OFF-CAR-10004886,"Cardinal Binder, Economy",Office Supplies,Binders,4358,
OFF-IBI-10000080,"Ibico Binder, Recycled",Office Supplies,Binders,5624,
OFF-IBI-10000099,"Ibico Binder, Clear",Office Supplies,Binders,5625,
OFF-IBI-10000440,"Ibico Binder Covers, Clear",Office Supplies,Binders,5626,
OFF-IBI-10000684,"Ibico Binding Machine, Clear",Office Supplies,Binders,5627,
OFF-IBI-10000779,"Ibico Index Tab, Economy",Office Supplies,Binders,5628,
OFF-IBI-10000951,"Ibico Binder Covers, Economy",Office Supplies,Binders,5629,
OFF-IBI-10000959,"Ibico Binding Machine, Recycled",Office Supplies,Binders,5630,
OFF-IBI-10001123,"Ibico 3-Hole Punch, Recycled",Office Supplies,Binders,5631,
OFF-IBI-10001494,"Ibico Index Tab, Durable",Office Supplies,Binders,5632,
OFF-IBI-10001640,"Ibico Hole Reinforcements, Economy",Office Supplies,Binders,5633,
OFF-IBI-10001772,"Ibico Index Tab, Clear",Office Supplies,Binders,5634,
OFF-IBI-10001951,"Ibico Hole Reinforcements, Clear",Office Supplies,Binders,5635,
OFF-IBI-10002486,"Ibico Index Tab, Clear",Office Supplies,Binders,5636,
OFF-IBI-10002637,"Ibico Binding Machine, Durable",Office Supplies,Binders,5637,
OFF-IBI-10002805,"Ibico 3-Hole Punch, Economy",Office Supplies,Binders,5638,
OFF-IBI-10003191,"Ibico 3-Hole Punch, Durable",Office Supplies,Binders,5639,
OFF-IBI-10003422,"Ibico Binder, Durable",Office Supplies,Binders,5640,
OFF-IBI-10003541,"Ibico Binding Machine, Economy",Office Supplies,Binders,5641,
OFF-IBI-10003732,"Ibico Hole Reinforcements, Durable",Office Supplies,Binders,5642,
OFF-IBI-10004074,"Ibico 3-Hole Punch, Clear",Office Supplies,Binders,5643,
OFF-IBI-10004323,"Ibico Binder Covers, Durable",Office Supplies,Binders,5644,
OFF-IBI-10004855,"Ibico Hole Reinforcements, Recycled",Office Supplies,Binders,5645,
OFF-IBI-10004916,"Ibico Binder Covers, Recycled",Office Supplies,Binders,5646,
OFF-IBI-10004959,"Ibico Binder, Economy",Office Supplies,Binders,5647,
OFF-WIL-10000146,"Wilson Jones Binding Machine, Clear",Office Supplies,Binders,8239,
OFF-WIL-10000164,"Wilson Jones Binding Machine, Durable",Office Supplies,Binders,8240,
OFF-WIL-10000390,"Wilson Jones Binder, Durable",Office Supplies,Binders,8241,
OFF-WIL-10000604,"Wilson Jones Binder, Clear",Office Supplies,Binders,8242,
OFF-WIL-10000777,"Wilson Jones 3-Hole Punch, Recycled",Office Supplies,Binders,8243,
OFF-WIL-10000979,"Wilson Jones Hole Reinforcements, Recycled",Office Supplies,Binders,8244,
OFF-WIL-10000986,"Wilson Jones Binder Covers, Economy",Office Supplies,Binders,8245,
OFF-WIL-10001069,"Wilson Jones Hole Reinforcements, Clear",Office Supplies,Binders,8246,
OFF-WIL-10001495,"Wilson Jones Index Tab, Recycled",Office Supplies,Binders,8247,
OFF-WIL-10001801,"Wilson Jones 3-Hole Punch, Economy",Office Supplies,Binders,8248,
OFF-WIL-10001889,"Wilson Jones Hole Reinforcements, Economy",Office Supplies,Binders,8249,
OFF-WIL-10001979,"Wilson Jones Binder Covers, Clear",Office Supplies,Binders,8250,
OFF-WIL-10002153,"Wilson Jones 3-Hole Punch, Clear",Office Supplies,Binders,8251,
OFF-WIL-10002233,"Wilson Jones Index Tab, Durable",Office Supplies,Binders,8252,
OFF-WIL-10002593,"Wilson Jones Hole Reinforcements, Durable",Office Supplies,Binders,8253,
OFF-WIL-10002772,"Wilson Jones 3-Hole Punch, Durable",Office Supplies,Binders,8254,
OFF-WIL-10002787,"Wilson Jones Binder, Recycled",Office Supplies,Binders,8255,
OFF-WIL-10002947,"Wilson Jones Index Tab, Clear",Office Supplies,Binders,8256,
OFF-WIL-10003299,"Wilson Jones Binding Machine, Recycled",Office Supplies,Binders,8257,
OFF-WIL-10003308,"Wilson Jones Binder Covers, Recycled",Office Supplies,Binders,8258,
OFF-WIL-10003532,"Wilson Jones Binding Machine, Economy",Office Supplies,Binders,8259,
OFF-WIL-10003774,"Wilson Jones Index Tab, Economy",Office Supplies,Binders,8260,
OFF-WIL-10003933,"Wilson Jones Binder Covers, Durable",Office Supplies,Binders,8261,
OFF-WIL-10004697,"Wilson Jones Binder, Economy",Office Supplies,Binders,8262,
OFF-AR-10000019,"BIC Highlighters, Blue",Office Supplies,Art,2921,
OFF-AR-10000027,"Boston Pencil Sharpener, Easy-Erase",Office Supplies,Art,2922,
OFF-AR-10000027,"Binney & Smith Pencil Sharpener, Easy-Erase",Office Supplies,Art,2923,
OFF-AR-10000034,"BIC Brite Liner Grip Highlighters, Assorted, 5/Pack",Office Supplies,Art,2924,
OFF-AR-10000054,"Sanford Pencil Sharpener, Water Color",Office Supplies,Art,2925,
OFF-AR-10000058,"Stanley Canvas, Water Color",Office Supplies,Art,2926,
OFF-AR-10000066,"Sanford Pens, Blue",Office Supplies,Art,2927,
OFF-AR-10000067,"Boston Pencil Sharpener, Water Color",Office Supplies,Art,2928,
OFF-AR-10000079,"Stanley Pencil Sharpener, Fluorescent",Office Supplies,Art,2929,
OFF-AR-10000082,"Binney & Smith Pencil Sharpener, Water Color",Office Supplies,Art,2930,
OFF-AR-10000091,"BIC Highlighters, Water Color",Office Supplies,Art,2931,
OFF-AR-10000091,"BIC Markers, Fluorescent",Office Supplies,Art,2932,
OFF-AR-10000097,"BIC Sketch Pad, Blue",Office Supplies,Art,2933,
OFF-AR-10000110,"Binney & Smith Sketch Pad, Blue",Office Supplies,Art,2934,
OFF-AR-10000120,"BIC Canvas, Fluorescent",Office Supplies,Art,2935,
OFF-AR-10000122,Newell 314,Office Supplies,Art,2936,
OFF-AR-10000124,"Binney & Smith Highlighters, Fluorescent",Office Supplies,Art,2937,
OFF-AR-10000125,"Boston Pens, Fluorescent",Office Supplies,Art,2938,
OFF-AR-10000127,Newell 321,Office Supplies,Art,2939,
OFF-AR-10000150,"Boston Pens, Water Color",Office Supplies,Art,2940,
OFF-AR-10000156,"Binney & Smith Markers, Blue",Office Supplies,Art,2941,
OFF-AR-10000176,"Sanford Highlighters, Water Color",Office Supplies,Art,2942,
OFF-AR-10000179,"Binney & Smith Canvas, Easy-Erase",Office Supplies,Art,2943,
OFF-AR-10000179,"Sanford Canvas, Fluorescent",Office Supplies,Art,2944,
OFF-AR-10000184,"Boston Pencil Sharpener, Water Color",Office Supplies,Art,2945,
OFF-AR-10000185,"Stanley Pens, Water Color",Office Supplies,Art,2946,
OFF-AR-10000203,Newell 336,Office Supplies,Art,2947,
OFF-AR-10000205,"BIC Canvas, Easy-Erase",Office Supplies,Art,2948,
OFF-AR-10000219,"Sanford Highlighters, Blue",Office Supplies,Art,2949,
OFF-AR-10000227,"BIC Sketch Pad, Fluorescent",Office Supplies,Art,2950,
OFF-AR-10000242,"BIC Pencil Sharpener, Blue",Office Supplies,Art,2951,
OFF-AR-10000246,Newell 318,Office Supplies,Art,2952,
OFF-AR-10000249,"Sanford Highlighters, Fluorescent",Office Supplies,Art,2953,
OFF-AR-10000251,"Stanley Markers, Fluorescent",Office Supplies,Art,2954,
OFF-AR-10000255,Newell 328,Office Supplies,Art,2955,
OFF-AR-10000266,"BIC Markers, Fluorescent",Office Supplies,Art,2956,
OFF-AR-10000283,"Stanley Highlighters, Blue",Office Supplies,Art,2957,
OFF-AR-10000293,"BIC Sketch Pad, Water Color",Office Supplies,Art,2958,
OFF-AR-10000307,"Binney & Smith Markers, Easy-Erase",Office Supplies,Art,2959,
OFF-AR-10000314,"BIC Highlighters, Fluorescent",Office Supplies,Art,2960,
OFF-AR-10000315,"Dixon Ticonderoga Maple Cedar Pencil, #2",Office Supplies,Art,2961,
OFF-AR-10000316,"Stanley Pens, Blue",Office Supplies,Art,2962,
OFF-AR-10000319,"Binney & Smith Canvas, Fluorescent",Office Supplies,Art,2963,
OFF-AR-10000340,"Boston Pens, Water Color",Office Supplies,Art,2964,
OFF-AR-10000347,"Sanford Pens, Blue",Office Supplies,Art,2965,
OFF-AR-10000347,"Sanford Highlighters, Easy-Erase",Office Supplies,Art,2966,
OFF-AR-10000356,"Boston Highlighters, Fluorescent",Office Supplies,Art,2967,
OFF-AR-10000369,Design Ebony Sketching Pencil,Office Supplies,Art,2968,
OFF-AR-10000380,"Hunt PowerHouse Electric Pencil Sharpener, Blue",Office Supplies,Art,2969,
OFF-AR-10000387,"Sanford Highlighters, Water Color",Office Supplies,Art,2970,
OFF-AR-10000390,"Stanley Pencil Sharpener, Water Color",Office Supplies,Art,2971,
OFF-AR-10000390,Newell Chalk Holder,Office Supplies,Art,2972,
OFF-AR-10000399,"Binney & Smith Highlighters, Fluorescent",Office Supplies,Art,2973,
OFF-AR-10000399,"Stanley Canvas, Water Color",Office Supplies,Art,2974,
OFF-AR-10000401,"Binney & Smith Highlighters, Water Color",Office Supplies,Art,2975,
OFF-AR-10000404,"Stanley Pencil Sharpener, Easy-Erase",Office Supplies,Art,2976,
OFF-AR-10000409,"Sanford Canvas, Easy-Erase",Office Supplies,Art,2977,
OFF-AR-10000411,Boston 16701 Slimline Battery Pencil Sharpener,Office Supplies,Art,2978,
OFF-AR-10000422,"Stanley Markers, Blue",Office Supplies,Art,2979,
OFF-AR-10000422,Pencil and Crayon Sharpener,Office Supplies,Art,2980,
OFF-AR-10000431,"Sanford Pens, Blue",Office Supplies,Art,2981,
OFF-AR-10000444,"BIC Highlighters, Blue",Office Supplies,Art,2982,
OFF-AR-10000452,"Boston Pencil Sharpener, Fluorescent",Office Supplies,Art,2983,
OFF-AR-10000461,"Binney & Smith Highlighters, Water Color",Office Supplies,Art,2984,
OFF-AR-10000462,Sanford Pocket Accent Highlighters,Office Supplies,Art,2985,
OFF-AR-10000465,"Sanford Markers, Blue",Office Supplies,Art,2986,
OFF-AR-10000467,"Sanford Markers, Fluorescent",Office Supplies,Art,2987,
OFF-AR-10000468,"BIC Pens, Blue",Office Supplies,Art,2988,
OFF-AR-10000475,"Sanford Canvas, Blue",Office Supplies,Art,2989,
OFF-AR-10000475,"Hunt BOSTON Vista Battery-Operated Pencil Sharpener, Black",Office Supplies,Art,2990,
OFF-AR-10000481,"BIC Markers, Blue",Office Supplies,Art,2991,
OFF-AR-10000491,"Binney & Smith Pens, Water Color",Office Supplies,Art,2992,
OFF-AR-10000493,"Boston Pencil Sharpener, Fluorescent",Office Supplies,Art,2993,
OFF-AR-10000502,"BIC Highlighters, Easy-Erase",Office Supplies,Art,2994,
OFF-AR-10000503,"Stanley Pens, Blue",Office Supplies,Art,2995,
OFF-AR-10000505,"Binney & Smith Pens, Easy-Erase",Office Supplies,Art,2996,
OFF-AR-10000513,"BIC Pencil Sharpener, Easy-Erase",Office Supplies,Art,2997,
OFF-AR-10000538,"Boston Model 1800 Electric Pencil Sharpener, Gray",Office Supplies,Art,2998,
OFF-AR-10000539,"Boston Markers, Easy-Erase",Office Supplies,Art,2999,
OFF-AR-10000540,"Binney & Smith Markers, Water Color",Office Supplies,Art,3000,
OFF-AR-10000543,"BIC Pencil Sharpener, Fluorescent",Office Supplies,Art,3001,
OFF-AR-10000578,"BIC Pencil Sharpener, Fluorescent",Office Supplies,Art,3002,
OFF-AR-10000584,"Sanford Pencil Sharpener, Water Color",Office Supplies,Art,3003,
OFF-AR-10000588,Newell 345,Office Supplies,Art,3004,
OFF-AR-10000594,"Binney & Smith Highlighters, Water Color",Office Supplies,Art,3005,
OFF-AR-10000603,"Boston Highlighters, Water Color",Office Supplies,Art,3006,
OFF-AR-10000614,Barrel Sharpener,Office Supplies,Art,3007,
OFF-AR-10000614,"Sanford Markers, Blue",Office Supplies,Art,3008,
OFF-AR-10000634,Newell 320,Office Supplies,Art,3009,
OFF-AR-10000655,"Stanley Sketch Pad, Blue",Office Supplies,Art,3010,
OFF-AR-10000657,"Binney & Smith inkTank Desk Highlighter, Chisel Tip, Yellow, 12/Box",Office Supplies,Art,3011,
OFF-AR-10000658,Newell 324,Office Supplies,Art,3012,
OFF-AR-10000659,"BIC Pencil Sharpener, Fluorescent",Office Supplies,Art,3013,
OFF-AR-10000660,"Boston Canvas, Water Color",Office Supplies,Art,3014,
OFF-AR-10000676,"Sanford Markers, Blue",Office Supplies,Art,3015,
OFF-AR-10000681,"Binney & Smith Sketch Pad, Water Color",Office Supplies,Art,3016,
OFF-AR-10000703,"BIC Pens, Water Color",Office Supplies,Art,3017,
OFF-AR-10000706,"Sanford Highlighters, Fluorescent",Office Supplies,Art,3018,
OFF-AR-10000711,"BIC Pens, Easy-Erase",Office Supplies,Art,3019,
OFF-AR-10000715,"Boston Markers, Blue",Office Supplies,Art,3020,
OFF-AR-10000716,DIXON Ticonderoga Erasable Checking Pencils,Office Supplies,Art,3021,
OFF-AR-10000719,"Boston Pencil Sharpener, Water Color",Office Supplies,Art,3022,
OFF-AR-10000720,"Binney & Smith Markers, Fluorescent",Office Supplies,Art,3023,
OFF-AR-10000724,"Boston Pens, Fluorescent",Office Supplies,Art,3024,
OFF-AR-10000727,"Stanley Canvas, Easy-Erase",Office Supplies,Art,3025,
OFF-AR-10000729,"Stanley Highlighters, Fluorescent",Office Supplies,Art,3026,
OFF-AR-10000733,"Binney & Smith Canvas, Fluorescent",Office Supplies,Art,3027,
OFF-AR-10000740,"Binney & Smith Pens, Easy-Erase",Office Supplies,Art,3028,
OFF-AR-10000751,"Binney & Smith Highlighters, Blue",Office Supplies,Art,3029,
OFF-AR-10000751,"Boston Highlighters, Fluorescent",Office Supplies,Art,3030,
OFF-AR-10000762,"BIC Pens, Water Color",Office Supplies,Art,3031,
OFF-AR-10000767,"Binney & Smith Sketch Pad, Water Color",Office Supplies,Art,3032,
OFF-AR-10000780,"BIC Highlighters, Easy-Erase",Office Supplies,Art,3033,
OFF-AR-10000785,"BIC Sketch Pad, Water Color",Office Supplies,Art,3034,
OFF-AR-10000799,Col-Erase Pencils with Erasers,Office Supplies,Art,3035,
OFF-AR-10000799,"Sanford Highlighters, Easy-Erase",Office Supplies,Art,3036,
OFF-AR-10000804,"Binney & Smith Markers, Water Color",Office Supplies,Art,3037,
OFF-AR-10000812,"Binney & Smith Pens, Fluorescent",Office Supplies,Art,3038,
OFF-AR-10000814,"Binney & Smith Canvas, Fluorescent",Office Supplies,Art,3039,
OFF-AR-10000817,Manco Dry-Lighter Erasable Highlighter,Office Supplies,Art,3040,
OFF-AR-10000821,"Sanford Highlighters, Fluorescent",Office Supplies,Art,3041,
OFF-AR-10000823,"Stanley Pens, Water Color",Office Supplies,Art,3042,
OFF-AR-10000823,Newell 307,Office Supplies,Art,3043,
OFF-AR-10000833,"Sanford Sketch Pad, Water Color",Office Supplies,Art,3044,
OFF-AR-10000833,"Sanford Canvas, Easy-Erase",Office Supplies,Art,3045,
OFF-AR-10000833,"Binney & Smith Pencil Sharpener, Water Color",Office Supplies,Art,3046,
OFF-AR-10000845,"Binney & Smith Pens, Water Color",Office Supplies,Art,3047,
OFF-AR-10000851,"Sanford Sketch Pad, Blue",Office Supplies,Art,3048,
OFF-AR-10000896,Newell 329,Office Supplies,Art,3049,
OFF-AR-10000904,"Sanford Sketch Pad, Blue",Office Supplies,Art,3050,
OFF-AR-10000914,Boston 16765 Mini Stand Up Battery Pencil Sharpener,Office Supplies,Art,3051,
OFF-AR-10000925,"Stanley Canvas, Easy-Erase",Office Supplies,Art,3052,
OFF-AR-10000937,"Dixon Ticonderoga Core-Lock Colored Pencils, 48-Color Set",Office Supplies,Art,3053,
OFF-AR-10000940,Newell 343,Office Supplies,Art,3054,
OFF-AR-10000953,"Stanley Pencil Sharpener, Easy-Erase",Office Supplies,Art,3055,
OFF-AR-10000974,"Stanley Pens, Fluorescent",Office Supplies,Art,3056,
OFF-AR-10000980,"Sanford Pencil Sharpener, Water Color",Office Supplies,Art,3057,
OFF-AR-10000989,"Binney & Smith Canvas, Blue",Office Supplies,Art,3058,
OFF-AR-10001002,"BIC Sketch Pad, Fluorescent",Office Supplies,Art,3059,
OFF-AR-10001022,SANFORD Liquid Accent Tank-Style Highlighters,Office Supplies,Art,3060,
OFF-AR-10001026,"Sanford Uni-Blazer View Highlighters, Chisel Tip, Yellow",Office Supplies,Art,3061,
OFF-AR-10001029,"Stanley Sketch Pad, Water Color",Office Supplies,Art,3062,
OFF-AR-10001030,"Sanford Markers, Easy-Erase",Office Supplies,Art,3063,
OFF-AR-10001043,"BIC Pens, Blue",Office Supplies,Art,3064,
OFF-AR-10001044,"BOSTON Ranger #55 Pencil Sharpener, Black",Office Supplies,Art,3065,
OFF-AR-10001053,"Boston Pencil Sharpener, Easy-Erase",Office Supplies,Art,3066,
OFF-AR-10001061,"Stanley Sketch Pad, Water Color",Office Supplies,Art,3067,
OFF-AR-10001068,"BIC Sketch Pad, Easy-Erase",Office Supplies,Art,3068,
OFF-AR-10001072,"Sanford Pens, Fluorescent",Office Supplies,Art,3069,
OFF-AR-10001073,"Sanford Markers, Easy-Erase",Office Supplies,Art,3070,
OFF-AR-10001074,"Sanford Highlighters, Blue",Office Supplies,Art,3071,
OFF-AR-10001107,"BIC Highlighters, Water Color",Office Supplies,Art,3072,
OFF-AR-10001110,"BIC Pencil Sharpener, Water Color",Office Supplies,Art,3073,
OFF-AR-10001117,"Stanley Pens, Blue",Office Supplies,Art,3074,
OFF-AR-10001118,"Binney & Smith Crayola Metallic Crayons, 16-Color Pack",Office Supplies,Art,3075,
OFF-AR-10001129,"Stanley Pens, Easy-Erase",Office Supplies,Art,3076,
OFF-AR-10001130,"Quartet Alpha White Chalk, 12/Pack",Office Supplies,Art,3077,
OFF-AR-10001132,"BIC Markers, Blue",Office Supplies,Art,3078,
OFF-AR-10001134,"Boston Pens, Easy-Erase",Office Supplies,Art,3079,
OFF-AR-10001149,"Avery Hi-Liter Comfort Grip Fluorescent Highlighter, Yellow Ink",Office Supplies,Art,3080,
OFF-AR-10001149,"Sanford Colorific Colored Pencils, 12/Box",Office Supplies,Art,3081,
OFF-AR-10001162,"BIC Pencil Sharpener, Blue",Office Supplies,Art,3082,
OFF-AR-10001166,Staples,Office Supplies,Art,3083,
OFF-AR-10001176,"Sanford Pens, Water Color",Office Supplies,Art,3084,
OFF-AR-10001177,Newell 349,Office Supplies,Art,3085,
OFF-AR-10001190,"Boston Canvas, Easy-Erase",Office Supplies,Art,3086,
OFF-AR-10001192,"Binney & Smith Canvas, Fluorescent",Office Supplies,Art,3087,
OFF-AR-10001195,"Stanley Canvas, Water Color",Office Supplies,Art,3088,
OFF-AR-10001208,"Binney & Smith Canvas, Water Color",Office Supplies,Art,3089,
OFF-AR-10001216,"BIC Pencil Sharpener, Easy-Erase",Office Supplies,Art,3090,
OFF-AR-10001216,Newell 339,Office Supplies,Art,3091,
OFF-AR-10001221,"Dixon Ticonderoga Erasable Colored Pencil Set, 12-Color",Office Supplies,Art,3092,
OFF-AR-10001226,"Boston Pencil Sharpener, Fluorescent",Office Supplies,Art,3093,
OFF-AR-10001227,Newell 338,Office Supplies,Art,3094,
OFF-AR-10001228,"Binney & Smith Pens, Easy-Erase",Office Supplies,Art,3095,
OFF-AR-10001228,"Stanley Markers, Water Color",Office Supplies,Art,3096,
OFF-AR-10001230,"Binney & Smith Markers, Water Color",Office Supplies,Art,3097,
OFF-AR-10001231,"Sanford EarthWrite Recycled Pencils, Medium Soft, #2",Office Supplies,Art,3098,
OFF-AR-10001232,"Sanford Canvas, Fluorescent",Office Supplies,Art,3099,
OFF-AR-10001244,"BIC Canvas, Easy-Erase",Office Supplies,Art,3100,
OFF-AR-10001246,Newell 317,Office Supplies,Art,3101,
OFF-AR-10001266,"Boston Canvas, Blue",Office Supplies,Art,3102,
OFF-AR-10001269,"BIC Markers, Water Color",Office Supplies,Art,3103,
OFF-AR-10001271,"Sanford Markers, Fluorescent",Office Supplies,Art,3104,
OFF-AR-10001278,"Binney & Smith Pens, Water Color",Office Supplies,Art,3105,
OFF-AR-10001291,"Sanford Canvas, Fluorescent",Office Supplies,Art,3106,
OFF-AR-10001315,Newell 310,Office Supplies,Art,3107,
OFF-AR-10001329,"BIC Pens, Fluorescent",Office Supplies,Art,3108,
OFF-AR-10001336,"Binney & Smith Pens, Blue",Office Supplies,Art,3109,
OFF-AR-10001338,"Boston Canvas, Easy-Erase",Office Supplies,Art,3110,
OFF-AR-10001374,"BIC Brite Liner Highlighters, Chisel Tip",Office Supplies,Art,3111,
OFF-AR-10001386,"Sanford Sketch Pad, Easy-Erase",Office Supplies,Art,3112,
OFF-AR-10001402,"Sanford Highlighters, Water Color",Office Supplies,Art,3113,
OFF-AR-10001405,"Binney & Smith Highlighters, Fluorescent",Office Supplies,Art,3114,
OFF-AR-10001418,"BIC Markers, Easy-Erase",Office Supplies,Art,3115,
OFF-AR-10001419,Newell 325,Office Supplies,Art,3116,
OFF-AR-10001423,"BIC Canvas, Water Color",Office Supplies,Art,3117,
OFF-AR-10001427,Newell 330,Office Supplies,Art,3118,
OFF-AR-10001446,Newell 309,Office Supplies,Art,3119,
OFF-AR-10001461,"BIC Canvas, Water Color",Office Supplies,Art,3120,
OFF-AR-10001462,"Stanley Highlighters, Fluorescent",Office Supplies,Art,3121,
OFF-AR-10001468,"Sanford Prismacolor Professional Thick Lead Art Pencils, 36-Color Set",Office Supplies,Art,3122,
OFF-AR-10001473,Newell 313,Office Supplies,Art,3123,
OFF-AR-10001479,"Binney & Smith Pencil Sharpener, Easy-Erase",Office Supplies,Art,3124,
OFF-AR-10001482,"Stanley Markers, Easy-Erase",Office Supplies,Art,3125,
OFF-AR-10001495,"BIC Sketch Pad, Blue",Office Supplies,Art,3126,
OFF-AR-10001508,"BIC Canvas, Water Color",Office Supplies,Art,3127,
OFF-AR-10001518,"Binney & Smith Pencil Sharpener, Water Color",Office Supplies,Art,3128,
OFF-AR-10001525,"Stanley Highlighters, Blue",Office Supplies,Art,3129,
OFF-AR-10001529,"Sanford Pens, Fluorescent",Office Supplies,Art,3130,
OFF-AR-10001529,"Binney & Smith Pencil Sharpener, Easy-Erase",Office Supplies,Art,3131,
OFF-AR-10001533,"Sanford Sketch Pad, Easy-Erase",Office Supplies,Art,3132,
OFF-AR-10001535,"Binney & Smith Sketch Pad, Blue",Office Supplies,Art,3133,
OFF-AR-10001545,Newell 326,Office Supplies,Art,3134,
OFF-AR-10001546,"Binney & Smith Sketch Pad, Easy-Erase",Office Supplies,Art,3135,
OFF-AR-10001547,Newell 311,Office Supplies,Art,3136,
OFF-AR-10001570,"Sanford Canvas, Water Color",Office Supplies,Art,3137,
OFF-AR-10001571,"Stanley Pens, Blue",Office Supplies,Art,3138,
OFF-AR-10001573,American Pencil,Office Supplies,Art,3139,
OFF-AR-10001578,"Sanford Pencil Sharpener, Fluorescent",Office Supplies,Art,3140,
OFF-AR-10001598,"BIC Highlighters, Easy-Erase",Office Supplies,Art,3141,
OFF-AR-10001599,"Binney & Smith Canvas, Blue",Office Supplies,Art,3142,
OFF-AR-10001602,"Sanford Canvas, Water Color",Office Supplies,Art,3143,
OFF-AR-10001606,"BIC Highlighters, Fluorescent",Office Supplies,Art,3144,
OFF-AR-10001607,"Stanley Pencil Sharpener, Water Color",Office Supplies,Art,3145,
OFF-AR-10001609,"Stanley Highlighters, Water Color",Office Supplies,Art,3146,
OFF-AR-10001612,"Boston Pens, Easy-Erase",Office Supplies,Art,3147,
OFF-AR-10001615,Newell 34,Office Supplies,Art,3148,
OFF-AR-10001622,"BIC Markers, Easy-Erase",Office Supplies,Art,3149,
OFF-AR-10001626,"BIC Pens, Blue",Office Supplies,Art,3150,
OFF-AR-10001645,"Boston Pens, Blue",Office Supplies,Art,3151,
OFF-AR-10001654,"Stanley Highlighters, Fluorescent",Office Supplies,Art,3152,
OFF-AR-10001659,"Boston Markers, Blue",Office Supplies,Art,3153,
OFF-AR-10001662,Rogers Handheld Barrel Pencil Sharpener,Office Supplies,Art,3154,
OFF-AR-10001672,"Boston Sketch Pad, Easy-Erase",Office Supplies,Art,3155,
OFF-AR-10001678,"Binney & Smith Sketch Pad, Easy-Erase",Office Supplies,Art,3156,
OFF-AR-10001683,Lumber Crayons,Office Supplies,Art,3157,
OFF-AR-10001694,"Sanford Canvas, Blue",Office Supplies,Art,3158,
OFF-AR-10001696,"Binney & Smith Pens, Water Color",Office Supplies,Art,3159,
OFF-AR-10001708,"Boston Sketch Pad, Blue",Office Supplies,Art,3160,
OFF-AR-10001714,"Binney & Smith Markers, Fluorescent",Office Supplies,Art,3161,
OFF-AR-10001720,"Stanley Canvas, Blue",Office Supplies,Art,3162,
OFF-AR-10001725,Boston Home & Office Model 2000 Electric Pencil Sharpeners,Office Supplies,Art,3163,
OFF-AR-10001738,"Binney & Smith Canvas, Easy-Erase",Office Supplies,Art,3164,
OFF-AR-10001752,"Binney & Smith Pens, Blue",Office Supplies,Art,3165,
OFF-AR-10001759,"Sanford Sketch Pad, Fluorescent",Office Supplies,Art,3166,
OFF-AR-10001761,Avery Hi-Liter Smear-Safe Highlighters,Office Supplies,Art,3167,
OFF-AR-10001770,"Binney & Smith Markers, Water Color",Office Supplies,Art,3168,
OFF-AR-10001770,Economy #2 Pencils,Office Supplies,Art,3169,
OFF-AR-10001773,"Sanford Markers, Water Color",Office Supplies,Art,3170,
OFF-AR-10001777,"Binney & Smith Sketch Pad, Water Color",Office Supplies,Art,3171,
OFF-AR-10001812,"Binney & Smith Markers, Easy-Erase",Office Supplies,Art,3172,
OFF-AR-10001813,"Stanley Markers, Fluorescent",Office Supplies,Art,3173,
OFF-AR-10001823,"BIC Highlighters, Blue",Office Supplies,Art,3174,
OFF-AR-10001833,"Boston Highlighters, Easy-Erase",Office Supplies,Art,3175,
OFF-AR-10001850,"BIC Highlighters, Fluorescent",Office Supplies,Art,3176,
OFF-AR-10001850,"Boston Sketch Pad, Water Color",Office Supplies,Art,3177,
OFF-AR-10001860,BIC Liqua Brite Liner,Office Supplies,Art,3178,
OFF-AR-10001862,"Boston Pens, Water Color",Office Supplies,Art,3179,
OFF-AR-10001868,Prang Dustless Chalk Sticks,Office Supplies,Art,3180,
OFF-AR-10001879,"Stanley Pencil Sharpener, Fluorescent",Office Supplies,Art,3181,
OFF-AR-10001897,Model L Table or Wall-Mount Pencil Sharpener,Office Supplies,Art,3182,
OFF-AR-10001898,"Binney & Smith Pencil Sharpener, Fluorescent",Office Supplies,Art,3183,
OFF-AR-10001915,Peel-Off China Markers,Office Supplies,Art,3184,
OFF-AR-10001919,"OIC #2 Pencils, Medium Soft",Office Supplies,Art,3185,
OFF-AR-10001922,"Sanford Pens, Blue",Office Supplies,Art,3186,
OFF-AR-10001940,"Sanford Colorific Eraseable Coloring Pencils, 12 Count",Office Supplies,Art,3187,
OFF-AR-10001952,"BIC Canvas, Easy-Erase",Office Supplies,Art,3188,
OFF-AR-10001953,Boston 1645 Deluxe Heavier-Duty Electric Pencil Sharpener,Office Supplies,Art,3189,
OFF-AR-10001954,Newell 331,Office Supplies,Art,3190,
OFF-AR-10001955,Newell 319,Office Supplies,Art,3191,
OFF-AR-10001958,Stanley Bostitch Contemporary Electric Pencil Sharpeners,Office Supplies,Art,3192,
OFF-AR-10001965,"BIC Markers, Easy-Erase",Office Supplies,Art,3193,
OFF-AR-10001972,Newell 323,Office Supplies,Art,3194,
OFF-AR-10001988,Bulldog Table or Wall-Mount Pencil Sharpener,Office Supplies,Art,3195,
OFF-AR-10001991,"Stanley Markers, Easy-Erase",Office Supplies,Art,3196,
OFF-AR-10002022,"Stanley Sketch Pad, Water Color",Office Supplies,Art,3197,
OFF-AR-10002036,"Binney & Smith Pencil Sharpener, Fluorescent",Office Supplies,Art,3198,
OFF-AR-10002037,"Stanley Sketch Pad, Fluorescent",Office Supplies,Art,3199,
OFF-AR-10002053,"Premium Writing Pencils, Soft, #2 by Central Association for the Blind",Office Supplies,Art,3200,
OFF-AR-10002055,"Binney & Smith Markers, Blue",Office Supplies,Art,3201,
OFF-AR-10002060,"Stanley Pens, Fluorescent",Office Supplies,Art,3202,
OFF-AR-10002067,Newell 334,Office Supplies,Art,3203,
OFF-AR-10002094,"Boston Pencil Sharpener, Water Color",Office Supplies,Art,3204,
OFF-AR-10002096,"Binney & Smith Markers, Fluorescent",Office Supplies,Art,3205,
OFF-AR-10002105,"Boston Highlighters, Fluorescent",Office Supplies,Art,3206,
OFF-AR-10002109,"Binney & Smith Sketch Pad, Fluorescent",Office Supplies,Art,3207,
OFF-AR-10002111,"Sanford Highlighters, Easy-Erase",Office Supplies,Art,3208,
OFF-AR-10002113,"Boston Highlighters, Easy-Erase",Office Supplies,Art,3209,
OFF-AR-10002115,"Boston Canvas, Fluorescent",Office Supplies,Art,3210,
OFF-AR-10002116,"BIC Pens, Fluorescent",Office Supplies,Art,3211,
OFF-AR-10002135,Boston Heavy-Duty Trimline Electric Pencil Sharpeners,Office Supplies,Art,3212,
OFF-AR-10002144,"Stanley Pens, Blue",Office Supplies,Art,3213,
OFF-AR-10002145,"Binney & Smith Sketch Pad, Fluorescent",Office Supplies,Art,3214,
OFF-AR-10002153,"Sanford Pens, Fluorescent",Office Supplies,Art,3215,
OFF-AR-10002156,"Stanley Highlighters, Blue",Office Supplies,Art,3216,
OFF-AR-10002165,"Boston Sketch Pad, Fluorescent",Office Supplies,Art,3217,
OFF-AR-10002221,12 Colored Short Pencils,Office Supplies,Art,3218,
OFF-AR-10002236,"Stanley Pencil Sharpener, Water Color",Office Supplies,Art,3219,
OFF-AR-10002240,Panasonic KP-150 Electric Pencil Sharpener,Office Supplies,Art,3220,
OFF-AR-10002255,"Boston Sketch Pad, Water Color",Office Supplies,Art,3221,
OFF-AR-10002255,Newell 346,Office Supplies,Art,3222,
OFF-AR-10002256,"BIC Sketch Pad, Easy-Erase",Office Supplies,Art,3223,
OFF-AR-10002257,"Eldon Spacemaker Box, Quick-Snap Lid, Clear",Office Supplies,Art,3224,
OFF-AR-10002260,"Boston Pens, Blue",Office Supplies,Art,3225,
OFF-AR-10002280,Staples,Office Supplies,Art,3226,
OFF-AR-10002331,"Binney & Smith Canvas, Blue",Office Supplies,Art,3227,
OFF-AR-10002335,DIXON Oriole Pencils,Office Supplies,Art,3228,
OFF-AR-10002335,"Sanford Canvas, Fluorescent",Office Supplies,Art,3229,
OFF-AR-10002340,"Stanley Markers, Water Color",Office Supplies,Art,3230,
OFF-AR-10002346,"Binney & Smith Pencil Sharpener, Fluorescent",Office Supplies,Art,3231,
OFF-AR-10002364,"BIC Pens, Easy-Erase",Office Supplies,Art,3232,
OFF-AR-10002375,Newell 351,Office Supplies,Art,3233,
OFF-AR-10002380,"Boston Highlighters, Blue",Office Supplies,Art,3234,
OFF-AR-10002382,"Binney & Smith Pencil Sharpener, Water Color",Office Supplies,Art,3235,
OFF-AR-10002389,"Binney & Smith Pens, Fluorescent",Office Supplies,Art,3236,
OFF-AR-10002392,"Binney & Smith Highlighters, Blue",Office Supplies,Art,3237,
OFF-AR-10002399,"Dixon Prang Watercolor Pencils, 10-Color Set with Brush",Office Supplies,Art,3238,
OFF-AR-10002400,"Boston Highlighters, Water Color",Office Supplies,Art,3239,
OFF-AR-10002415,"Stanley Markers, Easy-Erase",Office Supplies,Art,3240,
OFF-AR-10002417,"Boston Sketch Pad, Water Color",Office Supplies,Art,3241,
OFF-AR-10002419,"Sanford Markers, Fluorescent",Office Supplies,Art,3242,
OFF-AR-10002433,"Stanley Pens, Easy-Erase",Office Supplies,Art,3243,
OFF-AR-10002440,"Stanley Highlighters, Fluorescent",Office Supplies,Art,3244,
OFF-AR-10002445,SANFORD Major Accent Highlighters,Office Supplies,Art,3245,
OFF-AR-10002447,"Stanley Sketch Pad, Water Color",Office Supplies,Art,3246,
OFF-AR-10002454,"Binney & Smith Canvas, Water Color",Office Supplies,Art,3247,
OFF-AR-10002458,"Stanley Canvas, Easy-Erase",Office Supplies,Art,3248,
OFF-AR-10002467,Dixon Ticonderoga Pencils,Office Supplies,Art,3249,
OFF-AR-10002485,"Boston Markers, Easy-Erase",Office Supplies,Art,3250,
OFF-AR-10002486,"Sanford Pencil Sharpener, Water Color",Office Supplies,Art,3251,
OFF-AR-10002499,"Binney & Smith Pencil Sharpener, Easy-Erase",Office Supplies,Art,3252,
OFF-AR-10002513,"Sanford Sketch Pad, Blue",Office Supplies,Art,3253,
OFF-AR-10002517,"BIC Highlighters, Blue",Office Supplies,Art,3254,
OFF-AR-10002535,"Stanley Markers, Water Color",Office Supplies,Art,3255,
OFF-AR-10002538,"Binney & Smith Sketch Pad, Fluorescent",Office Supplies,Art,3256,
OFF-AR-10002564,"Boston Pens, Easy-Erase",Office Supplies,Art,3257,
OFF-AR-10002575,"Sanford Canvas, Blue",Office Supplies,Art,3258,
OFF-AR-10002578,Newell 335,Office Supplies,Art,3259,
OFF-AR-10002583,"BIC Markers, Fluorescent",Office Supplies,Art,3260,
OFF-AR-10002605,"Sanford Sketch Pad, Fluorescent",Office Supplies,Art,3261,
OFF-AR-10002640,"Boston Pens, Blue",Office Supplies,Art,3262,
OFF-AR-10002650,"Sanford Markers, Easy-Erase",Office Supplies,Art,3263,
OFF-AR-10002656,Sanford Liquid Accent Highlighters,Office Supplies,Art,3264,
OFF-AR-10002665,"Binney & Smith Markers, Easy-Erase",Office Supplies,Art,3265,
OFF-AR-10002671,"Hunt BOSTON Model 1606 High-Volume Electric Pencil Sharpener, Beige",Office Supplies,Art,3266,
OFF-AR-10002672,"Boston Highlighters, Blue",Office Supplies,Art,3267,
OFF-AR-10002677,"BIC Pencil Sharpener, Easy-Erase",Office Supplies,Art,3268,
OFF-AR-10002677,"BIC Pens, Water Color",Office Supplies,Art,3269,
OFF-AR-10002681,"Boston Sketch Pad, Fluorescent",Office Supplies,Art,3270,
OFF-AR-10002681,"Stanley Canvas, Fluorescent",Office Supplies,Art,3271,
OFF-AR-10002704,Boston 1900 Electric Pencil Sharpener,Office Supplies,Art,3272,
OFF-AR-10002706,"Stanley Canvas, Fluorescent",Office Supplies,Art,3273,
OFF-AR-10002710,"Sanford Pens, Easy-Erase",Office Supplies,Art,3274,
OFF-AR-10002714,"Stanley Sketch Pad, Easy-Erase",Office Supplies,Art,3275,
OFF-AR-10002727,"Stanley Pencil Sharpener, Fluorescent",Office Supplies,Art,3276,
OFF-AR-10002745,"BIC Canvas, Blue",Office Supplies,Art,3277,
OFF-AR-10002747,"Boston Canvas, Fluorescent",Office Supplies,Art,3278,
OFF-AR-10002766,Prang Drawing Pencil Set,Office Supplies,Art,3279,
OFF-AR-10002783,"Stanley Pencil Sharpener, Water Color",Office Supplies,Art,3280,
OFF-AR-10002797,"Sanford Highlighters, Blue",Office Supplies,Art,3281,
OFF-AR-10002800,"Binney & Smith Pencil Sharpener, Water Color",Office Supplies,Art,3282,
OFF-AR-10002802,"Binney & Smith Pencil Sharpener, Water Color",Office Supplies,Art,3283,
OFF-AR-10002804,Faber Castell Col-Erase Pencils,Office Supplies,Art,3284,
OFF-AR-10002805,"Boston Sketch Pad, Blue",Office Supplies,Art,3285,
OFF-AR-10002811,"Stanley Pens, Water Color",Office Supplies,Art,3286,
OFF-AR-10002816,"Boston Canvas, Blue",Office Supplies,Art,3287,
OFF-AR-10002818,Panasonic KP-310 Heavy-Duty Electric Pencil Sharpener,Office Supplies,Art,3288,
OFF-AR-10002824,"Sanford Markers, Water Color",Office Supplies,Art,3289,
OFF-AR-10002833,Newell 322,Office Supplies,Art,3290,
OFF-AR-10002847,"Stanley Pens, Water Color",Office Supplies,Art,3291,
OFF-AR-10002852,"Stanley Pens, Fluorescent",Office Supplies,Art,3292,
OFF-AR-10002882,"BIC Sketch Pad, Water Color",Office Supplies,Art,3293,
OFF-AR-10002897,"BIC Markers, Water Color",Office Supplies,Art,3294,
OFF-AR-10002902,"Sanford Canvas, Water Color",Office Supplies,Art,3295,
OFF-AR-10002939,"Stanley Highlighters, Water Color",Office Supplies,Art,3296,
OFF-AR-10002952,Stanley Contemporary Battery Pencil Sharpeners,Office Supplies,Art,3297,
OFF-AR-10002956,Boston 16801 Nautilus Battery Pencil Sharpener,Office Supplies,Art,3298,
OFF-AR-10002975,"Stanley Sketch Pad, Fluorescent",Office Supplies,Art,3299,
OFF-AR-10002987,Prismacolor Color Pencil Set,Office Supplies,Art,3300,
OFF-AR-10002991,"Binney & Smith Markers, Blue",Office Supplies,Art,3301,
OFF-AR-10003005,"Boston Markers, Fluorescent",Office Supplies,Art,3302,
OFF-AR-10003012,"Sanford Markers, Easy-Erase",Office Supplies,Art,3303,
OFF-AR-10003021,"BIC Sketch Pad, Water Color",Office Supplies,Art,3304,
OFF-AR-10003023,"Stanley Highlighters, Water Color",Office Supplies,Art,3305,
OFF-AR-10003028,"Binney & Smith Highlighters, Blue",Office Supplies,Art,3306,
OFF-AR-10003031,"Binney & Smith Pens, Fluorescent",Office Supplies,Art,3307,
OFF-AR-10003031,"Stanley Highlighters, Easy-Erase",Office Supplies,Art,3308,
OFF-AR-10003045,Prang Colored Pencils,Office Supplies,Art,3309,
OFF-AR-10003046,"Sanford Sketch Pad, Fluorescent",Office Supplies,Art,3310,
OFF-AR-10003056,Newell 341,Office Supplies,Art,3311,
OFF-AR-10003066,"Sanford Markers, Water Color",Office Supplies,Art,3312,
OFF-AR-10003077,"Boston Markers, Fluorescent",Office Supplies,Art,3313,
OFF-AR-10003085,"Stanley Markers, Easy-Erase",Office Supplies,Art,3314,
OFF-AR-10003087,Staples,Office Supplies,Art,3315,
OFF-AR-10003096,"Binney & Smith Sketch Pad, Blue",Office Supplies,Art,3316,
OFF-AR-10003110,"Sanford Sketch Pad, Water Color",Office Supplies,Art,3317,
OFF-AR-10003113,"Binney & Smith Pens, Blue",Office Supplies,Art,3318,
OFF-AR-10003117,"BIC Pencil Sharpener, Blue",Office Supplies,Art,3319,
OFF-AR-10003123,"Boston Canvas, Easy-Erase",Office Supplies,Art,3320,
OFF-AR-10003156,50 Colored Long Pencils,Office Supplies,Art,3321,
OFF-AR-10003157,"Sanford Highlighters, Easy-Erase",Office Supplies,Art,3322,
OFF-AR-10003158,Fluorescent Highlighters by Dixon,Office Supplies,Art,3323,
OFF-AR-10003179,Dixon Ticonderoga Core-Lock Colored Pencils,Office Supplies,Art,3324,
OFF-AR-10003179,"BIC Pencil Sharpener, Blue",Office Supplies,Art,3325,
OFF-AR-10003183,Avery Fluorescent Highlighter Four-Color Set,Office Supplies,Art,3326,
OFF-AR-10003190,Newell 32,Office Supplies,Art,3327,
OFF-AR-10003217,Newell 316,Office Supplies,Art,3328,
OFF-AR-10003217,"Sanford Highlighters, Fluorescent",Office Supplies,Art,3329,
OFF-AR-10003228,"Stanley Sketch Pad, Blue",Office Supplies,Art,3330,
OFF-AR-10003245,"Binney & Smith Canvas, Blue",Office Supplies,Art,3331,
OFF-AR-10003247,"Boston Highlighters, Water Color",Office Supplies,Art,3332,
OFF-AR-10003249,"Sanford Canvas, Easy-Erase",Office Supplies,Art,3333,
OFF-AR-10003251,Prang Drawing Pencil Set,Office Supplies,Art,3334,
OFF-AR-10003253,"Boston Pencil Sharpener, Water Color",Office Supplies,Art,3335,
OFF-AR-10003281,"Stanley Highlighters, Blue",Office Supplies,Art,3336,
OFF-AR-10003291,"BIC Canvas, Fluorescent",Office Supplies,Art,3337,
OFF-AR-10003321,"BIC Highlighters, Water Color",Office Supplies,Art,3338,
OFF-AR-10003336,"Sanford Pencil Sharpener, Easy-Erase",Office Supplies,Art,3339,
OFF-AR-10003338,"Eberhard Faber 3 1/2"" Golf Pencils",Office Supplies,Art,3340,
OFF-AR-10003369,"Stanley Canvas, Blue",Office Supplies,Art,3341,
OFF-AR-10003373,"Boston School Pro Electric Pencil Sharpener, 1670",Office Supplies,Art,3342,
OFF-AR-10003377,"Boston Pencil Sharpener, Easy-Erase",Office Supplies,Art,3343,
OFF-AR-10003384,"Boston Pens, Water Color",Office Supplies,Art,3344,
OFF-AR-10003394,Newell 332,Office Supplies,Art,3345,
OFF-AR-10003405,"Dixon My First Ticonderoga Pencil, #2",Office Supplies,Art,3346,
OFF-AR-10003446,"BIC Highlighters, Water Color",Office Supplies,Art,3347,
OFF-AR-10003448,"Boston Markers, Water Color",Office Supplies,Art,3348,
OFF-AR-10003450,"BIC Markers, Blue",Office Supplies,Art,3349,
OFF-AR-10003457,"Sanford Sketch Pad, Water Color",Office Supplies,Art,3350,
OFF-AR-10003461,"Stanley Pencil Sharpener, Easy-Erase",Office Supplies,Art,3351,
OFF-AR-10003466,"Binney & Smith Highlighters, Easy-Erase",Office Supplies,Art,3352,
OFF-AR-10003469,Nontoxic Chalk,Office Supplies,Art,3353,
OFF-AR-10003477,4009 Highlighters,Office Supplies,Art,3354,
OFF-AR-10003478,"Avery Hi-Liter EverBold Pen Style Fluorescent Highlighters, 4/Pack",Office Supplies,Art,3355,
OFF-AR-10003481,Newell 348,Office Supplies,Art,3356,
OFF-AR-10003504,Newell 347,Office Supplies,Art,3357,
OFF-AR-10003514,4009 Highlighters by Sanford,Office Supplies,Art,3358,
OFF-AR-10003521,"Stanley Highlighters, Easy-Erase",Office Supplies,Art,3359,
OFF-AR-10003532,"BIC Pencil Sharpener, Easy-Erase",Office Supplies,Art,3360,
OFF-AR-10003536,"Stanley Pencil Sharpener, Water Color",Office Supplies,Art,3361,
OFF-AR-10003551,"Sanford Pens, Water Color",Office Supplies,Art,3362,
OFF-AR-10003554,"Stanley Canvas, Blue",Office Supplies,Art,3363,
OFF-AR-10003557,"Boston Highlighters, Easy-Erase",Office Supplies,Art,3364,
OFF-AR-10003560,Zebra Zazzle Fluorescent Highlighters,Office Supplies,Art,3365,
OFF-AR-10003582,"Boston Electric Pencil Sharpener, Model 1818, Charcoal Black",Office Supplies,Art,3366,
OFF-AR-10003582,"BIC Pencil Sharpener, Water Color",Office Supplies,Art,3367,
OFF-AR-10003592,"Sanford Pencil Sharpener, Fluorescent",Office Supplies,Art,3368,
OFF-AR-10003602,"Quartet Omega Colored Chalk, 12/Pack",Office Supplies,Art,3369,
OFF-AR-10003613,"Sanford Canvas, Easy-Erase",Office Supplies,Art,3370,
OFF-AR-10003620,"Boston Pencil Sharpener, Water Color",Office Supplies,Art,3371,
OFF-AR-10003629,"Boston Canvas, Water Color",Office Supplies,Art,3372,
OFF-AR-10003630,"Stanley Sketch Pad, Easy-Erase",Office Supplies,Art,3373,
OFF-AR-10003631,Staples,Office Supplies,Art,3374,
OFF-AR-10003633,"Binney & Smith Canvas, Easy-Erase",Office Supplies,Art,3375,
OFF-AR-10003651,Newell 350,Office Supplies,Art,3376,
OFF-AR-10003651,"Sanford Pens, Easy-Erase",Office Supplies,Art,3377,
OFF-AR-10003651,"Sanford Pencil Sharpener, Easy-Erase",Office Supplies,Art,3378,
OFF-AR-10003658,"Boston Markers, Water Color",Office Supplies,Art,3379,
OFF-AR-10003673,"Sanford Markers, Fluorescent",Office Supplies,Art,3380,
OFF-AR-10003674,"BIC Pencil Sharpener, Water Color",Office Supplies,Art,3381,
OFF-AR-10003680,"BIC Markers, Water Color",Office Supplies,Art,3382,
OFF-AR-10003683,"Boston Sketch Pad, Fluorescent",Office Supplies,Art,3383,
OFF-AR-10003684,"BIC Sketch Pad, Fluorescent",Office Supplies,Art,3384,
OFF-AR-10003685,"Stanley Canvas, Water Color",Office Supplies,Art,3385,
OFF-AR-10003688,"Sanford Canvas, Blue",Office Supplies,Art,3386,
OFF-AR-10003691,"Stanley Sketch Pad, Easy-Erase",Office Supplies,Art,3387,
OFF-AR-10003696,Panasonic KP-350BK Electric Pencil Sharpener with Auto Stop,Office Supplies,Art,3388,
OFF-AR-10003723,Avery Hi-Liter Fluorescent Desk Style Markers,Office Supplies,Art,3389,
OFF-AR-10003727,Berol Giant Pencil Sharpener,Office Supplies,Art,3390,
OFF-AR-10003732,Newell 333,Office Supplies,Art,3391,
OFF-AR-10003738,"Boston Canvas, Fluorescent",Office Supplies,Art,3392,
OFF-AR-10003752,Deluxe Chalkboard Eraser Cleaner,Office Supplies,Art,3393,
OFF-AR-10003758,"Binney & Smith Canvas, Water Color",Office Supplies,Art,3394,
OFF-AR-10003759,"Crayola Anti Dust Chalk, 12/Pack",Office Supplies,Art,3395,
OFF-AR-10003766,"BIC Sketch Pad, Easy-Erase",Office Supplies,Art,3396,
OFF-AR-10003770,Newell 340,Office Supplies,Art,3397,
OFF-AR-10003772,Boston 16750 Black Compact Battery Pencil Sharpener,Office Supplies,Art,3398,
OFF-AR-10003774,"Stanley Sketch Pad, Fluorescent",Office Supplies,Art,3399,
OFF-AR-10003794,"Boston Pencil Sharpener, Water Color",Office Supplies,Art,3400,
OFF-AR-10003806,"Stanley Sketch Pad, Water Color",Office Supplies,Art,3401,
OFF-AR-10003811,Newell 327,Office Supplies,Art,3402,
OFF-AR-10003816,"Binney & Smith Highlighters, Easy-Erase",Office Supplies,Art,3403,
OFF-AR-10003829,Newell 35,Office Supplies,Art,3404,
OFF-AR-10003829,"Boston Highlighters, Water Color",Office Supplies,Art,3405,
OFF-AR-10003829,"Stanley Markers, Fluorescent",Office Supplies,Art,3406,
OFF-AR-10003856,Newell 344,Office Supplies,Art,3407,
OFF-AR-10003875,"Stanley Highlighters, Easy-Erase",Office Supplies,Art,3408,
OFF-AR-10003876,"Avery Hi-Liter GlideStik Fluorescent Highlighter, Yellow Ink",Office Supplies,Art,3409,
OFF-AR-10003890,"Binney & Smith Pens, Blue",Office Supplies,Art,3410,
OFF-AR-10003896,"Stride Job 150 Highlighters, Chisel Tip, Assorted Colors",Office Supplies,Art,3411,
OFF-AR-10003897,"Stanley Pencil Sharpener, Water Color",Office Supplies,Art,3412,
OFF-AR-10003903,Sanford 52201 APSCO Electric Pencil Sharpener,Office Supplies,Art,3413,
OFF-AR-10003913,"Binney & Smith Highlighters, Blue",Office Supplies,Art,3414,
OFF-AR-10003914,"Stanley Canvas, Easy-Erase",Office Supplies,Art,3415,
OFF-AR-10003957,"Stanley Canvas, Fluorescent",Office Supplies,Art,3416,
OFF-AR-10003958,Newell 337,Office Supplies,Art,3417,
OFF-AR-10003962,"Binney & Smith Highlighters, Water Color",Office Supplies,Art,3418,
OFF-AR-10003978,"Binney & Smith Sketch Pad, Easy-Erase",Office Supplies,Art,3419,
OFF-AR-10003986,Avery Hi-Liter Pen Style Six-Color Fluorescent Set,Office Supplies,Art,3420,
OFF-AR-10003989,"Sanford Pencil Sharpener, Fluorescent",Office Supplies,Art,3421,
OFF-AR-10004009,"Boston Highlighters, Easy-Erase",Office Supplies,Art,3422,
OFF-AR-10004010,"Sanford Pencil Sharpener, Water Color",Office Supplies,Art,3423,
OFF-AR-10004010,Hunt Boston Vacuum Mount KS Pencil Sharpener,Office Supplies,Art,3424,
OFF-AR-10004012,"Sanford Highlighters, Blue",Office Supplies,Art,3425,
OFF-AR-10004022,Panasonic KP-380BK Classic Electric Pencil Sharpener,Office Supplies,Art,3426,
OFF-AR-10004027,"Binney & Smith inkTank Erasable Desk Highlighter, Chisel Tip, Yellow, 12/Box",Office Supplies,Art,3427,
OFF-AR-10004042,"BOSTON Model 1800 Electric Pencil Sharpeners, Putty/Woodgrain",Office Supplies,Art,3428,
OFF-AR-10004049,"Stanley Sketch Pad, Fluorescent",Office Supplies,Art,3429,
OFF-AR-10004062,Staples,Office Supplies,Art,3430,
OFF-AR-10004068,"Boston Markers, Fluorescent",Office Supplies,Art,3431,
OFF-AR-10004077,"Binney & Smith Pencil Sharpener, Water Color",Office Supplies,Art,3432,
OFF-AR-10004078,Newell 312,Office Supplies,Art,3433,
OFF-AR-10004109,"Boston Sketch Pad, Fluorescent",Office Supplies,Art,3434,
OFF-AR-10004115,"Sanford Markers, Blue",Office Supplies,Art,3435,
OFF-AR-10004116,"Sanford Sketch Pad, Water Color",Office Supplies,Art,3436,
OFF-AR-10004132,"Boston Pens, Blue",Office Supplies,Art,3437,
OFF-AR-10004138,"Stanley Pens, Easy-Erase",Office Supplies,Art,3438,
OFF-AR-10004139,"Stanley Sketch Pad, Easy-Erase",Office Supplies,Art,3439,
OFF-AR-10004148,"Sanford Pens, Easy-Erase",Office Supplies,Art,3440,
OFF-AR-10004151,"BIC Sketch Pad, Blue",Office Supplies,Art,3441,
OFF-AR-10004153,"Binney & Smith Highlighters, Easy-Erase",Office Supplies,Art,3442,
OFF-AR-10004165,"Binney & Smith inkTank Erasable Pocket Highlighter, Chisel Tip, Yellow",Office Supplies,Art,3443,
OFF-AR-10004173,"Stanley Pens, Easy-Erase",Office Supplies,Art,3444,
OFF-AR-10004215,"Binney & Smith Canvas, Fluorescent",Office Supplies,Art,3445,
OFF-AR-10004218,"Sanford Pencil Sharpener, Water Color",Office Supplies,Art,3446,
OFF-AR-10004218,"BIC Pens, Fluorescent",Office Supplies,Art,3447,
OFF-AR-10004219,"Sanford Pencil Sharpener, Easy-Erase",Office Supplies,Art,3448,
OFF-AR-10004260,Boston 1799 Powerhouse Electric Pencil Sharpener,Office Supplies,Art,3449,
OFF-AR-10004269,Newell 31,Office Supplies,Art,3450,
OFF-AR-10004272,Newell 308,Office Supplies,Art,3451,
OFF-AR-10004303,"Stanley Markers, Blue",Office Supplies,Art,3452,
OFF-AR-10004344,Bulldog Vacuum Base Pencil Sharpener,Office Supplies,Art,3453,
OFF-AR-10004348,"Boston Sketch Pad, Easy-Erase",Office Supplies,Art,3454,
OFF-AR-10004360,"Boston Pens, Fluorescent",Office Supplies,Art,3455,
OFF-AR-10004362,"Sanford Canvas, Water Color",Office Supplies,Art,3456,
OFF-AR-10004373,"Boston Markers, Water Color",Office Supplies,Art,3457,
OFF-AR-10004422,"Boston Sketch Pad, Blue",Office Supplies,Art,3458,
OFF-AR-10004424,"Boston Markers, Blue",Office Supplies,Art,3459,
OFF-AR-10004441,BIC Brite Liner Highlighters,Office Supplies,Art,3460,
OFF-AR-10004454,"BIC Pens, Easy-Erase",Office Supplies,Art,3461,
OFF-AR-10004456,Panasonic KP-4ABK Battery-Operated Pencil Sharpener,Office Supplies,Art,3462,
OFF-AR-10004456,"Binney & Smith Markers, Blue",Office Supplies,Art,3463,
OFF-AR-10004485,"Sanford Pens, Water Color",Office Supplies,Art,3464,
OFF-AR-10004486,"Sanford Canvas, Blue",Office Supplies,Art,3465,
OFF-AR-10004492,"BIC Canvas, Blue",Office Supplies,Art,3466,
OFF-AR-10004511,"Sanford Colorific Scented Colored Pencils, 12/Pack",Office Supplies,Art,3467,
OFF-AR-10004519,"Boston Canvas, Fluorescent",Office Supplies,Art,3468,
OFF-AR-10004552,"Boston Markers, Blue",Office Supplies,Art,3469,
OFF-AR-10004559,"Stanley Pencil Sharpener, Easy-Erase",Office Supplies,Art,3470,
OFF-AR-10004582,BIC Brite Liner Grip Highlighters,Office Supplies,Art,3471,
OFF-AR-10004587,"Boston 1827 Commercial Additional Cutter, Drive Gear & Gear Rack for 1606",Office Supplies,Art,3472,
OFF-AR-10004594,"Sanford Canvas, Water Color",Office Supplies,Art,3473,
OFF-AR-10004602,Boston KS Multi-Size Manual Pencil Sharpener,Office Supplies,Art,3474,
OFF-AR-10004614,"Boston Pencil Sharpener, Water Color",Office Supplies,Art,3475,
OFF-AR-10004648,Boston 19500 Mighty Mite Electric Pencil Sharpener,Office Supplies,Art,3476,
OFF-AR-10004651,"Boston Pens, Fluorescent",Office Supplies,Art,3477,
OFF-AR-10004652,"Sanford Highlighters, Water Color",Office Supplies,Art,3478,
OFF-AR-10004656,"Boston Sketch Pad, Easy-Erase",Office Supplies,Art,3479,
OFF-AR-10004685,"Binney & Smith Crayola Metallic Colored Pencils, 8-Color Set",Office Supplies,Art,3480,
OFF-AR-10004691,Boston 1730 StandUp Electric Pencil Sharpener,Office Supplies,Art,3481,
OFF-AR-10004707,Staples,Office Supplies,Art,3482,
OFF-AR-10004739,"BIC Canvas, Easy-Erase",Office Supplies,Art,3483,
OFF-AR-10004744,"Binney & Smith Sketch Pad, Easy-Erase",Office Supplies,Art,3484,
OFF-AR-10004746,"Binney & Smith Highlighters, Easy-Erase",Office Supplies,Art,3485,
OFF-AR-10004748,"Boston Pencil Sharpener, Easy-Erase",Office Supplies,Art,3486,
OFF-AR-10004749,"BIC Canvas, Blue",Office Supplies,Art,3487,
OFF-AR-10004752,Blackstonian Pencils,Office Supplies,Art,3488,
OFF-AR-10004757,Crayola Colored Pencils,Office Supplies,Art,3489,
OFF-AR-10004772,"Boston Highlighters, Fluorescent",Office Supplies,Art,3490,
OFF-AR-10004780,"Stanley Markers, Blue",Office Supplies,Art,3491,
OFF-AR-10004790,Staples,Office Supplies,Art,3492,
OFF-AR-10004817,Colorific Watercolor Pencils,Office Supplies,Art,3493,
OFF-AR-10004818,"Boston Markers, Easy-Erase",Office Supplies,Art,3494,
OFF-AR-10004825,"BIC Canvas, Fluorescent",Office Supplies,Art,3495,
OFF-AR-10004881,"Stanley Sketch Pad, Blue",Office Supplies,Art,3496,
OFF-AR-10004884,"Sanford Pens, Fluorescent",Office Supplies,Art,3497,
OFF-AR-10004900,"Boston Canvas, Easy-Erase",Office Supplies,Art,3498,
OFF-AR-10004918,"Binney & Smith Pens, Fluorescent",Office Supplies,Art,3499,
OFF-AR-10004920,"Boston Canvas, Water Color",Office Supplies,Art,3500,
OFF-AR-10004930,Turquoise Lead Holder with Pocket Clip,Office Supplies,Art,3501,
OFF-AR-10004956,Newell 33,Office Supplies,Art,3502,
OFF-AR-10004961,"Sanford Sketch Pad, Easy-Erase",Office Supplies,Art,3503,
OFF-AR-10004974,Newell 342,Office Supplies,Art,3504,
OFF-AR-10004986,"Boston Pens, Easy-Erase",Office Supplies,Art,3505,
OFF-AR-10004990,"Boston Highlighters, Blue",Office Supplies,Art,3506,
OFF-AR-10004999,Newell 315,Office Supplies,Art,3507,
OFF-BIC-10000041,"BIC Markers, Blue",Office Supplies,Art,4216,
OFF-BIC-10000582,"BIC Sketch Pad, Water Color",Office Supplies,Art,4217,
OFF-BIC-10000718,"BIC Pencil Sharpener, Fluorescent",Office Supplies,Art,4218,
OFF-BIC-10001211,"BIC Highlighters, Water Color",Office Supplies,Art,4219,
OFF-BIC-10001458,"BIC Highlighters, Fluorescent",Office Supplies,Art,4220,
OFF-BIC-10001510,"BIC Pencil Sharpener, Easy-Erase",Office Supplies,Art,4221,
OFF-BIC-10001632,"BIC Pens, Easy-Erase",Office Supplies,Art,4222,
OFF-BIC-10001682,"BIC Pens, Fluorescent",Office Supplies,Art,4223,
OFF-BIC-10001739,"BIC Sketch Pad, Fluorescent",Office Supplies,Art,4224,
OFF-BIC-10001823,"BIC Canvas, Fluorescent",Office Supplies,Art,4225,
OFF-BIC-10002270,"BIC Pencil Sharpener, Water Color",Office Supplies,Art,4226,
OFF-BIC-10002403,"BIC Sketch Pad, Easy-Erase",Office Supplies,Art,4227,
OFF-BIC-10002440,"BIC Sketch Pad, Blue",Office Supplies,Art,4228,
OFF-BIC-10002722,"BIC Pens, Water Color",Office Supplies,Art,4229,
OFF-BIC-10002942,"BIC Highlighters, Easy-Erase",Office Supplies,Art,4230,
OFF-BIC-10003473,"BIC Markers, Fluorescent",Office Supplies,Art,4231,
OFF-BIC-10003575,"BIC Markers, Easy-Erase",Office Supplies,Art,4232,
OFF-BIC-10003654,"BIC Pens, Blue",Office Supplies,Art,4233,
OFF-BIC-10003680,"BIC Highlighters, Blue",Office Supplies,Art,4234,
OFF-BIC-10003800,"BIC Pencil Sharpener, Blue",Office Supplies,Art,4235,
OFF-BIC-10003841,"BIC Canvas, Water Color",Office Supplies,Art,4236,
OFF-BIC-10004557,"BIC Canvas, Blue",Office Supplies,Art,4237,
OFF-BIC-10004826,"BIC Canvas, Easy-Erase",Office Supplies,Art,4238,
OFF-BIC-10004976,"BIC Markers, Water Color",Office Supplies,Art,4239,
OFF-BIN-10000170,"Binney & Smith Pencil Sharpener, Fluorescent",Office Supplies,Art,4240,
OFF-BIN-10000308,"Binney & Smith Canvas, Water Color",Office Supplies,Art,4241,
OFF-BIN-10000327,"Binney & Smith Markers, Water Color",Office Supplies,Art,4242,
OFF-BIN-10000561,"Binney & Smith Highlighters, Fluorescent",Office Supplies,Art,4243,
OFF-BIN-10000711,"Binney & Smith Markers, Fluorescent",Office Supplies,Art,4244,
OFF-BIN-10000712,"Binney & Smith Canvas, Blue",Office Supplies,Art,4245,
OFF-BIN-10000772,"Binney & Smith Pencil Sharpener, Water Color",Office Supplies,Art,4246,
OFF-BIN-10000837,"Binney & Smith Markers, Easy-Erase",Office Supplies,Art,4247,
OFF-BIN-10000901,"Binney & Smith Pens, Water Color",Office Supplies,Art,4248,
OFF-BIN-10001257,"Binney & Smith Sketch Pad, Easy-Erase",Office Supplies,Art,4249,
OFF-BIN-10001274,"Binney & Smith Pens, Blue",Office Supplies,Art,4250,
OFF-BIN-10001385,"Binney & Smith Pens, Fluorescent",Office Supplies,Art,4251,
OFF-BIN-10001621,"Binney & Smith Canvas, Fluorescent",Office Supplies,Art,4252,
OFF-BIN-10001715,"Binney & Smith Canvas, Easy-Erase",Office Supplies,Art,4253,
OFF-BIN-10002061,"Binney & Smith Sketch Pad, Blue",Office Supplies,Art,4254,
OFF-BIN-10002236,"Binney & Smith Pencil Sharpener, Water Color",Office Supplies,Art,4255,
OFF-BIN-10002407,"Binney & Smith Highlighters, Water Color",Office Supplies,Art,4256,
OFF-BIN-10003023,"Binney & Smith Sketch Pad, Fluorescent",Office Supplies,Art,4257,
OFF-BIN-10003089,"Binney & Smith Highlighters, Easy-Erase",Office Supplies,Art,4258,
OFF-BIN-10003327,"Binney & Smith Markers, Blue",Office Supplies,Art,4259,
OFF-BIN-10004512,"Binney & Smith Pens, Easy-Erase",Office Supplies,Art,4260,
OFF-BIN-10004563,"Binney & Smith Pencil Sharpener, Easy-Erase",Office Supplies,Art,4261,
OFF-BIN-10004569,"Binney & Smith Highlighters, Blue",Office Supplies,Art,4262,
OFF-BIN-10004729,"Binney & Smith Sketch Pad, Water Color",Office Supplies,Art,4263,
OFF-BOS-10000350,"Boston Pens, Blue",Office Supplies,Art,4264,
OFF-BOS-10000363,"Boston Pencil Sharpener, Water Color",Office Supplies,Art,4265,
OFF-BOS-10000477,"Boston Canvas, Blue",Office Supplies,Art,4266,
OFF-BOS-10000557,"Boston Pens, Easy-Erase",Office Supplies,Art,4267,
OFF-BOS-10000577,"Boston Highlighters, Blue",Office Supplies,Art,4268,
OFF-BOS-10001348,"Boston Pencil Sharpener, Water Color",Office Supplies,Art,4269,
OFF-BOS-10001375,"Boston Canvas, Easy-Erase",Office Supplies,Art,4270,
OFF-BOS-10001386,"Boston Sketch Pad, Water Color",Office Supplies,Art,4271,
OFF-BOS-10001511,"Boston Canvas, Fluorescent",Office Supplies,Art,4272,
OFF-BOS-10001576,"Boston Pencil Sharpener, Fluorescent",Office Supplies,Art,4273,
OFF-BOS-10001711,"Boston Sketch Pad, Easy-Erase",Office Supplies,Art,4274,
OFF-BOS-10001753,"Boston Highlighters, Water Color",Office Supplies,Art,4275,
OFF-BOS-10001772,"Boston Markers, Easy-Erase",Office Supplies,Art,4276,
OFF-BOS-10002041,"Boston Highlighters, Water Color",Office Supplies,Art,4277,
OFF-BOS-10002073,"Boston Canvas, Water Color",Office Supplies,Art,4278,
OFF-BOS-10002340,"Boston Markers, Blue",Office Supplies,Art,4279,
OFF-BOS-10002472,"Boston Sketch Pad, Blue",Office Supplies,Art,4280,
OFF-BOS-10002558,"Boston Pencil Sharpener, Easy-Erase",Office Supplies,Art,4281,
OFF-BOS-10002705,"Boston Highlighters, Fluorescent",Office Supplies,Art,4282,
OFF-BOS-10003113,"Boston Pens, Water Color",Office Supplies,Art,4283,
OFF-BOS-10003160,"Boston Markers, Water Color",Office Supplies,Art,4284,
OFF-BOS-10003478,"Boston Markers, Fluorescent",Office Supplies,Art,4285,
OFF-BOS-10003699,"Boston Sketch Pad, Fluorescent",Office Supplies,Art,4286,
OFF-BOS-10004262,"Boston Highlighters, Easy-Erase",Office Supplies,Art,4287,
OFF-BOS-10004950,"Boston Pens, Fluorescent",Office Supplies,Art,4288,
OFF-SAN-10000874,"Sanford Pencil Sharpener, Fluorescent",Office Supplies,Art,7006,
OFF-SAN-10001128,"Sanford Pens, Easy-Erase",Office Supplies,Art,7011,
OFF-SAN-10001295,"Sanford Pencil Sharpener, Water Color",Office Supplies,Art,7013,
OFF-SAN-10001345,"Sanford Canvas, Water Color",Office Supplies,Art,7015,
OFF-SAN-10001634,"Sanford Canvas, Easy-Erase",Office Supplies,Art,7018,
OFF-SAN-10001862,"Sanford Highlighters, Easy-Erase",Office Supplies,Art,7020,
OFF-SAN-10002015,"Sanford Pens, Water Color",Office Supplies,Art,7021,
OFF-SAN-10002323,"Sanford Sketch Pad, Fluorescent",Office Supplies,Art,7023,
OFF-SAN-10002441,"Sanford Highlighters, Blue",Office Supplies,Art,7024,
OFF-SAN-10002484,"Sanford Canvas, Blue",Office Supplies,Art,7025,
OFF-SAN-10002639,"Sanford Markers, Easy-Erase",Office Supplies,Art,7026,
OFF-SAN-10002839,"Sanford Canvas, Fluorescent",Office Supplies,Art,7027,
OFF-SAN-10003041,"Sanford Markers, Water Color",Office Supplies,Art,7029,
OFF-SAN-10003285,"Sanford Pens, Fluorescent",Office Supplies,Art,7032,
OFF-SAN-10003368,"Sanford Pens, Blue",Office Supplies,Art,7034,
OFF-SAN-10003644,"Sanford Markers, Blue",Office Supplies,Art,7036,
OFF-SAN-10003687,"Sanford Sketch Pad, Easy-Erase",Office Supplies,Art,7038,
OFF-SAN-10004232,"Sanford Markers, Fluorescent",Office Supplies,Art,7039,
OFF-SAN-10004288,"Sanford Sketch Pad, Blue",Office Supplies,Art,7040,
OFF-SAN-10004339,"Sanford Highlighters, Water Color",Office Supplies,Art,7041,
OFF-SAN-10004420,"Sanford Sketch Pad, Water Color",Office Supplies,Art,7042,
OFF-SAN-10004746,"Sanford Highlighters, Fluorescent",Office Supplies,Art,7048,
OFF-SAN-10004824,"Sanford Pencil Sharpener, Water Color",Office Supplies,Art,7049,
OFF-SAN-10004881,"Sanford Pencil Sharpener, Easy-Erase",Office Supplies,Art,7050,
OFF-STA-10000054,"Stanley Pens, Fluorescent",Office Supplies,Art,7662,
OFF-STA-10000155,"Stanley Pencil Sharpener, Water Color",Office Supplies,Art,7663,
OFF-STA-10000244,"Stanley Sketch Pad, Fluorescent",Office Supplies,Art,7664,
OFF-STA-10000247,"Stanley Canvas, Fluorescent",Office Supplies,Art,7665,
OFF-STA-10000298,"Stanley Canvas, Blue",Office Supplies,Art,7666,
OFF-STA-10001112,"Stanley Markers, Easy-Erase",Office Supplies,Art,7667,
OFF-STA-10001636,"Stanley Markers, Water Color",Office Supplies,Art,7668,
OFF-STA-10001747,"Stanley Pencil Sharpener, Water Color",Office Supplies,Art,7669,
OFF-STA-10001791,"Stanley Highlighters, Water Color",Office Supplies,Art,7670,
OFF-STA-10001895,"Stanley Pens, Easy-Erase",Office Supplies,Art,7671,
OFF-STA-10001968,"Stanley Canvas, Water Color",Office Supplies,Art,7672,
OFF-STA-10002654,"Stanley Pencil Sharpener, Fluorescent",Office Supplies,Art,7673,
OFF-STA-10002719,"Stanley Pencil Sharpener, Easy-Erase",Office Supplies,Art,7674,
OFF-STA-10002791,"Stanley Sketch Pad, Water Color",Office Supplies,Art,7675,
OFF-STA-10003027,"Stanley Highlighters, Easy-Erase",Office Supplies,Art,7676,
OFF-STA-10003756,"Stanley Sketch Pad, Blue",Office Supplies,Art,7677,
OFF-STA-10003803,"Stanley Highlighters, Fluorescent",Office Supplies,Art,7678,
OFF-STA-10003908,"Stanley Highlighters, Blue",Office Supplies,Art,7679,
OFF-STA-10003956,"Stanley Pens, Blue",Office Supplies,Art,7680,
OFF-STA-10004108,"Stanley Canvas, Easy-Erase",Office Supplies,Art,7681,
OFF-STA-10004163,"Stanley Markers, Fluorescent",Office Supplies,Art,7682,
OFF-STA-10004327,"Stanley Markers, Blue",Office Supplies,Art,7683,
OFF-STA-10004484,"Stanley Pens, Water Color",Office Supplies,Art,7684,
OFF-STA-10004885,"Stanley Sketch Pad, Easy-Erase",Office Supplies,Art,7685,
OFF-ELD-10000024,"Eldon Folders, Blue",Office Supplies,Storage,4405,
OFF-ELD-10000124,"Eldon Trays, Single Width",Office Supplies,Storage,4406,
OFF-ELD-10000151,"Eldon File Cart, Industrial",Office Supplies,Storage,4407,
OFF-ELD-10000819,"Eldon Trays, Industrial",Office Supplies,Storage,4408,
OFF-ELD-10000845,"Eldon Lockers, Wire Frame",Office Supplies,Storage,4409,
OFF-ELD-10000967,"Eldon Folders, Industrial",Office Supplies,Storage,4410,
OFF-ELD-10001037,"Eldon Trays, Wire Frame",Office Supplies,Storage,4411,
OFF-ELD-10001293,"Eldon Box, Wire Frame",Office Supplies,Storage,4412,
OFF-ELD-10001318,"Eldon Lockers, Industrial",Office Supplies,Storage,4413,
OFF-ELD-10001477,"Eldon Lockers, Single Width",Office Supplies,Storage,4414,
OFF-ELD-10001694,"Eldon File Cart, Single Width",Office Supplies,Storage,4415,
OFF-ELD-10001832,"Eldon Shelving, Single Width",Office Supplies,Storage,4416,
OFF-ELD-10001882,"Eldon Box, Blue",Office Supplies,Storage,4417,
OFF-ELD-10002199,"Eldon File Cart, Single Width",Office Supplies,Storage,4418,
OFF-ELD-10002207,"Eldon Folders, Single Width",Office Supplies,Storage,4419,
OFF-ELD-10002240,"Eldon Shelving, Wire Frame",Office Supplies,Storage,4420,
OFF-ELD-10002279,"Eldon Shelving, Industrial",Office Supplies,Storage,4421,
OFF-ELD-10002297,"Eldon Lockers, Blue",Office Supplies,Storage,4422,
OFF-ELD-10002578,"Eldon Box, Single Width",Office Supplies,Storage,4423,
OFF-ELD-10003038,"Eldon Shelving, Blue",Office Supplies,Storage,4424,
OFF-ELD-10003181,"Eldon Box, Industrial",Office Supplies,Storage,4425,
OFF-ELD-10003918,"Eldon Folders, Wire Frame",Office Supplies,Storage,4426,
OFF-ELD-10004324,"Eldon File Cart, Blue",Office Supplies,Storage,4427,
OFF-ELD-10004625,"Eldon Trays, Blue",Office Supplies,Storage,4428,
OFF-FEL-10000070,"Fellowes Box, Industrial",Office Supplies,Storage,5436,
OFF-FEL-10000998,"Fellowes Box, Single Width",Office Supplies,Storage,5437,
OFF-FEL-10001261,"Fellowes File Cart, Blue",Office Supplies,Storage,5438,
OFF-FEL-10001343,"Fellowes Box, Wire Frame",Office Supplies,Storage,5439,
OFF-FEL-10001405,"Fellowes File Cart, Industrial",Office Supplies,Storage,5440,
OFF-FEL-10001541,"Fellowes Lockers, Wire Frame",Office Supplies,Storage,5441,
OFF-FEL-10001630,"Fellowes Lockers, Industrial",Office Supplies,Storage,5442,
OFF-FEL-10001776,"Fellowes File Cart, Single Width",Office Supplies,Storage,5443,
OFF-FEL-10001792,"Fellowes Folders, Wire Frame",Office Supplies,Storage,5444,
OFF-FEL-10001796,"Fellowes Trays, Single Width",Office Supplies,Storage,5445,
OFF-FEL-10001865,"Fellowes File Cart, Wire Frame",Office Supplies,Storage,5446,
OFF-FEL-10002158,"Fellowes Folders, Blue",Office Supplies,Storage,5447,
OFF-FEL-10002399,"Fellowes Box, Blue",Office Supplies,Storage,5448,
OFF-FEL-10002658,"Fellowes Shelving, Wire Frame",Office Supplies,Storage,5449,
OFF-FEL-10002837,"Fellowes Folders, Single Width",Office Supplies,Storage,5450,
OFF-FEL-10002867,"Fellowes Lockers, Single Width",Office Supplies,Storage,5451,
OFF-FEL-10002897,"Fellowes Shelving, Single Width",Office Supplies,Storage,5452,
OFF-FEL-10003785,"Fellowes Shelving, Industrial",Office Supplies,Storage,5453,
OFF-FEL-10003848,"Fellowes Trays, Industrial",Office Supplies,Storage,5454,
OFF-FEL-10004016,"Fellowes Shelving, Blue",Office Supplies,Storage,5455,
OFF-FEL-10004117,"Fellowes Trays, Blue",Office Supplies,Storage,5456,
OFF-FEL-10004224,"Fellowes Trays, Wire Frame",Office Supplies,Storage,5457,
OFF-FEL-10004665,"Fellowes Lockers, Blue",Office Supplies,Storage,5458,
OFF-FEL-10004974,"Fellowes Folders, Industrial",Office Supplies,Storage,5459,
OFF-ROG-10000191,"Rogers Lockers, Wire Frame",Office Supplies,Storage,6979,
OFF-ROG-10000332,"Rogers Box, Single Width",Office Supplies,Storage,6980,
OFF-ROG-10000566,"Rogers Trays, Single Width",Office Supplies,Storage,6981,
OFF-ROG-10001101,"Rogers Shelving, Wire Frame",Office Supplies,Storage,6982,
OFF-ROG-10001340,"Rogers File Cart, Industrial",Office Supplies,Storage,6983,
OFF-ROG-10001372,"Rogers Trays, Blue",Office Supplies,Storage,6984,
OFF-ROG-10001399,"Rogers Shelving, Single Width",Office Supplies,Storage,6985,
OFF-ROG-10001418,"Rogers Trays, Wire Frame",Office Supplies,Storage,6986,
OFF-ROG-10001549,"Rogers Shelving, Blue",Office Supplies,Storage,6987,
OFF-ROG-10001735,"Rogers Lockers, Blue",Office Supplies,Storage,6988,
OFF-ROG-10001818,"Rogers Folders, Single Width",Office Supplies,Storage,6989,
OFF-ROG-10002132,"Rogers Lockers, Industrial",Office Supplies,Storage,6990,
OFF-ROG-10002279,"Rogers Box, Blue",Office Supplies,Storage,6991,
OFF-ROG-10002294,"Rogers File Cart, Single Width",Office Supplies,Storage,6992,
OFF-ROG-10002682,"Rogers Box, Industrial",Office Supplies,Storage,6993,
OFF-ROG-10002818,"Rogers Trays, Industrial",Office Supplies,Storage,6994,
OFF-ROG-10002866,"Rogers Folders, Blue",Office Supplies,Storage,6995,
OFF-ROG-10003300,"Rogers Box, Wire Frame",Office Supplies,Storage,6996,
OFF-ROG-10003733,"Rogers Folders, Wire Frame",Office Supplies,Storage,6997,
OFF-ROG-10003898,"Rogers Lockers, Single Width",Office Supplies,Storage,6998,
OFF-ROG-10003993,"Rogers File Cart, Single Width",Office Supplies,Storage,6999,
OFF-ROG-10004393,"Rogers Folders, Industrial",Office Supplies,Storage,7000,
OFF-ROG-10004646,"Rogers File Cart, Blue",Office Supplies,Storage,7001,
OFF-ROG-10004949,"Rogers Shelving, Industrial",Office Supplies,Storage,7002,
OFF-SME-10000335,"Smead Box, Wire Frame",Office Supplies,Storage,7053,
OFF-SME-10000520,"Smead Shelving, Wire Frame",Office Supplies,Storage,7054,
OFF-SME-10000538,"Smead File Cart, Single Width",Office Supplies,Storage,7055,
OFF-SME-10000746,"Smead Lockers, Industrial",Office Supplies,Storage,7057,
OFF-SME-10000880,"Smead Box, Blue",Office Supplies,Storage,7058,
OFF-SME-10000973,"Smead Folders, Industrial",Office Supplies,Storage,7060,
OFF-SME-10001149,"Smead Folders, Single Width",Office Supplies,Storage,7061,
OFF-SME-10001652,"Smead Trays, Wire Frame",Office Supplies,Storage,7063,
OFF-SME-10001718,"Smead Box, Industrial",Office Supplies,Storage,7065,
OFF-SME-10001745,"Smead Shelving, Blue",Office Supplies,Storage,7066,
OFF-SME-10001761,"Smead Shelving, Industrial",Office Supplies,Storage,7068,
OFF-SME-10001853,"Smead Folders, Blue",Office Supplies,Storage,7071,
OFF-SME-10002417,"Smead Trays, Single Width",Office Supplies,Storage,7073,
OFF-SME-10002740,"Smead Lockers, Single Width",Office Supplies,Storage,7075,
OFF-SME-10002823,"Smead Trays, Blue",Office Supplies,Storage,7076,
OFF-SME-10003033,"Smead Trays, Industrial",Office Supplies,Storage,7078,
OFF-SME-10003134,"Smead Box, Single Width",Office Supplies,Storage,7080,
OFF-SME-10003530,"Smead Lockers, Wire Frame",Office Supplies,Storage,7082,
OFF-SME-10003752,"Smead File Cart, Single Width",Office Supplies,Storage,7084,
OFF-SME-10004160,"Smead Folders, Wire Frame",Office Supplies,Storage,7087,
OFF-SME-10004247,"Smead Shelving, Single Width",Office Supplies,Storage,7088,
OFF-SME-10004370,"Smead File Cart, Blue",Office Supplies,Storage,7091,
OFF-SME-10004553,"Smead Lockers, Blue",Office Supplies,Storage,7094,
OFF-SME-10004702,"Smead File Cart, Industrial",Office Supplies,Storage,7095,
OFF-ST-10000003,"Tenex Shelving, Industrial",Office Supplies,Storage,7099,
OFF-ST-10000007,"Fellowes File Cart, Single Width",Office Supplies,Storage,7100,
OFF-ST-10000016,"Eldon Folders, Blue",Office Supplies,Storage,7101,
OFF-ST-10000020,"Fellowes Folders, Single Width",Office Supplies,Storage,7102,
OFF-ST-10000022,"Eldon Folders, Industrial",Office Supplies,Storage,7103,
OFF-ST-10000025,Fellowes Stor/Drawer Steel Plus Storage Drawers,Office Supplies,Storage,7104,
OFF-ST-10000028,"Rogers Shelving, Blue",Office Supplies,Storage,7105,
OFF-ST-10000035,"Tenex Folders, Industrial",Office Supplies,Storage,7106,
OFF-ST-10000036,"Recycled Data-Pak for Archival Bound Computer Printouts, 12-1/2 x 12-1/2 x 16",Office Supplies,Storage,7107,
OFF-ST-10000046,Fellowes Super Stor/Drawer Files,Office Supplies,Storage,7108,
OFF-ST-10000060,Fellowes Bankers Box Staxonsteel Drawer File/Stacking System,Office Supplies,Storage,7109,
OFF-ST-10000078,"Eldon Trays, Single Width",Office Supplies,Storage,7110,
OFF-ST-10000078,Tennsco 6- and 18-Compartment Lockers,Office Supplies,Storage,7111,
OFF-ST-10000085,"Rogers File Cart, Single Width",Office Supplies,Storage,7112,
OFF-ST-10000095,"Fellowes File Cart, Industrial",Office Supplies,Storage,7113,
OFF-ST-10000103,"Smead Lockers, Industrial",Office Supplies,Storage,7114,
OFF-ST-10000107,"Eldon File Cart, Industrial",Office Supplies,Storage,7115,
OFF-ST-10000107,Fellowes Super Stor/Drawer,Office Supplies,Storage,7116,
OFF-ST-10000123,"Fellowes Folders, Wire Frame",Office Supplies,Storage,7117,
OFF-ST-10000127,"Fellowes Shelving, Wire Frame",Office Supplies,Storage,7118,
OFF-ST-10000129,Fellowes Recycled Storage Drawers,Office Supplies,Storage,7119,
OFF-ST-10000130,"Eldon Trays, Wire Frame",Office Supplies,Storage,7120,
OFF-ST-10000136,Letter Size File,Office Supplies,Storage,7121,
OFF-ST-10000142,Deluxe Rollaway Locking File with Drawer,Office Supplies,Storage,7122,
OFF-ST-10000154,"Smead Box, Single Width",Office Supplies,Storage,7123,
OFF-ST-10000210,"Tenex Lockers, Wire Frame",Office Supplies,Storage,7124,
OFF-ST-10000220,"Rogers Shelving, Industrial",Office Supplies,Storage,7125,
OFF-ST-10000242,"Fellowes Folders, Wire Frame",Office Supplies,Storage,7126,
OFF-ST-10000268,"Smead Box, Blue",Office Supplies,Storage,7127,
OFF-ST-10000287,"Rogers Box, Blue",Office Supplies,Storage,7128,
OFF-ST-10000288,"Fellowes Lockers, Industrial",Office Supplies,Storage,7129,
OFF-ST-10000290,"Rogers Folders, Single Width",Office Supplies,Storage,7130,
OFF-ST-10000299,"Tenex Trays, Single Width",Office Supplies,Storage,7131,
OFF-ST-10000300,"Eldon Folders, Wire Frame",Office Supplies,Storage,7132,
OFF-ST-10000306,"Rogers Trays, Single Width",Office Supplies,Storage,7133,
OFF-ST-10000321,Akro Stacking Bins,Office Supplies,Storage,7134,
OFF-ST-10000327,"Smead Folders, Wire Frame",Office Supplies,Storage,7135,
OFF-ST-10000344,"Fellowes Box, Industrial",Office Supplies,Storage,7136,
OFF-ST-10000344,"Neat Ideas Personal Hanging Folder Files, Black",Office Supplies,Storage,7137,
OFF-ST-10000351,"Smead Shelving, Wire Frame",Office Supplies,Storage,7138,
OFF-ST-10000352,Acco Perma 2700 Stacking Storage Drawers,Office Supplies,Storage,7139,
OFF-ST-10000355,"Eldon Box, Wire Frame",Office Supplies,Storage,7140,
OFF-ST-10000362,"Eldon File Cart, Blue",Office Supplies,Storage,7141,
OFF-ST-10000378,"Tenex Box, Wire Frame",Office Supplies,Storage,7142,
OFF-ST-10000419,"Rogers Jumbo File, Granite",Office Supplies,Storage,7143,
OFF-ST-10000423,"Rogers Trays, Blue",Office Supplies,Storage,7144,
OFF-ST-10000430,"Tenex File Cart, Blue",Office Supplies,Storage,7145,
OFF-ST-10000439,"Rogers Lockers, Single Width",Office Supplies,Storage,7146,
OFF-ST-10000442,"Rogers Box, Wire Frame",Office Supplies,Storage,7147,
OFF-ST-10000464,"Multi-Use Personal File Cart and Caster Set, Three Stacking Bins",Office Supplies,Storage,7148,
OFF-ST-10000485,"Fellowes Folders, Single Width",Office Supplies,Storage,7149,
OFF-ST-10000486,"Rogers Trays, Industrial",Office Supplies,Storage,7150,
OFF-ST-10000496,"Tenex Folders, Wire Frame",Office Supplies,Storage,7151,
OFF-ST-10000505,"Fellowes File Cart, Blue",Office Supplies,Storage,7152,
OFF-ST-10000520,"Eldon Folders, Blue",Office Supplies,Storage,7153,
OFF-ST-10000532,Advantus Rolling Drawer Organizers,Office Supplies,Storage,7154,
OFF-ST-10000542,"Fellowes Folders, Industrial",Office Supplies,Storage,7155,
OFF-ST-10000546,"Tenex Lockers, Wire Frame",Office Supplies,Storage,7156,
OFF-ST-10000557,"Tenex Box, Blue",Office Supplies,Storage,7157,
OFF-ST-10000560,"Fellowes Trays, Industrial",Office Supplies,Storage,7158,
OFF-ST-10000563,Fellowes Bankers Box Stor/Drawer Steel Plus,Office Supplies,Storage,7159,
OFF-ST-10000580,"Fellowes Trays, Industrial",Office Supplies,Storage,7160,
OFF-ST-10000585,Economy Rollaway Files,Office Supplies,Storage,7161,
OFF-ST-10000604,Home/Office Personal File Carts,Office Supplies,Storage,7162,
OFF-ST-10000615,"SimpliFile Personal File, Black Granite, 15w x 6-15/16d x 11-1/4h",Office Supplies,Storage,7163,
OFF-ST-10000617,Woodgrain Magazine Files by Perma,Office Supplies,Storage,7164,
OFF-ST-10000619,"Eldon Lockers, Wire Frame",Office Supplies,Storage,7165,
OFF-ST-10000622,"Rogers File Cart, Single Width",Office Supplies,Storage,7166,
OFF-ST-10000624,"Eldon File Cart, Single Width",Office Supplies,Storage,7167,
OFF-ST-10000632,"Rogers Shelving, Single Width",Office Supplies,Storage,7168,
OFF-ST-10000636,Rogers Profile Extra Capacity Storage Tub,Office Supplies,Storage,7169,
OFF-ST-10000642,"Tennsco Lockers, Gray",Office Supplies,Storage,7170,
OFF-ST-10000643,"Eldon Trays, Industrial",Office Supplies,Storage,7171,
OFF-ST-10000645,"Tenex File Cart, Industrial",Office Supplies,Storage,7172,
OFF-ST-10000648,"Eldon File Cart, Industrial",Office Supplies,Storage,7173,
OFF-ST-10000649,Hanging Personal Folder File,Office Supplies,Storage,7174,
OFF-ST-10000650,"Rogers Box, Industrial",Office Supplies,Storage,7175,
OFF-ST-10000661,"Tenex Box, Industrial",Office Supplies,Storage,7176,
OFF-ST-10000675,"File Shuttle II and Handi-File, Black",Office Supplies,Storage,7177,
OFF-ST-10000676,Fellowes Econo/Stor Drawers,Office Supplies,Storage,7178,
OFF-ST-10000689,"Fellowes Strictly Business Drawer File, Letter/Legal Size",Office Supplies,Storage,7179,
OFF-ST-10000695,"Rogers Lockers, Wire Frame",Office Supplies,Storage,7180,
OFF-ST-10000701,"Rogers Shelving, Single Width",Office Supplies,Storage,7181,
OFF-ST-10000704,"Rogers File Cart, Blue",Office Supplies,Storage,7182,
OFF-ST-10000710,"Smead Shelving, Blue",Office Supplies,Storage,7183,
OFF-ST-10000711,"Fellowes Box, Single Width",Office Supplies,Storage,7184,
OFF-ST-10000718,"Fellowes Folders, Single Width",Office Supplies,Storage,7185,
OFF-ST-10000736,Carina Double Wide Media Storage Towers in Natural & Black,Office Supplies,Storage,7186,
OFF-ST-10000752,"Fellowes File Cart, Wire Frame",Office Supplies,Storage,7187,
OFF-ST-10000760,Eldon Fold 'N Roll Cart System,Office Supplies,Storage,7188,
OFF-ST-10000777,"Companion Letter/Legal File, Black",Office Supplies,Storage,7189,
OFF-ST-10000794,"Tenex Trays, Wire Frame",Office Supplies,Storage,7190,
OFF-ST-10000798,2300 Heavy-Duty Transfer File Systems by Perma,Office Supplies,Storage,7191,
OFF-ST-10000806,"Fellowes Shelving, Industrial",Office Supplies,Storage,7192,
OFF-ST-10000836,"Tenex Trays, Blue",Office Supplies,Storage,7193,
OFF-ST-10000872,"Fellowes File Cart, Single Width",Office Supplies,Storage,7194,
OFF-ST-10000875,"Smead Shelving, Single Width",Office Supplies,Storage,7195,
OFF-ST-10000876,Eldon Simplefile Box Office,Office Supplies,Storage,7196,
OFF-ST-10000877,Recycled Steel Personal File for Standard File Folders,Office Supplies,Storage,7197,
OFF-ST-10000880,"Rogers Box, Blue",Office Supplies,Storage,7198,
OFF-ST-10000884,"Smead Folders, Blue",Office Supplies,Storage,7199,
OFF-ST-10000885,Fellowes Desktop Hanging File Manager,Office Supplies,Storage,7200,
OFF-ST-10000886,"Smead Lockers, Wire Frame",Office Supplies,Storage,7201,
OFF-ST-10000892,"Tenex Trays, Wire Frame",Office Supplies,Storage,7202,
OFF-ST-10000917,"Fellowes File Cart, Wire Frame",Office Supplies,Storage,7203,
OFF-ST-10000918,Crate-A-Files,Office Supplies,Storage,7204,
OFF-ST-10000922,"Eldon File Cart, Blue",Office Supplies,Storage,7205,
OFF-ST-10000934,"Contico 72""H Heavy-Duty Storage System",Office Supplies,Storage,7206,
OFF-ST-10000943,Eldon ProFile File 'N Store Portable File Tub Letter/Legal Size Black,Office Supplies,Storage,7207,
OFF-ST-10000948,"Fellowes Box, Blue",Office Supplies,Storage,7208,
OFF-ST-10000952,"Smead File Cart, Blue",Office Supplies,Storage,7209,
OFF-ST-10000988,"Fellowes Folders, Blue",Office Supplies,Storage,7210,
OFF-ST-10000990,"Eldon Lockers, Single Width",Office Supplies,Storage,7211,
OFF-ST-10000991,Space Solutions HD Industrial Steel Shelving.,Office Supplies,Storage,7212,
OFF-ST-10001010,"Fellowes Lockers, Industrial",Office Supplies,Storage,7213,
OFF-ST-10001025,"Tenex Trays, Single Width",Office Supplies,Storage,7214,
OFF-ST-10001026,"Fellowes Trays, Single Width",Office Supplies,Storage,7215,
OFF-ST-10001031,Adjustable Personal File Tote,Office Supplies,Storage,7216,
OFF-ST-10001034,Eldon File Chest Portable File,Office Supplies,Storage,7217,
OFF-ST-10001050,"Eldon Shelving, Blue",Office Supplies,Storage,7218,
OFF-ST-10001051,"Eldon Shelving, Industrial",Office Supplies,Storage,7219,
OFF-ST-10001057,"Eldon Folders, Wire Frame",Office Supplies,Storage,7220,
OFF-ST-10001066,"Tenex Box, Single Width",Office Supplies,Storage,7221,
OFF-ST-10001073,"Eldon File Cart, Single Width",Office Supplies,Storage,7222,
OFF-ST-10001091,"Smead Box, Industrial",Office Supplies,Storage,7223,
OFF-ST-10001097,Office Impressions Heavy Duty Welded Shelving & Multimedia Storage Drawers,Office Supplies,Storage,7224,
OFF-ST-10001124,"Fellowes Trays, Wire Frame",Office Supplies,Storage,7225,
OFF-ST-10001128,"Carina Mini System Audio Rack, Model AR050B",Office Supplies,Storage,7226,
OFF-ST-10001142,"Smead Folders, Wire Frame",Office Supplies,Storage,7227,
OFF-ST-10001172,"Tennsco Lockers, Sand",Office Supplies,Storage,7228,
OFF-ST-10001172,"Fellowes Trays, Wire Frame",Office Supplies,Storage,7229,
OFF-ST-10001173,"Eldon Trays, Industrial",Office Supplies,Storage,7230,
OFF-ST-10001173,"Eldon Folders, Industrial",Office Supplies,Storage,7231,
OFF-ST-10001186,"Rogers Trays, Industrial",Office Supplies,Storage,7232,
OFF-ST-10001195,"Smead Box, Wire Frame",Office Supplies,Storage,7233,
OFF-ST-10001213,"Smead Shelving, Industrial",Office Supplies,Storage,7234,
OFF-ST-10001214,"Smead Box, Industrial",Office Supplies,Storage,7235,
OFF-ST-10001222,"Eldon Shelving, Single Width",Office Supplies,Storage,7236,
OFF-ST-10001227,"Eldon Folders, Wire Frame",Office Supplies,Storage,7237,
OFF-ST-10001228,Personal File Boxes with Fold-Down Carry Handle,Office Supplies,Storage,7238,
OFF-ST-10001228,"Fellowes Personal Hanging Folder Files, Navy",Office Supplies,Storage,7239,
OFF-ST-10001229,"Fellowes Box, Single Width",Office Supplies,Storage,7240,
OFF-ST-10001255,"Fellowes Trays, Single Width",Office Supplies,Storage,7241,
OFF-ST-10001272,"Mini 13-1/2 Capacity Data Binder Rack, Pearl",Office Supplies,Storage,7242,
OFF-ST-10001290,"Rogers Box, Industrial",Office Supplies,Storage,7243,
OFF-ST-10001290,"Rogers Shelving, Single Width",Office Supplies,Storage,7244,
OFF-ST-10001291,"Tenex Personal Self-Stacking Standard File Box, Black/Gray",Office Supplies,Storage,7245,
OFF-ST-10001321,"Decoflex Hanging Personal Folder File, Blue",Office Supplies,Storage,7246,
OFF-ST-10001325,Sterilite Officeware Hinged File Box,Office Supplies,Storage,7247,
OFF-ST-10001326,"Tenex Shelving, Single Width",Office Supplies,Storage,7248,
OFF-ST-10001328,"Personal Filing Tote with Lid, Black/Gray",Office Supplies,Storage,7249,
OFF-ST-10001335,"Rogers File Cart, Single Width",Office Supplies,Storage,7250,
OFF-ST-10001335,"Tenex Trays, Blue",Office Supplies,Storage,7251,
OFF-ST-10001342,"Fellowes Trays, Blue",Office Supplies,Storage,7252,
OFF-ST-10001346,"Smead File Cart, Industrial",Office Supplies,Storage,7253,
OFF-ST-10001357,"Eldon Lockers, Single Width",Office Supplies,Storage,7254,
OFF-ST-10001358,"Rogers Folders, Wire Frame",Office Supplies,Storage,7255,
OFF-ST-10001366,"Rogers Folders, Wire Frame",Office Supplies,Storage,7256,
OFF-ST-10001370,Sensible Storage WireTech Storage Systems,Office Supplies,Storage,7257,
OFF-ST-10001372,"Eldon Box, Blue",Office Supplies,Storage,7258,
OFF-ST-10001374,"Rogers Trays, Wire Frame",Office Supplies,Storage,7259,
OFF-ST-10001393,"Fellowes Trays, Blue",Office Supplies,Storage,7260,
OFF-ST-10001413,"Rogers Folders, Blue",Office Supplies,Storage,7261,
OFF-ST-10001414,Decoflex Hanging Personal Folder File,Office Supplies,Storage,7262,
OFF-ST-10001414,"Rogers Lockers, Wire Frame",Office Supplies,Storage,7263,
OFF-ST-10001418,Carina Media Storage Towers in Natural & Black,Office Supplies,Storage,7264,
OFF-ST-10001426,"Eldon Folders, Single Width",Office Supplies,Storage,7265,
OFF-ST-10001440,"Eldon Shelving, Blue",Office Supplies,Storage,7266,
OFF-ST-10001458,"Rogers Folders, Blue",Office Supplies,Storage,7267,
OFF-ST-10001460,"Smead Trays, Industrial",Office Supplies,Storage,7268,
OFF-ST-10001469,Fellowes Bankers Box Recycled Super Stor/Drawer,Office Supplies,Storage,7269,
OFF-ST-10001476,Steel Personal Filing/Posting Tote,Office Supplies,Storage,7270,
OFF-ST-10001478,"Tenex File Cart, Single Width",Office Supplies,Storage,7271,
OFF-ST-10001490,"Hot File 7-Pocket, Floor Stand",Office Supplies,Storage,7272,
OFF-ST-10001496,Standard Rollaway File with Lock,Office Supplies,Storage,7273,
OFF-ST-10001505,"Perma STOR-ALL Hanging File Box, 13 1/8""W x 12 1/4""D x 10 1/2""H",Office Supplies,Storage,7274,
OFF-ST-10001511,Space Solutions Commercial Steel Shelving,Office Supplies,Storage,7275,
OFF-ST-10001513,"Fellowes Folders, Blue",Office Supplies,Storage,7276,
OFF-ST-10001522,"Gould Plastics 18-Pocket Panel Bin, 34w x 5-1/4d x 20-1/2h",Office Supplies,Storage,7277,
OFF-ST-10001526,Iceberg Mobile Mega Data/Printer Cart,Office Supplies,Storage,7278,
OFF-ST-10001534,"Smead Folders, Industrial",Office Supplies,Storage,7279,
OFF-ST-10001547,"Rogers Lockers, Industrial",Office Supplies,Storage,7280,
OFF-ST-10001554,"Eldon Folders, Industrial",Office Supplies,Storage,7281,
OFF-ST-10001554,"Tenex File Cart, Industrial",Office Supplies,Storage,7282,
OFF-ST-10001558,Acco Perma 4000 Stacking Storage Drawers,Office Supplies,Storage,7283,
OFF-ST-10001562,"Fellowes Box, Industrial",Office Supplies,Storage,7284,
OFF-ST-10001567,"Smead File Cart, Single Width",Office Supplies,Storage,7285,
OFF-ST-10001576,"Tenex Folders, Blue",Office Supplies,Storage,7286,
OFF-ST-10001580,Super Decoflex Portable Personal File,Office Supplies,Storage,7287,
OFF-ST-10001590,"Eldon Folders, Blue",Office Supplies,Storage,7288,
OFF-ST-10001590,"Tenex Personal Project File with Scoop Front Design, Black",Office Supplies,Storage,7289,
OFF-ST-10001597,"Tenex Box, Single Width",Office Supplies,Storage,7290,
OFF-ST-10001598,"Fellowes Box, Blue",Office Supplies,Storage,7291,
OFF-ST-10001627,Eldon Jumbo ProFile Portable File Boxes Graphite/Black,Office Supplies,Storage,7292,
OFF-ST-10001631,"Tenex Trays, Blue",Office Supplies,Storage,7293,
OFF-ST-10001638,"Tenex File Cart, Single Width",Office Supplies,Storage,7294,
OFF-ST-10001646,"Fellowes Box, Wire Frame",Office Supplies,Storage,7295,
OFF-ST-10001648,"Tenex Shelving, Blue",Office Supplies,Storage,7296,
OFF-ST-10001694,"Smead Folders, Blue",Office Supplies,Storage,7297,
OFF-ST-10001707,"Smead Shelving, Single Width",Office Supplies,Storage,7298,
OFF-ST-10001713,"Gould Plastics 9-Pocket Panel Bin, 18-3/8w x 5-1/4d x 20-1/2h, Black",Office Supplies,Storage,7299,
OFF-ST-10001719,"Tenex Trays, Industrial",Office Supplies,Storage,7300,
OFF-ST-10001729,"Tenex Lockers, Single Width",Office Supplies,Storage,7301,
OFF-ST-10001743,"Tenex Folders, Wire Frame",Office Supplies,Storage,7302,
OFF-ST-10001752,"Tenex Shelving, Wire Frame",Office Supplies,Storage,7303,
OFF-ST-10001753,"Eldon Shelving, Industrial",Office Supplies,Storage,7304,
OFF-ST-10001755,"Smead Lockers, Single Width",Office Supplies,Storage,7305,
OFF-ST-10001758,"Rogers Lockers, Blue",Office Supplies,Storage,7306,
OFF-ST-10001776,"Eldon Trays, Wire Frame",Office Supplies,Storage,7307,
OFF-ST-10001780,Tennsco 16-Compartment Lockers with Coat Rack,Office Supplies,Storage,7308,
OFF-ST-10001799,"Fellowes Box, Single Width",Office Supplies,Storage,7309,
OFF-ST-10001809,Fellowes Officeware Wire Shelving,Office Supplies,Storage,7310,
OFF-ST-10001818,"Smead Trays, Blue",Office Supplies,Storage,7311,
OFF-ST-10001824,"Rogers Box, Single Width",Office Supplies,Storage,7312,
OFF-ST-10001832,"Eldon Box, Blue",Office Supplies,Storage,7313,
OFF-ST-10001837,"SAFCO Mobile Desk Side File, Wire Frame",Office Supplies,Storage,7314,
OFF-ST-10001858,"Tenex Shelving, Single Width",Office Supplies,Storage,7315,
OFF-ST-10001869,"Eldon Box, Single Width",Office Supplies,Storage,7316,
OFF-ST-10001890,"Eldon Trays, Industrial",Office Supplies,Storage,7317,
OFF-ST-10001932,Fellowes Staxonsteel Drawer Files,Office Supplies,Storage,7318,
OFF-ST-10001941,"Rogers Lockers, Wire Frame",Office Supplies,Storage,7319,
OFF-ST-10001954,"Rogers Shelving, Wire Frame",Office Supplies,Storage,7320,
OFF-ST-10001963,Tennsco Regal Shelving Units,Office Supplies,Storage,7321,
OFF-ST-10001974,"Rogers File Cart, Industrial",Office Supplies,Storage,7322,
OFF-ST-10001991,"Eldon Shelving, Wire Frame",Office Supplies,Storage,7323,
OFF-ST-10001999,"Tenex Folders, Wire Frame",Office Supplies,Storage,7324,
OFF-ST-10002011,Smead Adjustable Mobile File Trolley with Lockable Top,Office Supplies,Storage,7325,
OFF-ST-10002028,"Fellowes File Cart, Single Width",Office Supplies,Storage,7326,
OFF-ST-10002042,"Fellowes Folders, Industrial",Office Supplies,Storage,7327,
OFF-ST-10002066,"Smead File Cart, Blue",Office Supplies,Storage,7328,
OFF-ST-10002070,"Tenex Trays, Wire Frame",Office Supplies,Storage,7329,
OFF-ST-10002074,"Tenex Box, Blue",Office Supplies,Storage,7330,
OFF-ST-10002085,"Tenex File Cart, Industrial",Office Supplies,Storage,7331,
OFF-ST-10002105,"Smead Trays, Wire Frame",Office Supplies,Storage,7332,
OFF-ST-10002119,"Rogers Shelving, Industrial",Office Supplies,Storage,7333,
OFF-ST-10002122,"Smead Box, Industrial",Office Supplies,Storage,7334,
OFF-ST-10002151,"Eldon Box, Blue",Office Supplies,Storage,7335,
OFF-ST-10002159,"Fellowes Lockers, Wire Frame",Office Supplies,Storage,7336,
OFF-ST-10002161,"Tenex Trays, Single Width",Office Supplies,Storage,7337,
OFF-ST-10002164,"Rogers Lockers, Industrial",Office Supplies,Storage,7338,
OFF-ST-10002172,"Fellowes Trays, Blue",Office Supplies,Storage,7339,
OFF-ST-10002175,"Fellowes Lockers, Single Width",Office Supplies,Storage,7340,
OFF-ST-10002176,"Smead File Cart, Single Width",Office Supplies,Storage,7341,
OFF-ST-10002182,"Iris 3-Drawer Stacking Bin, Black",Office Supplies,Storage,7342,
OFF-ST-10002205,File Shuttle I and Handi-File,Office Supplies,Storage,7343,
OFF-ST-10002214,X-Rack File for Hanging Folders,Office Supplies,Storage,7344,
OFF-ST-10002220,"Fellowes File Cart, Blue",Office Supplies,Storage,7345,
OFF-ST-10002221,"Rogers Lockers, Industrial",Office Supplies,Storage,7346,
OFF-ST-10002233,"Smead Trays, Single Width",Office Supplies,Storage,7347,
OFF-ST-10002240,"Fellowes Shelving, Blue",Office Supplies,Storage,7348,
OFF-ST-10002250,"Smead Folders, Industrial",Office Supplies,Storage,7349,
OFF-ST-10002251,"Fellowes Shelving, Wire Frame",Office Supplies,Storage,7350,
OFF-ST-10002263,"Rogers Trays, Wire Frame",Office Supplies,Storage,7351,
OFF-ST-10002271,"Rogers Shelving, Wire Frame",Office Supplies,Storage,7352,
OFF-ST-10002276,Safco Steel Mobile File Cart,Office Supplies,Storage,7353,
OFF-ST-10002289,"Safco Wire Cube Shelving System, For Use as 4 or 5 14"" Cubes, Black",Office Supplies,Storage,7354,
OFF-ST-10002292,"Fellowes Lockers, Single Width",Office Supplies,Storage,7355,
OFF-ST-10002292,"Sauder Facets Collection Locker/File Cabinet, Sky Alder Finish",Office Supplies,Storage,7356,
OFF-ST-10002301,Tennsco Commercial Shelving,Office Supplies,Storage,7357,
OFF-ST-10002318,"Smead Box, Industrial",Office Supplies,Storage,7358,
OFF-ST-10002340,"Fellowes Shelving, Industrial",Office Supplies,Storage,7359,
OFF-ST-10002343,"Smead Trays, Blue",Office Supplies,Storage,7360,
OFF-ST-10002344,"Carina 42""Hx23 3/4""W Media Storage Unit",Office Supplies,Storage,7361,
OFF-ST-10002352,Iris Project Case,Office Supplies,Storage,7362,
OFF-ST-10002354,"Eldon Lockers, Wire Frame",Office Supplies,Storage,7363,
OFF-ST-10002362,"Eldon Shelving, Single Width",Office Supplies,Storage,7364,
OFF-ST-10002370,"Sortfiler Multipurpose Personal File Organizer, Black",Office Supplies,Storage,7365,
OFF-ST-10002371,"Rogers File Cart, Industrial",Office Supplies,Storage,7366,
OFF-ST-10002386,"Fellowes Shelving, Industrial",Office Supplies,Storage,7367,
OFF-ST-10002395,"Rogers Lockers, Single Width",Office Supplies,Storage,7368,
OFF-ST-10002399,"Tenex Folders, Single Width",Office Supplies,Storage,7369,
OFF-ST-10002406,Pizazz Global Quick File,Office Supplies,Storage,7370,
OFF-ST-10002423,"Smead Shelving, Single Width",Office Supplies,Storage,7371,
OFF-ST-10002424,"Smead Trays, Industrial",Office Supplies,Storage,7372,
OFF-ST-10002437,"Eldon Trays, Blue",Office Supplies,Storage,7373,
OFF-ST-10002444,Recycled Eldon Regeneration Jumbo File,Office Supplies,Storage,7374,
OFF-ST-10002459,"Eldon Trays, Wire Frame",Office Supplies,Storage,7375,
OFF-ST-10002460,"Rogers Shelving, Single Width",Office Supplies,Storage,7376,
OFF-ST-10002463,"Eldon Trays, Single Width",Office Supplies,Storage,7377,
OFF-ST-10002466,"Smead Box, Blue",Office Supplies,Storage,7378,
OFF-ST-10002471,"Smead Lockers, Single Width",Office Supplies,Storage,7379,
OFF-ST-10002485,Rogers Deluxe File Chest,Office Supplies,Storage,7380,
OFF-ST-10002486,Eldon Shelf Savers Cubes and Bins,Office Supplies,Storage,7381,
OFF-ST-10002499,"Fellowes Shelving, Single Width",Office Supplies,Storage,7382,
OFF-ST-10002499,"Eldon File Cart, Single Width",Office Supplies,Storage,7383,
OFF-ST-10002505,"Tenex Box, Wire Frame",Office Supplies,Storage,7384,
OFF-ST-10002506,"Smead Lockers, Blue",Office Supplies,Storage,7385,
OFF-ST-10002510,"Tenex Lockers, Wire Frame",Office Supplies,Storage,7386,
OFF-ST-10002515,"Eldon Lockers, Wire Frame",Office Supplies,Storage,7387,
OFF-ST-10002522,"Tenex Folders, Blue",Office Supplies,Storage,7388,
OFF-ST-10002530,"Rogers Lockers, Single Width",Office Supplies,Storage,7389,
OFF-ST-10002538,"Rogers File Cart, Single Width",Office Supplies,Storage,7390,
OFF-ST-10002538,"Fellowes Shelving, Blue",Office Supplies,Storage,7391,
OFF-ST-10002539,"Fellowes Shelving, Single Width",Office Supplies,Storage,7392,
OFF-ST-10002546,"Eldon Folders, Single Width",Office Supplies,Storage,7393,
OFF-ST-10002554,Tennsco Industrial Shelving,Office Supplies,Storage,7394,
OFF-ST-10002555,"Eldon Lockers, Industrial",Office Supplies,Storage,7395,
OFF-ST-10002561,"Rogers File Cart, Blue",Office Supplies,Storage,7396,
OFF-ST-10002562,Staples,Office Supplies,Storage,7397,
OFF-ST-10002566,"Tenex Lockers, Wire Frame",Office Supplies,Storage,7398,
OFF-ST-10002574,"SAFCO Commercial Wire Shelving, Black",Office Supplies,Storage,7399,
OFF-ST-10002574,"Smead Shelving, Blue",Office Supplies,Storage,7400,
OFF-ST-10002583,Fellowes Neat Ideas Storage Cubes,Office Supplies,Storage,7401,
OFF-ST-10002598,"Tenex Shelving, Industrial",Office Supplies,Storage,7402,
OFF-ST-10002605,"Smead Box, Wire Frame",Office Supplies,Storage,7403,
OFF-ST-10002608,"Eldon Box, Industrial",Office Supplies,Storage,7404,
OFF-ST-10002615,"Dual Level, Single-Width Filing Carts",Office Supplies,Storage,7405,
OFF-ST-10002618,"Tenex Folders, Blue",Office Supplies,Storage,7406,
OFF-ST-10002619,"Rogers Lockers, Blue",Office Supplies,Storage,7407,
OFF-ST-10002622,"Smead File Cart, Single Width",Office Supplies,Storage,7408,
OFF-ST-10002632,"Smead Shelving, Industrial",Office Supplies,Storage,7409,
OFF-ST-10002642,"Eldon Lockers, Single Width",Office Supplies,Storage,7410,
OFF-ST-10002650,"Fellowes Lockers, Wire Frame",Office Supplies,Storage,7411,
OFF-ST-10002659,"Smead Shelving, Wire Frame",Office Supplies,Storage,7412,
OFF-ST-10002670,"Smead Folders, Industrial",Office Supplies,Storage,7413,
OFF-ST-10002685,"Eldon Lockers, Blue",Office Supplies,Storage,7414,
OFF-ST-10002706,"Fellowes File Cart, Wire Frame",Office Supplies,Storage,7415,
OFF-ST-10002714,"Eldon Box, Industrial",Office Supplies,Storage,7416,
OFF-ST-10002714,"Tenex Shelving, Blue",Office Supplies,Storage,7417,
OFF-ST-10002720,"Rogers Shelving, Blue",Office Supplies,Storage,7418,
OFF-ST-10002743,SAFCO Boltless Steel Shelving,Office Supplies,Storage,7419,
OFF-ST-10002756,"Tennsco Stur-D-Stor Boltless Shelving, 5 Shelves, 24"" Deep, Sand",Office Supplies,Storage,7420,
OFF-ST-10002759,"Eldon Shelving, Industrial",Office Supplies,Storage,7421,
OFF-ST-10002763,"Fellowes Lockers, Wire Frame",Office Supplies,Storage,7422,
OFF-ST-10002774,"Rogers Lockers, Industrial",Office Supplies,Storage,7423,
OFF-ST-10002781,"Smead File Cart, Single Width",Office Supplies,Storage,7424,
OFF-ST-10002790,Safco Industrial Shelving,Office Supplies,Storage,7425,
OFF-ST-10002791,"Tenex Shelving, Blue",Office Supplies,Storage,7426,
OFF-ST-10002800,"Tenex Folders, Industrial",Office Supplies,Storage,7427,
OFF-ST-10002822,"Tenex File Cart, Blue",Office Supplies,Storage,7428,
OFF-ST-10002834,"Smead File Cart, Single Width",Office Supplies,Storage,7429,
OFF-ST-10002873,"Fellowes Folders, Industrial",Office Supplies,Storage,7430,
OFF-ST-10002900,"Smead Lockers, Wire Frame",Office Supplies,Storage,7431,
OFF-ST-10002902,"Fellowes Lockers, Wire Frame",Office Supplies,Storage,7432,
OFF-ST-10002902,"Fellowes Shelving, Blue",Office Supplies,Storage,7433,
OFF-ST-10002905,"Rogers Box, Single Width",Office Supplies,Storage,7434,
OFF-ST-10002930,"Eldon Lockers, Industrial",Office Supplies,Storage,7435,
OFF-ST-10002957,Sterilite Show Offs Storage Containers,Office Supplies,Storage,7436,
OFF-ST-10002967,"Rogers Folders, Blue",Office Supplies,Storage,7437,
OFF-ST-10002974,"Trav-L-File Heavy-Duty Shuttle II, Black",Office Supplies,Storage,7438,
OFF-ST-10003012,"Tenex Folders, Industrial",Office Supplies,Storage,7439,
OFF-ST-10003017,"Tenex Box, Industrial",Office Supplies,Storage,7440,
OFF-ST-10003018,"Smead File Cart, Industrial",Office Supplies,Storage,7441,
OFF-ST-10003020,"Tenex Lockers, Industrial",Office Supplies,Storage,7442,
OFF-ST-10003056,"Tenex Folders, Single Width",Office Supplies,Storage,7443,
OFF-ST-10003058,Eldon Mobile Mega Data Cart  Mega Stackable  Add-On Trays,Office Supplies,Storage,7444,
OFF-ST-10003088,"Fellowes Box, Wire Frame",Office Supplies,Storage,7445,
OFF-ST-10003089,"Tenex Lockers, Industrial",Office Supplies,Storage,7446,
OFF-ST-10003102,"Rogers Lockers, Single Width",Office Supplies,Storage,7447,
OFF-ST-10003111,"Eldon Trays, Single Width",Office Supplies,Storage,7448,
OFF-ST-10003121,"Rogers Box, Industrial",Office Supplies,Storage,7449,
OFF-ST-10003123,Fellowes Bases and Tops For Staxonsteel/High-Stak Systems,Office Supplies,Storage,7450,
OFF-ST-10003132,"Fellowes Box, Blue",Office Supplies,Storage,7451,
OFF-ST-10003141,"Fellowes Trays, Industrial",Office Supplies,Storage,7452,
OFF-ST-10003147,"Tenex Box, Blue",Office Supplies,Storage,7453,
OFF-ST-10003150,"Smead Lockers, Wire Frame",Office Supplies,Storage,7454,
OFF-ST-10003153,"Tenex File Cart, Single Width",Office Supplies,Storage,7455,
OFF-ST-10003154,"Fellowes Shelving, Industrial",Office Supplies,Storage,7456,
OFF-ST-10003159,"Smead Trays, Single Width",Office Supplies,Storage,7457,
OFF-ST-10003164,"Fellowes Box, Wire Frame",Office Supplies,Storage,7458,
OFF-ST-10003172,"Eldon Box, Wire Frame",Office Supplies,Storage,7459,
OFF-ST-10003184,"Eldon Trays, Wire Frame",Office Supplies,Storage,7460,
OFF-ST-10003203,"Eldon Lockers, Wire Frame",Office Supplies,Storage,7461,
OFF-ST-10003204,"Tenex Trays, Industrial",Office Supplies,Storage,7462,
OFF-ST-10003206,"Eldon Shelving, Blue",Office Supplies,Storage,7463,
OFF-ST-10003208,Adjustable Depth Letter/Legal Cart,Office Supplies,Storage,7464,
OFF-ST-10003221,Staples,Office Supplies,Storage,7465,
OFF-ST-10003231,"Fellowes Box, Industrial",Office Supplies,Storage,7466,
OFF-ST-10003243,"Fellowes Folders, Blue",Office Supplies,Storage,7467,
OFF-ST-10003256,"Eldon Shelving, Wire Frame",Office Supplies,Storage,7468,
OFF-ST-10003266,"Tenex Lockers, Industrial",Office Supplies,Storage,7469,
OFF-ST-10003274,"Eldon Box, Wire Frame",Office Supplies,Storage,7470,
OFF-ST-10003282,"Fellowes Folders, Single Width",Office Supplies,Storage,7471,
OFF-ST-10003282,"Advantus 10-Drawer Portable Organizer, Chrome Metal Frame, Smoke Drawers",Office Supplies,Storage,7472,
OFF-ST-10003286,"Rogers Lockers, Wire Frame",Office Supplies,Storage,7473,
OFF-ST-10003293,"Smead File Cart, Single Width",Office Supplies,Storage,7474,
OFF-ST-10003295,"Tenex Lockers, Blue",Office Supplies,Storage,7475,
OFF-ST-10003305,"Rogers Box, Blue",Office Supplies,Storage,7476,
OFF-ST-10003306,"Eldon File Cart, Single Width",Office Supplies,Storage,7477,
OFF-ST-10003306,Letter Size Cart,Office Supplies,Storage,7478,
OFF-ST-10003319,"Rogers Box, Wire Frame",Office Supplies,Storage,7479,
OFF-ST-10003322,"Eldon Shelving, Wire Frame",Office Supplies,Storage,7480,
OFF-ST-10003324,Belkin OmniView SE Rackmount Kit,Office Supplies,Storage,7481,
OFF-ST-10003327,Akro-Mils 12-Gallon Tote,Office Supplies,Storage,7482,
OFF-ST-10003331,"Smead Box, Single Width",Office Supplies,Storage,7483,
OFF-ST-10003331,"Rogers File Cart, Single Width",Office Supplies,Storage,7484,
OFF-ST-10003334,"Smead Trays, Wire Frame",Office Supplies,Storage,7485,
OFF-ST-10003335,"Smead Box, Blue",Office Supplies,Storage,7486,
OFF-ST-10003344,"Rogers Folders, Blue",Office Supplies,Storage,7487,
OFF-ST-10003393,"Smead Box, Wire Frame",Office Supplies,Storage,7488,
OFF-ST-10003409,"Tenex File Cart, Single Width",Office Supplies,Storage,7489,
OFF-ST-10003411,"Eldon Trays, Wire Frame",Office Supplies,Storage,7490,
OFF-ST-10003414,"Smead Box, Wire Frame",Office Supplies,Storage,7491,
OFF-ST-10003414,"Tenex Shelving, Industrial",Office Supplies,Storage,7492,
OFF-ST-10003426,"Tenex Box, Wire Frame",Office Supplies,Storage,7493,
OFF-ST-10003442,Eldon Portable Mobile Manager,Office Supplies,Storage,7494,
OFF-ST-10003445,"Rogers Folders, Industrial",Office Supplies,Storage,7495,
OFF-ST-10003446,"Smead Trays, Single Width",Office Supplies,Storage,7496,
OFF-ST-10003455,"Fellowes Lockers, Blue",Office Supplies,Storage,7497,
OFF-ST-10003455,"Tenex File Box, Personal Filing Tote with Lid, Black",Office Supplies,Storage,7498,
OFF-ST-10003459,"Eldon File Cart, Single Width",Office Supplies,Storage,7499,
OFF-ST-10003470,"Rogers Folders, Industrial",Office Supplies,Storage,7500,
OFF-ST-10003470,"Tennsco Snap-Together Open Shelving Units, Starter Sets and Add-On Units",Office Supplies,Storage,7501,
OFF-ST-10003479,"Eldon Base for stackable storage shelf, platinum",Office Supplies,Storage,7502,
OFF-ST-10003489,"Smead Shelving, Wire Frame",Office Supplies,Storage,7503,
OFF-ST-10003528,"Fellowes Folders, Wire Frame",Office Supplies,Storage,7504,
OFF-ST-10003547,"Smead Shelving, Blue",Office Supplies,Storage,7505,
OFF-ST-10003572,Portfile Personal File Boxes,Office Supplies,Storage,7506,
OFF-ST-10003578,"Smead Box, Blue",Office Supplies,Storage,7507,
OFF-ST-10003606,"Smead Box, Single Width",Office Supplies,Storage,7508,
OFF-ST-10003638,Mobile Personal File Cube,Office Supplies,Storage,7509,
OFF-ST-10003641,Space Solutions Industrial Galvanized Steel Shelving.,Office Supplies,Storage,7510,
OFF-ST-10003641,"Fellowes Trays, Wire Frame",Office Supplies,Storage,7511,
OFF-ST-10003648,"Smead Folders, Wire Frame",Office Supplies,Storage,7512,
OFF-ST-10003656,Safco Industrial Wire Shelving,Office Supplies,Storage,7513,
OFF-ST-10003692,Recycled Steel Personal File for Hanging File Folders,Office Supplies,Storage,7514,
OFF-ST-10003716,Tennsco Double-Tier Lockers,Office Supplies,Storage,7515,
OFF-ST-10003718,"Fellowes Shelving, Single Width",Office Supplies,Storage,7516,
OFF-ST-10003722,Project Tote Personal File,Office Supplies,Storage,7517,
OFF-ST-10003729,"Tenex Box, Industrial",Office Supplies,Storage,7518,
OFF-ST-10003741,"Smead Lockers, Blue",Office Supplies,Storage,7519,
OFF-ST-10003750,"Tenex Shelving, Wire Frame",Office Supplies,Storage,7520,
OFF-ST-10003760,"Eldon Trays, Blue",Office Supplies,Storage,7521,
OFF-ST-10003764,"Tenex Box, Industrial",Office Supplies,Storage,7522,
OFF-ST-10003785,"Eldon Lockers, Blue",Office Supplies,Storage,7523,
OFF-ST-10003800,"Rogers Folders, Wire Frame",Office Supplies,Storage,7524,
OFF-ST-10003805,"24 Capacity Maxi Data Binder Racks, Pearl",Office Supplies,Storage,7525,
OFF-ST-10003807,"Eldon Folders, Wire Frame",Office Supplies,Storage,7526,
OFF-ST-10003808,"Eldon Box, Wire Frame",Office Supplies,Storage,7527,
OFF-ST-10003810,"Tenex Box, Single Width",Office Supplies,Storage,7528,
OFF-ST-10003811,"Smead Lockers, Single Width",Office Supplies,Storage,7529,
OFF-ST-10003816,Fellowes High-Stak Drawer Files,Office Supplies,Storage,7530,
OFF-ST-10003835,"Rogers Folders, Single Width",Office Supplies,Storage,7531,
OFF-ST-10003837,"Tenex Lockers, Single Width",Office Supplies,Storage,7532,
OFF-ST-10003858,"Fellowes File Cart, Single Width",Office Supplies,Storage,7533,
OFF-ST-10003907,"Rogers Shelving, Wire Frame",Office Supplies,Storage,7534,
OFF-ST-10003929,"Tenex Lockers, Blue",Office Supplies,Storage,7535,
OFF-ST-10003931,"Smead Lockers, Blue",Office Supplies,Storage,7536,
OFF-ST-10003931,"Smead Trays, Wire Frame",Office Supplies,Storage,7537,
OFF-ST-10003952,"Rogers Trays, Single Width",Office Supplies,Storage,7538,
OFF-ST-10003953,"Smead File Cart, Industrial",Office Supplies,Storage,7539,
OFF-ST-10003956,"Rogers Trays, Single Width",Office Supplies,Storage,7540,
OFF-ST-10003964,"Fellowes Lockers, Industrial",Office Supplies,Storage,7541,
OFF-ST-10003990,"Smead Folders, Single Width",Office Supplies,Storage,7542,
OFF-ST-10003994,"Belkin 19"" Center-Weighted Shelf, Gray",Office Supplies,Storage,7543,
OFF-ST-10003995,"Eldon File Cart, Single Width",Office Supplies,Storage,7544,
OFF-ST-10003996,"Letter/Legal File Tote with Clear Snap-On Lid, Black Granite",Office Supplies,Storage,7545,
OFF-ST-10003997,"Fellowes File Cart, Industrial",Office Supplies,Storage,7546,
OFF-ST-10004015,"Smead Trays, Blue",Office Supplies,Storage,7547,
OFF-ST-10004017,"Smead Trays, Industrial",Office Supplies,Storage,7548,
OFF-ST-10004017,"Eldon Lockers, Single Width",Office Supplies,Storage,7549,
OFF-ST-10004019,"Rogers Folders, Single Width",Office Supplies,Storage,7550,
OFF-ST-10004020,"Tenex Lockers, Single Width",Office Supplies,Storage,7551,
OFF-ST-10004035,"Rogers Box, Wire Frame",Office Supplies,Storage,7552,
OFF-ST-10004046,"Fellowes Box, Single Width",Office Supplies,Storage,7553,
OFF-ST-10004050,"Fellowes Folders, Blue",Office Supplies,Storage,7554,
OFF-ST-10004060,"Fellowes Lockers, Blue",Office Supplies,Storage,7555,
OFF-ST-10004060,"Eldon Lockers, Single Width",Office Supplies,Storage,7556,
OFF-ST-10004097,"Tenex Box, Wire Frame",Office Supplies,Storage,7557,
OFF-ST-10004116,"Fellowes Shelving, Blue",Office Supplies,Storage,7558,
OFF-ST-10004123,Safco Industrial Wire Shelving System,Office Supplies,Storage,7559,
OFF-ST-10004141,"Rogers Folders, Wire Frame",Office Supplies,Storage,7560,
OFF-ST-10004159,"Eldon Lockers, Blue",Office Supplies,Storage,7561,
OFF-ST-10004160,"Tenex Trays, Wire Frame",Office Supplies,Storage,7562,
OFF-ST-10004180,Safco Commercial Shelving,Office Supplies,Storage,7563,
OFF-ST-10004180,"Tenex File Cart, Single Width",Office Supplies,Storage,7564,
OFF-ST-10004183,"Rogers Trays, Wire Frame",Office Supplies,Storage,7565,
OFF-ST-10004185,"Fellowes Trays, Single Width",Office Supplies,Storage,7566,
OFF-ST-10004186,"Stur-D-Stor Shelving, Vertical 5-Shelf: 72""H x 36""W x 18 1/2""D",Office Supplies,Storage,7567,
OFF-ST-10004190,"Smead Box, Single Width",Office Supplies,Storage,7568,
OFF-ST-10004191,"Tenex Lockers, Blue",Office Supplies,Storage,7569,
OFF-ST-10004226,"Fellowes File Cart, Blue",Office Supplies,Storage,7570,
OFF-ST-10004228,"Tenex Shelving, Industrial",Office Supplies,Storage,7571,
OFF-ST-10004236,"Eldon Folders, Blue",Office Supplies,Storage,7572,
OFF-ST-10004258,Portable Personal File Box,Office Supplies,Storage,7573,
OFF-ST-10004267,"Smead File Cart, Single Width",Office Supplies,Storage,7574,
OFF-ST-10004280,"Eldon Trays, Industrial",Office Supplies,Storage,7575,
OFF-ST-10004293,"Rogers Shelving, Industrial",Office Supplies,Storage,7576,
OFF-ST-10004296,"Smead Folders, Industrial",Office Supplies,Storage,7577,
OFF-ST-10004296,"Rogers Box, Single Width",Office Supplies,Storage,7578,
OFF-ST-10004315,"Rogers Lockers, Blue",Office Supplies,Storage,7579,
OFF-ST-10004317,"Smead Folders, Blue",Office Supplies,Storage,7580,
OFF-ST-10004325,"Eldon Box, Single Width",Office Supplies,Storage,7581,
OFF-ST-10004326,"Rogers Box, Single Width",Office Supplies,Storage,7582,
OFF-ST-10004330,"Smead Folders, Single Width",Office Supplies,Storage,7583,
OFF-ST-10004331,"Eldon Folders, Single Width",Office Supplies,Storage,7584,
OFF-ST-10004337,"SAFCO Commercial Wire Shelving, 72h",Office Supplies,Storage,7585,
OFF-ST-10004340,"Fellowes Mobile File Cart, Black",Office Supplies,Storage,7586,
OFF-ST-10004341,"Tenex File Cart, Single Width",Office Supplies,Storage,7587,
OFF-ST-10004342,"Eldon Box, Industrial",Office Supplies,Storage,7588,
OFF-ST-10004346,"Tenex Shelving, Single Width",Office Supplies,Storage,7589,
OFF-ST-10004350,"Rogers Shelving, Blue",Office Supplies,Storage,7590,
OFF-ST-10004365,"Fellowes Shelving, Wire Frame",Office Supplies,Storage,7591,
OFF-ST-10004367,"Rogers Trays, Blue",Office Supplies,Storage,7592,
OFF-ST-10004368,"Tenex Trays, Industrial",Office Supplies,Storage,7593,
OFF-ST-10004374,"Smead File Cart, Single Width",Office Supplies,Storage,7594,
OFF-ST-10004377,"Rogers File Cart, Single Width",Office Supplies,Storage,7595,
OFF-ST-10004381,"Smead Lockers, Industrial",Office Supplies,Storage,7596,
OFF-ST-10004382,"Smead Folders, Blue",Office Supplies,Storage,7597,
OFF-ST-10004382,"Tenex Folders, Industrial",Office Supplies,Storage,7598,
OFF-ST-10004409,"Rogers Box, Industrial",Office Supplies,Storage,7599,
OFF-ST-10004412,"Smead Shelving, Wire Frame",Office Supplies,Storage,7600,
OFF-ST-10004428,"Tenex Lockers, Industrial",Office Supplies,Storage,7601,
OFF-ST-10004431,"Fellowes Trays, Single Width",Office Supplies,Storage,7602,
OFF-ST-10004432,"Fellowes Folders, Blue",Office Supplies,Storage,7603,
OFF-ST-10004459,Tennsco Single-Tier Lockers,Office Supplies,Storage,7604,
OFF-ST-10004464,"Eldon Trays, Blue",Office Supplies,Storage,7605,
OFF-ST-10004473,"Tenex Trays, Wire Frame",Office Supplies,Storage,7606,
OFF-ST-10004479,"Eldon Shelving, Industrial",Office Supplies,Storage,7607,
OFF-ST-10004482,"Rogers Shelving, Industrial",Office Supplies,Storage,7608,
OFF-ST-10004489,"Smead Lockers, Single Width",Office Supplies,Storage,7609,
OFF-ST-10004496,"Tenex Box, Blue",Office Supplies,Storage,7610,
OFF-ST-10004507,Advantus Rolling Storage Box,Office Supplies,Storage,7611,
OFF-ST-10004532,"Tenex File Cart, Single Width",Office Supplies,Storage,7612,
OFF-ST-10004549,"Smead File Cart, Blue",Office Supplies,Storage,7613,
OFF-ST-10004550,"Fellowes Folders, Wire Frame",Office Supplies,Storage,7614,
OFF-ST-10004576,"Rogers File Cart, Single Width",Office Supplies,Storage,7615,
OFF-ST-10004577,"Tenex Shelving, Wire Frame",Office Supplies,Storage,7616,
OFF-ST-10004577,"Fellowes Lockers, Industrial",Office Supplies,Storage,7617,
OFF-ST-10004583,"Eldon Shelving, Single Width",Office Supplies,Storage,7618,
OFF-ST-10004597,"Eldon File Cart, Industrial",Office Supplies,Storage,7619,
OFF-ST-10004597,"Rogers File Cart, Blue",Office Supplies,Storage,7620,
OFF-ST-10004608,"Smead Shelving, Industrial",Office Supplies,Storage,7621,
OFF-ST-10004631,"Rogers Trays, Industrial",Office Supplies,Storage,7622,
OFF-ST-10004634,"Personal Folder Holder, Ebony",Office Supplies,Storage,7623,
OFF-ST-10004638,"Eldon File Cart, Blue",Office Supplies,Storage,7624,
OFF-ST-10004646,"Fellowes Lockers, Blue",Office Supplies,Storage,7625,
OFF-ST-10004660,"Fellowes Box, Single Width",Office Supplies,Storage,7626,
OFF-ST-10004668,"Smead Trays, Industrial",Office Supplies,Storage,7627,
OFF-ST-10004687,"Eldon Lockers, Industrial",Office Supplies,Storage,7628,
OFF-ST-10004695,"Fellowes File Cart, Blue",Office Supplies,Storage,7629,
OFF-ST-10004702,"Eldon Box, Single Width",Office Supplies,Storage,7630,
OFF-ST-10004703,"Tenex Folders, Single Width",Office Supplies,Storage,7631,
OFF-ST-10004739,"Rogers Folders, Industrial",Office Supplies,Storage,7632,
OFF-ST-10004748,"Smead Lockers, Blue",Office Supplies,Storage,7633,
OFF-ST-10004754,"Fellowes Lockers, Single Width",Office Supplies,Storage,7634,
OFF-ST-10004768,"Eldon Lockers, Industrial",Office Supplies,Storage,7635,
OFF-ST-10004793,"Tenex File Cart, Industrial",Office Supplies,Storage,7636,
OFF-ST-10004794,"Rogers Shelving, Blue",Office Supplies,Storage,7637,
OFF-ST-10004800,"Eldon Folders, Industrial",Office Supplies,Storage,7638,
OFF-ST-10004802,"Rogers File Cart, Industrial",Office Supplies,Storage,7639,
OFF-ST-10004804,"Belkin 19"" Vented Equipment Shelf, Black",Office Supplies,Storage,7640,
OFF-ST-10004830,"Eldon Lockers, Blue",Office Supplies,Storage,7641,
OFF-ST-10004835,Plastic Stacking Crates & Casters,Office Supplies,Storage,7642,
OFF-ST-10004835,"Fellowes File Cart, Wire Frame",Office Supplies,Storage,7643,
OFF-ST-10004837,"Eldon File Cart, Single Width",Office Supplies,Storage,7644,
OFF-ST-10004841,"Eldon Box, Blue",Office Supplies,Storage,7645,
OFF-ST-10004847,"Tenex File Cart, Blue",Office Supplies,Storage,7646,
OFF-ST-10004855,"Smead Lockers, Industrial",Office Supplies,Storage,7647,
OFF-ST-10004857,"Smead Folders, Single Width",Office Supplies,Storage,7648,
OFF-ST-10004871,"Rogers Trays, Blue",Office Supplies,Storage,7649,
OFF-ST-10004897,"Tenex Folders, Blue",Office Supplies,Storage,7650,
OFF-ST-10004930,"Tenex Trays, Single Width",Office Supplies,Storage,7651,
OFF-ST-10004946,Desktop 3-Pocket Hot File,Office Supplies,Storage,7652,
OFF-ST-10004947,"Fellowes File Cart, Industrial",Office Supplies,Storage,7653,
OFF-ST-10004947,"Tenex Trays, Industrial",Office Supplies,Storage,7654,
OFF-ST-10004950,Acco Perma 3000 Stacking Storage Drawers,Office Supplies,Storage,7655,
OFF-ST-10004950,"Tenex Personal Filing Tote With Secure Closure Lid, Black/Frost",Office Supplies,Storage,7656,
OFF-ST-10004963,Eldon Gobal File Keepers,Office Supplies,Storage,7657,
OFF-ST-10004972,"Eldon Shelving, Blue",Office Supplies,Storage,7658,
OFF-ST-10004976,"Rogers Lockers, Blue",Office Supplies,Storage,7659,
OFF-ST-10004983,"Smead Shelving, Wire Frame",Office Supplies,Storage,7660,
OFF-ST-10004996,"Tenex Trays, Blue",Office Supplies,Storage,7661,
OFF-TEN-10000025,"Tenex Lockers, Blue",Office Supplies,Storage,8215,
OFF-TEN-10000360,"Tenex Folders, Wire Frame",Office Supplies,Storage,8216,
OFF-TEN-10000433,"Tenex Lockers, Wire Frame",Office Supplies,Storage,8217,
OFF-TEN-10000703,"Tenex Trays, Blue",Office Supplies,Storage,8218,
OFF-TEN-10000766,"Tenex Folders, Industrial",Office Supplies,Storage,8219,
OFF-TEN-10000794,"Tenex Shelving, Wire Frame",Office Supplies,Storage,8220,
OFF-TEN-10000827,"Tenex File Cart, Industrial",Office Supplies,Storage,8221,
OFF-TEN-10000894,"Tenex Folders, Single Width",Office Supplies,Storage,8222,
OFF-TEN-10001031,"Tenex Shelving, Single Width",Office Supplies,Storage,8223,
OFF-TEN-10001129,"Tenex Shelving, Blue",Office Supplies,Storage,8224,
OFF-TEN-10001160,"Tenex Trays, Industrial",Office Supplies,Storage,8225,
OFF-TEN-10001480,"Tenex Trays, Single Width",Office Supplies,Storage,8226,
OFF-TEN-10001585,"Tenex Box, Single Width",Office Supplies,Storage,8227,
OFF-TEN-10002065,"Tenex Shelving, Industrial",Office Supplies,Storage,8228,
OFF-TEN-10002817,"Tenex Folders, Blue",Office Supplies,Storage,8229,
OFF-TEN-10002835,"Tenex Lockers, Industrial",Office Supplies,Storage,8230,
OFF-TEN-10003089,"Tenex File Cart, Blue",Office Supplies,Storage,8231,
OFF-TEN-10003127,"Tenex Box, Industrial",Office Supplies,Storage,8232,
OFF-TEN-10003148,"Tenex Lockers, Single Width",Office Supplies,Storage,8233,
OFF-TEN-10003211,"Tenex Box, Wire Frame",Office Supplies,Storage,8234,
OFF-TEN-10003948,"Tenex Box, Blue",Office Supplies,Storage,8235,
OFF-TEN-10004194,"Tenex File Cart, Single Width",Office Supplies,Storage,8236,
OFF-TEN-10004210,"Tenex Trays, Wire Frame",Office Supplies,Storage,8237,
OFF-TEN-10004270,"Tenex File Cart, Single Width",Office Supplies,Storage,8238,
OFF-AME-10000244,"Ames Manila Envelope, Security-Tint",Office Supplies,Envelopes,2425,
OFF-AME-10000360,"Ames Interoffice Envelope, Security-Tint",Office Supplies,Envelopes,2426,
OFF-AME-10000440,"Ames Interoffice Envelope, with clear poly window",Office Supplies,Envelopes,2427,
OFF-AME-10000851,"Ames Mailers, with clear poly window",Office Supplies,Envelopes,2428,
OFF-AME-10000870,"Ames Peel and Seal, Recycled",Office Supplies,Envelopes,2429,
OFF-AME-10001009,"Ames Interoffice Envelope, Set of 50",Office Supplies,Envelopes,2430,
OFF-AME-10001179,"Ames Mailers, Set of 50",Office Supplies,Envelopes,2431,
OFF-AME-10001489,"Ames Manila Envelope, Set of 50",Office Supplies,Envelopes,2432,
OFF-AME-10001587,"Ames Peel and Seal, with clear poly window",Office Supplies,Envelopes,2433,
OFF-AME-10001641,"Ames Interoffice Envelope, Recycled",Office Supplies,Envelopes,2434,
OFF-AME-10002081,"Ames Peel and Seal, Security-Tint",Office Supplies,Envelopes,2435,
OFF-AME-10002376,"Ames Manila Envelope, Recycled",Office Supplies,Envelopes,2436,
OFF-AME-10002557,"Ames Business Envelopes, Recycled",Office Supplies,Envelopes,2437,
OFF-AME-10002652,"Ames Peel and Seal, Set of 50",Office Supplies,Envelopes,2438,
OFF-AME-10002697,"Ames Business Envelopes, Recycled",Office Supplies,Envelopes,2439,
OFF-AME-10002923,"Ames Clasp Envelope, Set of 50",Office Supplies,Envelopes,2440,
OFF-AME-10002949,"Ames Clasp Envelope, with clear poly window",Office Supplies,Envelopes,2441,
OFF-AME-10002956,"Ames Business Envelopes, Security-Tint",Office Supplies,Envelopes,2442,
OFF-AME-10003089,"Ames Clasp Envelope, Security-Tint",Office Supplies,Envelopes,2443,
OFF-AME-10003167,"Ames Clasp Envelope, Recycled",Office Supplies,Envelopes,2444,
OFF-AME-10003180,"Ames Business Envelopes, Set of 50",Office Supplies,Envelopes,2445,
OFF-AME-10004651,"Ames Mailers, Recycled",Office Supplies,Envelopes,2446,
OFF-AME-10004759,"Ames Manila Envelope, with clear poly window",Office Supplies,Envelopes,2447,
OFF-CAM-10000192,"Cameo Interoffice Envelope, with clear poly window",Office Supplies,Envelopes,4312,
OFF-CAM-10000497,"Cameo Manila Envelope, Set of 50",Office Supplies,Envelopes,4313,
OFF-CAM-10000726,"Cameo Interoffice Envelope, Security-Tint",Office Supplies,Envelopes,4314,
OFF-CAM-10001141,"Cameo Manila Envelope, Security-Tint",Office Supplies,Envelopes,4315,
OFF-CAM-10001177,"Cameo Manila Envelope, Recycled",Office Supplies,Envelopes,4316,
OFF-CAM-10001191,"Cameo Peel and Seal, Recycled",Office Supplies,Envelopes,4317,
OFF-CAM-10001249,"Cameo Mailers, with clear poly window",Office Supplies,Envelopes,4318,
OFF-CAM-10001341,"Cameo Business Envelopes, Recycled",Office Supplies,Envelopes,4319,
OFF-CAM-10001690,"Cameo Clasp Envelope, Recycled",Office Supplies,Envelopes,4320,
OFF-CAM-10001761,"Cameo Clasp Envelope, Security-Tint",Office Supplies,Envelopes,4321,
OFF-CAM-10002159,"Cameo Manila Envelope, with clear poly window",Office Supplies,Envelopes,4322,
OFF-CAM-10002611,"Cameo Interoffice Envelope, Recycled",Office Supplies,Envelopes,4323,
OFF-CAM-10002625,"Cameo Peel and Seal, with clear poly window",Office Supplies,Envelopes,4324,
OFF-CAM-10002734,"Cameo Clasp Envelope, with clear poly window",Office Supplies,Envelopes,4325,
OFF-CAM-10003488,"Cameo Mailers, Set of 50",Office Supplies,Envelopes,4326,
OFF-CAM-10003511,"Cameo Clasp Envelope, Set of 50",Office Supplies,Envelopes,4327,
OFF-CAM-10003605,"Cameo Peel and Seal, Security-Tint",Office Supplies,Envelopes,4328,
OFF-CAM-10003933,"Cameo Business Envelopes, Recycled",Office Supplies,Envelopes,4329,
OFF-CAM-10004002,"Cameo Business Envelopes, Set of 50",Office Supplies,Envelopes,4330,
OFF-CAM-10004269,"Cameo Business Envelopes, Security-Tint",Office Supplies,Envelopes,4331,
OFF-CAM-10004271,"Cameo Mailers, Recycled",Office Supplies,Envelopes,4332,
OFF-CAM-10004338,"Cameo Interoffice Envelope, Set of 50",Office Supplies,Envelopes,4333,
OFF-CAM-10004790,"Cameo Peel and Seal, Set of 50",Office Supplies,Envelopes,4334,
OFF-EN-10000025,"Cameo Interoffice Envelope, Recycled",Office Supplies,Envelopes,4452,
OFF-EN-10000031,"Ames Peel and Seal, Security-Tint",Office Supplies,Envelopes,4453,
OFF-EN-10000051,"GlobeWeis Manila Envelope, with clear poly window",Office Supplies,Envelopes,4454,
OFF-EN-10000053,"Ames Business Envelopes, Recycled",Office Supplies,Envelopes,4455,
OFF-EN-10000056,"Ames Manila Envelope, Security-Tint",Office Supplies,Envelopes,4456,
OFF-EN-10000056,Cameo Buff Policy Envelopes,Office Supplies,Envelopes,4457,
OFF-EN-10000061,"Cameo Business Envelopes, Set of 50",Office Supplies,Envelopes,4458,
OFF-EN-10000061,"Jiffy Clasp Envelope, Security-Tint",Office Supplies,Envelopes,4459,
OFF-EN-10000069,"Ames Mailers, Security-Tint",Office Supplies,Envelopes,4460,
OFF-EN-10000075,"GlobeWeis Interoffice Envelope, Security-Tint",Office Supplies,Envelopes,4461,
OFF-EN-10000084,"Jiffy Manila Envelope, with clear poly window",Office Supplies,Envelopes,4462,
OFF-EN-10000094,"Jiffy Interoffice Envelope, Security-Tint",Office Supplies,Envelopes,4463,
OFF-EN-10000096,"Jiffy Clasp Envelope, with clear poly window",Office Supplies,Envelopes,4464,
OFF-EN-10000114,"Kraft Clasp Envelope, Security-Tint",Office Supplies,Envelopes,4465,
OFF-EN-10000122,"Ames Business Envelopes, Recycled",Office Supplies,Envelopes,4466,
OFF-EN-10000127,"Ames Clasp Envelope, with clear poly window",Office Supplies,Envelopes,4467,
OFF-EN-10000128,"GlobeWeis Interoffice Envelope, Set of 50",Office Supplies,Envelopes,4468,
OFF-EN-10000139,"Ames Manila Envelope, Recycled",Office Supplies,Envelopes,4469,
OFF-EN-10000139,"Kraft Interoffice Envelope, Set of 50",Office Supplies,Envelopes,4470,
OFF-EN-10000142,"Ames Business Envelopes, Security-Tint",Office Supplies,Envelopes,4471,
OFF-EN-10000182,"Jiffy Peel and Seal, Security-Tint",Office Supplies,Envelopes,4472,
OFF-EN-10000215,"Jiffy Interoffice Envelope, Security-Tint",Office Supplies,Envelopes,4473,
OFF-EN-10000219,"Jiffy Clasp Envelope, Recycled",Office Supplies,Envelopes,4474,
OFF-EN-10000224,"Cameo Clasp Envelope, Recycled",Office Supplies,Envelopes,4475,
OFF-EN-10000232,"Kraft Peel and Seal, Recycled",Office Supplies,Envelopes,4476,
OFF-EN-10000251,"Jiffy Clasp Envelope, Security-Tint",Office Supplies,Envelopes,4477,
OFF-EN-10000258,"GlobeWeis Peel and Seal, with clear poly window",Office Supplies,Envelopes,4478,
OFF-EN-10000271,"Kraft Peel and Seal, with clear poly window",Office Supplies,Envelopes,4479,
OFF-EN-10000274,"Kraft Business Envelopes, Recycled",Office Supplies,Envelopes,4480,
OFF-EN-10000296,"Cameo Business Envelopes, Security-Tint",Office Supplies,Envelopes,4481,
OFF-EN-10000315,"Kraft Manila Envelope, Recycled",Office Supplies,Envelopes,4482,
OFF-EN-10000315,"Jiffy Business Envelopes, Security-Tint",Office Supplies,Envelopes,4483,
OFF-EN-10000328,"Kraft Business Envelopes, Set of 50",Office Supplies,Envelopes,4484,
OFF-EN-10000338,"Kraft Mailers, Recycled",Office Supplies,Envelopes,4485,
OFF-EN-10000352,"GlobeWeis Peel and Seal, Recycled",Office Supplies,Envelopes,4486,
OFF-EN-10000353,"Jiffy Mailers, with clear poly window",Office Supplies,Envelopes,4487,
OFF-EN-10000358,"Cameo Business Envelopes, Recycled",Office Supplies,Envelopes,4488,
OFF-EN-10000359,"Ames Clasp Envelope, Recycled",Office Supplies,Envelopes,4489,
OFF-EN-10000378,"Jiffy Mailers, Set of 50",Office Supplies,Envelopes,4490,
OFF-EN-10000383,"Kraft Business Envelopes, Recycled",Office Supplies,Envelopes,4491,
OFF-EN-10000383,"Ames Clasp Envelope, Recycled",Office Supplies,Envelopes,4492,
OFF-EN-10000387,"Kraft Clasp Envelope, Recycled",Office Supplies,Envelopes,4493,
OFF-EN-10000428,"Cameo Clasp Envelope, with clear poly window",Office Supplies,Envelopes,4494,
OFF-EN-10000454,"GlobeWeis Business Envelopes, Set of 50",Office Supplies,Envelopes,4495,
OFF-EN-10000461,"#10- 4 1/8"" x 9 1/2"" Recycled Envelopes",Office Supplies,Envelopes,4496,
OFF-EN-10000476,"Kraft Clasp Envelope, Recycled",Office Supplies,Envelopes,4497,
OFF-EN-10000483,"White Envelopes, White Envelopes with Clear Poly Window",Office Supplies,Envelopes,4498,
OFF-EN-10000507,"GlobeWeis Peel and Seal, Set of 50",Office Supplies,Envelopes,4499,
OFF-EN-10000532,"Cameo Clasp Envelope, Set of 50",Office Supplies,Envelopes,4500,
OFF-EN-10000539,"Ames Clasp Envelope, with clear poly window",Office Supplies,Envelopes,4501,
OFF-EN-10000543,"Ames Clasp Envelope, Security-Tint",Office Supplies,Envelopes,4502,
OFF-EN-10000556,"Kraft Interoffice Envelope, Security-Tint",Office Supplies,Envelopes,4503,
OFF-EN-10000561,"Ames Business Envelopes, Recycled",Office Supplies,Envelopes,4504,
OFF-EN-10000606,"Jiffy Peel and Seal, Set of 50",Office Supplies,Envelopes,4505,
OFF-EN-10000615,"Jiffy Mailers, Security-Tint",Office Supplies,Envelopes,4506,
OFF-EN-10000623,"Ames Manila Envelope, with clear poly window",Office Supplies,Envelopes,4507,
OFF-EN-10000645,"Ames Mailers, Recycled",Office Supplies,Envelopes,4508,
OFF-EN-10000648,"Jiffy Peel and Seal, with clear poly window",Office Supplies,Envelopes,4509,
OFF-EN-10000657,"Jiffy Peel and Seal, with clear poly window",Office Supplies,Envelopes,4510,
OFF-EN-10000673,"Cameo Business Envelopes, Recycled",Office Supplies,Envelopes,4511,
OFF-EN-10000694,"GlobeWeis Business Envelopes, Security-Tint",Office Supplies,Envelopes,4512,
OFF-EN-10000699,"Cameo Interoffice Envelope, Set of 50",Office Supplies,Envelopes,4513,
OFF-EN-10000714,"Ames Mailers, Set of 50",Office Supplies,Envelopes,4514,
OFF-EN-10000726,"Jiffy Clasp Envelope, Set of 50",Office Supplies,Envelopes,4515,
OFF-EN-10000755,"Ames Mailers, Recycled",Office Supplies,Envelopes,4516,
OFF-EN-10000761,"Jiffy Peel and Seal, with clear poly window",Office Supplies,Envelopes,4517,
OFF-EN-10000776,"Jiffy Peel and Seal, Set of 50",Office Supplies,Envelopes,4518,
OFF-EN-10000781,"#10- 4 1/8"" x 9 1/2"" Recycled Envelopes",Office Supplies,Envelopes,4519,
OFF-EN-10000788,"Jiffy Manila Envelope, Security-Tint",Office Supplies,Envelopes,4520,
OFF-EN-10000788,"Cameo Peel and Seal, Set of 50",Office Supplies,Envelopes,4521,
OFF-EN-10000812,"GlobeWeis Clasp Envelope, Set of 50",Office Supplies,Envelopes,4522,
OFF-EN-10000824,"GlobeWeis Manila Envelope, Security-Tint",Office Supplies,Envelopes,4523,
OFF-EN-10000826,"GlobeWeis Manila Envelope, Set of 50",Office Supplies,Envelopes,4524,
OFF-EN-10000835,"GlobeWeis Clasp Envelope, with clear poly window",Office Supplies,Envelopes,4525,
OFF-EN-10000857,"Jiffy Interoffice Envelope, Set of 50",Office Supplies,Envelopes,4526,
OFF-EN-10000857,"Ames Mailers, Security-Tint",Office Supplies,Envelopes,4527,
OFF-EN-10000863,"Ames Business Envelopes, Set of 50",Office Supplies,Envelopes,4528,
OFF-EN-10000871,"Ames Interoffice Envelope, Set of 50",Office Supplies,Envelopes,4529,
OFF-EN-10000872,"Ames Business Envelopes, Set of 50",Office Supplies,Envelopes,4530,
OFF-EN-10000890,"Ames Peel and Seal, Recycled",Office Supplies,Envelopes,4531,
OFF-EN-10000897,"Kraft Mailers, Set of 50",Office Supplies,Envelopes,4532,
OFF-EN-10000898,"Ames Interoffice Envelope, Security-Tint",Office Supplies,Envelopes,4533,
OFF-EN-10000904,"Ames Mailers, with clear poly window",Office Supplies,Envelopes,4534,
OFF-EN-10000927,Jet-Pak Recycled Peel 'N' Seal Padded Mailers,Office Supplies,Envelopes,4535,
OFF-EN-10000927,"Ames Business Envelopes, Set of 50",Office Supplies,Envelopes,4536,
OFF-EN-10000938,"Jiffy Business Envelopes, Security-Tint",Office Supplies,Envelopes,4537,
OFF-EN-10000940,"Ames Interoffice Envelope, Recycled",Office Supplies,Envelopes,4538,
OFF-EN-10000947,"GlobeWeis Mailers, Security-Tint",Office Supplies,Envelopes,4539,
OFF-EN-10000968,"Kraft Mailers, Recycled",Office Supplies,Envelopes,4540,
OFF-EN-10000975,"Ames Manila Envelope, Set of 50",Office Supplies,Envelopes,4541,
OFF-EN-10001028,Staples,Office Supplies,Envelopes,4542,
OFF-EN-10001029,"Cameo Business Envelopes, Recycled",Office Supplies,Envelopes,4543,
OFF-EN-10001038,"Jiffy Mailers, Set of 50",Office Supplies,Envelopes,4544,
OFF-EN-10001044,"Kraft Manila Envelope, Set of 50",Office Supplies,Envelopes,4545,
OFF-EN-10001047,"Jiffy Manila Envelope, Security-Tint",Office Supplies,Envelopes,4546,
OFF-EN-10001099,Staples,Office Supplies,Envelopes,4547,
OFF-EN-10001109,"Ames Interoffice Envelope, Recycled",Office Supplies,Envelopes,4548,
OFF-EN-10001109,"Jiffy Manila Envelope, Set of 50",Office Supplies,Envelopes,4549,
OFF-EN-10001136,"Kraft Interoffice Envelope, Recycled",Office Supplies,Envelopes,4550,
OFF-EN-10001137,"#10 Gummed Flap White Envelopes, 100/Box",Office Supplies,Envelopes,4551,
OFF-EN-10001141,"Manila Recycled Extra-Heavyweight Clasp Envelopes, 6"" x 9""",Office Supplies,Envelopes,4552,
OFF-EN-10001147,"Jiffy Clasp Envelope, Recycled",Office Supplies,Envelopes,4553,
OFF-EN-10001154,"Kraft Clasp Envelope, Set of 50",Office Supplies,Envelopes,4554,
OFF-EN-10001157,"Ames Business Envelopes, Security-Tint",Office Supplies,Envelopes,4555,
OFF-EN-10001162,"GlobeWeis Mailers, Set of 50",Office Supplies,Envelopes,4556,
OFF-EN-10001202,"Kraft Clasp Envelope, with clear poly window",Office Supplies,Envelopes,4557,
OFF-EN-10001219,"#10- 4 1/8"" x 9 1/2"" Security-Tint Envelopes",Office Supplies,Envelopes,4558,
OFF-EN-10001311,"GlobeWeis Business Envelopes, with clear poly window",Office Supplies,Envelopes,4559,
OFF-EN-10001315,"Jiffy Manila Envelope, Security-Tint",Office Supplies,Envelopes,4560,
OFF-EN-10001327,"Cameo Interoffice Envelope, Security-Tint",Office Supplies,Envelopes,4561,
OFF-EN-10001335,"White Business Envelopes with Contemporary Seam, Recycled White Business Envelopes",Office Supplies,Envelopes,4562,
OFF-EN-10001346,"GlobeWeis Interoffice Envelope, Security-Tint",Office Supplies,Envelopes,4563,
OFF-EN-10001375,"GlobeWeis Mailers, with clear poly window",Office Supplies,Envelopes,4564,
OFF-EN-10001415,Staples,Office Supplies,Envelopes,4565,
OFF-EN-10001434,"Strathmore #10 Envelopes, Ultimate White",Office Supplies,Envelopes,4566,
OFF-EN-10001443,"Jiffy Business Envelopes, Recycled",Office Supplies,Envelopes,4567,
OFF-EN-10001449,"Kraft Manila Envelope, with clear poly window",Office Supplies,Envelopes,4568,
OFF-EN-10001453,"Tyvek Interoffice Envelopes, 9 1/2"" x 12 1/2"", 100/Box",Office Supplies,Envelopes,4569,
OFF-EN-10001454,"Cameo Manila Envelope, with clear poly window",Office Supplies,Envelopes,4570,
OFF-EN-10001476,"Ames Interoffice Envelope, Set of 50",Office Supplies,Envelopes,4571,
OFF-EN-10001480,"Kraft Interoffice Envelope, Security-Tint",Office Supplies,Envelopes,4572,
OFF-EN-10001491,"Jiffy Interoffice Envelope, Set of 50",Office Supplies,Envelopes,4573,
OFF-EN-10001509,Poly String Tie Envelopes,Office Supplies,Envelopes,4574,
OFF-EN-10001528,"Kraft Business Envelopes, Recycled",Office Supplies,Envelopes,4575,
OFF-EN-10001532,Brown Kraft Recycled Envelopes,Office Supplies,Envelopes,4576,
OFF-EN-10001533,"Kraft Mailers, with clear poly window",Office Supplies,Envelopes,4577,
OFF-EN-10001535,Grip Seal Envelopes,Office Supplies,Envelopes,4578,
OFF-EN-10001538,"Jiffy Peel and Seal, Recycled",Office Supplies,Envelopes,4579,
OFF-EN-10001539,Staples,Office Supplies,Envelopes,4580,
OFF-EN-10001616,"GlobeWeis Business Envelopes, Recycled",Office Supplies,Envelopes,4581,
OFF-EN-10001621,"GlobeWeis Business Envelopes, Security-Tint",Office Supplies,Envelopes,4582,
OFF-EN-10001627,"Cameo Interoffice Envelope, with clear poly window",Office Supplies,Envelopes,4583,
OFF-EN-10001647,"GlobeWeis Interoffice Envelope, Security-Tint",Office Supplies,Envelopes,4584,
OFF-EN-10001669,"Ames Interoffice Envelope, with clear poly window",Office Supplies,Envelopes,4585,
OFF-EN-10001680,"Jiffy Clasp Envelope, with clear poly window",Office Supplies,Envelopes,4586,
OFF-EN-10001711,"Ames Clasp Envelope, with clear poly window",Office Supplies,Envelopes,4587,
OFF-EN-10001712,"Kraft Interoffice Envelope, Set of 50",Office Supplies,Envelopes,4588,
OFF-EN-10001715,"Ames Clasp Envelope, with clear poly window",Office Supplies,Envelopes,4589,
OFF-EN-10001727,"Jiffy Business Envelopes, Recycled",Office Supplies,Envelopes,4590,
OFF-EN-10001728,"Jiffy Interoffice Envelope, Recycled",Office Supplies,Envelopes,4591,
OFF-EN-10001733,"Cameo Interoffice Envelope, with clear poly window",Office Supplies,Envelopes,4592,
OFF-EN-10001749,Jiffy Padded Mailers with Self-Seal Closure,Office Supplies,Envelopes,4593,
OFF-EN-10001751,"GlobeWeis Mailers, Set of 50",Office Supplies,Envelopes,4594,
OFF-EN-10001755,"Ames Interoffice Envelope, Set of 50",Office Supplies,Envelopes,4595,
OFF-EN-10001768,"Kraft Clasp Envelope, with clear poly window",Office Supplies,Envelopes,4596,
OFF-EN-10001771,"Kraft Mailers, Set of 50",Office Supplies,Envelopes,4597,
OFF-EN-10001789,"Kraft Peel and Seal, Set of 50",Office Supplies,Envelopes,4598,
OFF-EN-10001823,"Cameo Mailers, Recycled",Office Supplies,Envelopes,4599,
OFF-EN-10001832,"Ames Mailers, with clear poly window",Office Supplies,Envelopes,4600,
OFF-EN-10001832,"Kraft Clasp Envelope, Set of 50",Office Supplies,Envelopes,4601,
OFF-EN-10001852,"Cameo Manila Envelope, with clear poly window",Office Supplies,Envelopes,4602,
OFF-EN-10001854,"Jiffy Business Envelopes, Recycled",Office Supplies,Envelopes,4603,
OFF-EN-10001861,"Kraft Peel and Seal, Set of 50",Office Supplies,Envelopes,4604,
OFF-EN-10001870,"Kraft Peel and Seal, Security-Tint",Office Supplies,Envelopes,4605,
OFF-EN-10001882,"Jiffy Manila Envelope, with clear poly window",Office Supplies,Envelopes,4606,
OFF-EN-10001939,"Kraft Manila Envelope, Security-Tint",Office Supplies,Envelopes,4607,
OFF-EN-10001940,"Cameo Peel and Seal, Security-Tint",Office Supplies,Envelopes,4608,
OFF-EN-10001946,"Kraft Mailers, Security-Tint",Office Supplies,Envelopes,4609,
OFF-EN-10001958,"GlobeWeis Clasp Envelope, Security-Tint",Office Supplies,Envelopes,4610,
OFF-EN-10001975,"Kraft Business Envelopes, Security-Tint",Office Supplies,Envelopes,4611,
OFF-EN-10001976,"Jiffy Interoffice Envelope, Security-Tint",Office Supplies,Envelopes,4612,
OFF-EN-10001977,"Cameo Business Envelopes, Recycled",Office Supplies,Envelopes,4613,
OFF-EN-10001979,"Cameo Clasp Envelope, Security-Tint",Office Supplies,Envelopes,4614,
OFF-EN-10001990,Staples,Office Supplies,Envelopes,4615,
OFF-EN-10001991,"Kraft Clasp Envelope, Set of 50",Office Supplies,Envelopes,4616,
OFF-EN-10001993,"GlobeWeis Manila Envelope, Set of 50",Office Supplies,Envelopes,4617,
OFF-EN-10001997,"GlobeWeis Business Envelopes, with clear poly window",Office Supplies,Envelopes,4618,
OFF-EN-10002002,"Cameo Peel and Seal, Security-Tint",Office Supplies,Envelopes,4619,
OFF-EN-10002003,"Ames Clasp Envelope, Set of 50",Office Supplies,Envelopes,4620,
OFF-EN-10002007,"Kraft Clasp Envelope, with clear poly window",Office Supplies,Envelopes,4621,
OFF-EN-10002008,"Cameo Mailers, Recycled",Office Supplies,Envelopes,4622,
OFF-EN-10002013,"Kraft Business Envelopes, Security-Tint",Office Supplies,Envelopes,4623,
OFF-EN-10002013,"Cameo Business Envelopes, Security-Tint",Office Supplies,Envelopes,4624,
OFF-EN-10002015,"GlobeWeis Peel and Seal, with clear poly window",Office Supplies,Envelopes,4625,
OFF-EN-10002034,"Ames Peel and Seal, with clear poly window",Office Supplies,Envelopes,4626,
OFF-EN-10002035,"Kraft Mailers, Set of 50",Office Supplies,Envelopes,4627,
OFF-EN-10002046,"Kraft Manila Envelope, Set of 50",Office Supplies,Envelopes,4628,
OFF-EN-10002048,"Ames Manila Envelope, Set of 50",Office Supplies,Envelopes,4629,
OFF-EN-10002061,"Cameo Mailers, Set of 50",Office Supplies,Envelopes,4630,
OFF-EN-10002065,"Ames Clasp Envelope, Set of 50",Office Supplies,Envelopes,4631,
OFF-EN-10002066,"Kraft Interoffice Envelope, with clear poly window",Office Supplies,Envelopes,4632,
OFF-EN-10002081,"Jiffy Mailers, Set of 50",Office Supplies,Envelopes,4633,
OFF-EN-10002090,"Kraft Peel and Seal, with clear poly window",Office Supplies,Envelopes,4634,
OFF-EN-10002096,"GlobeWeis Mailers, Recycled",Office Supplies,Envelopes,4635,
OFF-EN-10002104,"Cameo Mailers, with clear poly window",Office Supplies,Envelopes,4636,
OFF-EN-10002119,"Ames Manila Envelope, Security-Tint",Office Supplies,Envelopes,4637,
OFF-EN-10002122,"Jiffy Mailers, with clear poly window",Office Supplies,Envelopes,4638,
OFF-EN-10002140,"Jiffy Business Envelopes, Recycled",Office Supplies,Envelopes,4639,
OFF-EN-10002166,"Cameo Manila Envelope, with clear poly window",Office Supplies,Envelopes,4640,
OFF-EN-10002186,"Kraft Manila Envelope, Set of 50",Office Supplies,Envelopes,4641,
OFF-EN-10002226,"Jiffy Clasp Envelope, Recycled",Office Supplies,Envelopes,4642,
OFF-EN-10002230,Airmail Envelopes,Office Supplies,Envelopes,4643,
OFF-EN-10002240,"GlobeWeis Clasp Envelope, with clear poly window",Office Supplies,Envelopes,4644,
OFF-EN-10002258,"Jiffy Mailers, with clear poly window",Office Supplies,Envelopes,4645,
OFF-EN-10002263,"GlobeWeis Interoffice Envelope, with clear poly window",Office Supplies,Envelopes,4646,
OFF-EN-10002312,#10 Self-Seal White Envelopes,Office Supplies,Envelopes,4647,
OFF-EN-10002313,"GlobeWeis Mailers, Recycled",Office Supplies,Envelopes,4648,
OFF-EN-10002348,"Cameo Peel and Seal, Set of 50",Office Supplies,Envelopes,4649,
OFF-EN-10002372,"GlobeWeis Manila Envelope, Security-Tint",Office Supplies,Envelopes,4650,
OFF-EN-10002396,"Jiffy Mailers, Set of 50",Office Supplies,Envelopes,4651,
OFF-EN-10002406,"Kraft Business Envelopes, Recycled",Office Supplies,Envelopes,4652,
OFF-EN-10002410,"GlobeWeis Manila Envelope, Recycled",Office Supplies,Envelopes,4653,
OFF-EN-10002425,"Ames Peel and Seal, Set of 50",Office Supplies,Envelopes,4654,
OFF-EN-10002427,"Ames Manila Envelope, Recycled",Office Supplies,Envelopes,4655,
OFF-EN-10002434,"Kraft Manila Envelope, Recycled",Office Supplies,Envelopes,4656,
OFF-EN-10002449,"Ames Interoffice Envelope, Security-Tint",Office Supplies,Envelopes,4657,
OFF-EN-10002464,"Cameo Peel and Seal, Security-Tint",Office Supplies,Envelopes,4658,
OFF-EN-10002465,"Cameo Business Envelopes, Set of 50",Office Supplies,Envelopes,4659,
OFF-EN-10002472,"Cameo Interoffice Envelope, Security-Tint",Office Supplies,Envelopes,4660,
OFF-EN-10002490,"Kraft Peel and Seal, with clear poly window",Office Supplies,Envelopes,4661,
OFF-EN-10002491,"Cameo Peel and Seal, Set of 50",Office Supplies,Envelopes,4662,
OFF-EN-10002491,"GlobeWeis Mailers, Recycled",Office Supplies,Envelopes,4663,
OFF-EN-10002500,Globe Weis Peel & Seel First Class Envelopes,Office Supplies,Envelopes,4664,
OFF-EN-10002504,"Tyvek  Top-Opening Peel & Seel Envelopes, Plain White",Office Supplies,Envelopes,4665,
OFF-EN-10002522,"Ames Mailers, Security-Tint",Office Supplies,Envelopes,4666,
OFF-EN-10002524,"Cameo Peel and Seal, with clear poly window",Office Supplies,Envelopes,4667,
OFF-EN-10002540,"GlobeWeis Clasp Envelope, with clear poly window",Office Supplies,Envelopes,4668,
OFF-EN-10002556,"Ames Business Envelopes, Recycled",Office Supplies,Envelopes,4669,
OFF-EN-10002559,"Kraft Clasp Envelope, Recycled",Office Supplies,Envelopes,4670,
OFF-EN-10002581,"GlobeWeis Peel and Seal, Set of 50",Office Supplies,Envelopes,4671,
OFF-EN-10002592,"Cameo Interoffice Envelope, Recycled",Office Supplies,Envelopes,4672,
OFF-EN-10002592,"Peel & Seel Recycled Catalog Envelopes, Brown",Office Supplies,Envelopes,4673,
OFF-EN-10002600,"Redi-Strip #10 Envelopes, 4 1/8 x 9 1/2",Office Supplies,Envelopes,4674,
OFF-EN-10002613,"Ames Clasp Envelope, Security-Tint",Office Supplies,Envelopes,4675,
OFF-EN-10002621,Staples,Office Supplies,Envelopes,4676,
OFF-EN-10002624,"Jiffy Clasp Envelope, Set of 50",Office Supplies,Envelopes,4677,
OFF-EN-10002630,"Ames Business Envelopes, Recycled",Office Supplies,Envelopes,4678,
OFF-EN-10002634,"Jiffy Clasp Envelope, Set of 50",Office Supplies,Envelopes,4679,
OFF-EN-10002671,"GlobeWeis Interoffice Envelope, with clear poly window",Office Supplies,Envelopes,4680,
OFF-EN-10002674,"Cameo Interoffice Envelope, Set of 50",Office Supplies,Envelopes,4681,
OFF-EN-10002679,"Kraft Mailers, with clear poly window",Office Supplies,Envelopes,4682,
OFF-EN-10002700,"Ames Business Envelopes, Recycled",Office Supplies,Envelopes,4683,
OFF-EN-10002700,"Kraft Interoffice Envelope, with clear poly window",Office Supplies,Envelopes,4684,
OFF-EN-10002710,"GlobeWeis Interoffice Envelope, with clear poly window",Office Supplies,Envelopes,4685,
OFF-EN-10002723,"Cameo Interoffice Envelope, with clear poly window",Office Supplies,Envelopes,4686,
OFF-EN-10002725,"Ames Manila Envelope, Set of 50",Office Supplies,Envelopes,4687,
OFF-EN-10002728,"GlobeWeis Interoffice Envelope, Set of 50",Office Supplies,Envelopes,4688,
OFF-EN-10002736,"Cameo Clasp Envelope, with clear poly window",Office Supplies,Envelopes,4689,
OFF-EN-10002749,"Kraft Mailers, with clear poly window",Office Supplies,Envelopes,4690,
OFF-EN-10002752,"Jiffy Peel and Seal, Set of 50",Office Supplies,Envelopes,4691,
OFF-EN-10002757,"Ames Interoffice Envelope, Security-Tint",Office Supplies,Envelopes,4692,
OFF-EN-10002778,"Ames Clasp Envelope, Set of 50",Office Supplies,Envelopes,4693,
OFF-EN-10002784,"Cameo Manila Envelope, Recycled",Office Supplies,Envelopes,4694,
OFF-EN-10002789,"Kraft Peel and Seal, Recycled",Office Supplies,Envelopes,4695,
OFF-EN-10002806,"GlobeWeis Peel and Seal, Recycled",Office Supplies,Envelopes,4696,
OFF-EN-10002808,"Cameo Business Envelopes, Set of 50",Office Supplies,Envelopes,4697,
OFF-EN-10002816,"Kraft Peel and Seal, Recycled",Office Supplies,Envelopes,4698,
OFF-EN-10002831,"Tyvek  Top-Opening Peel & Seel  Envelopes, Gray",Office Supplies,Envelopes,4699,
OFF-EN-10002849,"Kraft Interoffice Envelope, with clear poly window",Office Supplies,Envelopes,4700,
OFF-EN-10002850,"Ames Manila Envelope, Recycled",Office Supplies,Envelopes,4701,
OFF-EN-10002855,"Kraft Interoffice Envelope, Security-Tint",Office Supplies,Envelopes,4702,
OFF-EN-10002873,"Ames Interoffice Envelope, Recycled",Office Supplies,Envelopes,4703,
OFF-EN-10002891,"GlobeWeis Mailers, with clear poly window",Office Supplies,Envelopes,4704,
OFF-EN-10002896,"Jiffy Business Envelopes, Set of 50",Office Supplies,Envelopes,4705,
OFF-EN-10002911,"Ames Manila Envelope, with clear poly window",Office Supplies,Envelopes,4706,
OFF-EN-10002924,"GlobeWeis Interoffice Envelope, Security-Tint",Office Supplies,Envelopes,4707,
OFF-EN-10002926,"Cameo Mailers, Set of 50",Office Supplies,Envelopes,4708,
OFF-EN-10002936,"GlobeWeis Business Envelopes, with clear poly window",Office Supplies,Envelopes,4709,
OFF-EN-10002955,"Jiffy Interoffice Envelope, with clear poly window",Office Supplies,Envelopes,4710,
OFF-EN-10002959,"GlobeWeis Mailers, with clear poly window",Office Supplies,Envelopes,4711,
OFF-EN-10002961,"Kraft Clasp Envelope, Security-Tint",Office Supplies,Envelopes,4712,
OFF-EN-10002973,Ampad #10 Peel & Seel Holiday Envelopes,Office Supplies,Envelopes,4713,
OFF-EN-10002985,"Cameo Peel and Seal, Recycled",Office Supplies,Envelopes,4714,
OFF-EN-10002986,"#10-4 1/8"" x 9 1/2"" Premium Diagonal Seam Envelopes",Office Supplies,Envelopes,4715,
OFF-EN-10003000,"Cameo Mailers, Recycled",Office Supplies,Envelopes,4716,
OFF-EN-10003001,Ames Color-File Green Diamond Border X-ray Mailers,Office Supplies,Envelopes,4717,
OFF-EN-10003018,"GlobeWeis Clasp Envelope, Set of 50",Office Supplies,Envelopes,4718,
OFF-EN-10003040,Quality Park Security Envelopes,Office Supplies,Envelopes,4719,
OFF-EN-10003049,"GlobeWeis Clasp Envelope, Security-Tint",Office Supplies,Envelopes,4720,
OFF-EN-10003055,"Blue String-Tie & Button Interoffice Envelopes, 10 x 13",Office Supplies,Envelopes,4721,
OFF-EN-10003068,#6 3/4 Gummed Flap White Envelopes,Office Supplies,Envelopes,4722,
OFF-EN-10003069,"Ames Mailers, Set of 50",Office Supplies,Envelopes,4723,
OFF-EN-10003071,"Kraft Clasp Envelope, Security-Tint",Office Supplies,Envelopes,4724,
OFF-EN-10003072,Peel & Seel Envelopes,Office Supplies,Envelopes,4725,
OFF-EN-10003073,"Jiffy Business Envelopes, Set of 50",Office Supplies,Envelopes,4726,
OFF-EN-10003080,"Kraft Peel and Seal, Security-Tint",Office Supplies,Envelopes,4727,
OFF-EN-10003087,"Jiffy Peel and Seal, Security-Tint",Office Supplies,Envelopes,4728,
OFF-EN-10003094,"Ames Peel and Seal, with clear poly window",Office Supplies,Envelopes,4729,
OFF-EN-10003103,"GlobeWeis Manila Envelope, with clear poly window",Office Supplies,Envelopes,4730,
OFF-EN-10003111,"GlobeWeis Clasp Envelope, Recycled",Office Supplies,Envelopes,4731,
OFF-EN-10003134,Staples,Office Supplies,Envelopes,4732,
OFF-EN-10003160,Pastel Pink Envelopes,Office Supplies,Envelopes,4733,
OFF-EN-10003175,"Ames Manila Envelope, Security-Tint",Office Supplies,Envelopes,4734,
OFF-EN-10003176,"Cameo Manila Envelope, Set of 50",Office Supplies,Envelopes,4735,
OFF-EN-10003177,"Kraft Interoffice Envelope, Recycled",Office Supplies,Envelopes,4736,
OFF-EN-10003231,"Jiffy Business Envelopes, Set of 50",Office Supplies,Envelopes,4737,
OFF-EN-10003271,"Ames Peel and Seal, Security-Tint",Office Supplies,Envelopes,4738,
OFF-EN-10003272,"Jiffy Clasp Envelope, Recycled",Office Supplies,Envelopes,4739,
OFF-EN-10003286,Staples,Office Supplies,Envelopes,4740,
OFF-EN-10003296,Tyvek Side-Opening Peel & Seel Expanding Envelopes,Office Supplies,Envelopes,4741,
OFF-EN-10003299,"Cameo Mailers, Security-Tint",Office Supplies,Envelopes,4742,
OFF-EN-10003316,"Jiffy Business Envelopes, Recycled",Office Supplies,Envelopes,4743,
OFF-EN-10003332,"Jiffy Interoffice Envelope, Recycled",Office Supplies,Envelopes,4744,
OFF-EN-10003352,"Kraft Manila Envelope, with clear poly window",Office Supplies,Envelopes,4745,
OFF-EN-10003360,"Kraft Mailers, with clear poly window",Office Supplies,Envelopes,4746,
OFF-EN-10003361,"GlobeWeis Manila Envelope, Security-Tint",Office Supplies,Envelopes,4747,
OFF-EN-10003373,"GlobeWeis Interoffice Envelope, Recycled",Office Supplies,Envelopes,4748,
OFF-EN-10003381,"Cameo Manila Envelope, Security-Tint",Office Supplies,Envelopes,4749,
OFF-EN-10003391,"Jiffy Manila Envelope, Set of 50",Office Supplies,Envelopes,4750,
OFF-EN-10003392,"Kraft Peel and Seal, Set of 50",Office Supplies,Envelopes,4751,
OFF-EN-10003398,"Jiffy Peel and Seal, Security-Tint",Office Supplies,Envelopes,4752,
OFF-EN-10003413,"Kraft Manila Envelope, Security-Tint",Office Supplies,Envelopes,4753,
OFF-EN-10003413,"Jiffy Interoffice Envelope, with clear poly window",Office Supplies,Envelopes,4754,
OFF-EN-10003416,"Jiffy Peel and Seal, with clear poly window",Office Supplies,Envelopes,4755,
OFF-EN-10003422,"Kraft Peel and Seal, Recycled",Office Supplies,Envelopes,4756,
OFF-EN-10003425,"Cameo Mailers, Recycled",Office Supplies,Envelopes,4757,
OFF-EN-10003431,"Cameo Interoffice Envelope, Security-Tint",Office Supplies,Envelopes,4758,
OFF-EN-10003435,"GlobeWeis Business Envelopes, with clear poly window",Office Supplies,Envelopes,4759,
OFF-EN-10003444,"Jiffy Clasp Envelope, with clear poly window",Office Supplies,Envelopes,4760,
OFF-EN-10003448,"Peel & Seel Recycled Catalog Envelopes, Brown",Office Supplies,Envelopes,4761,
OFF-EN-10003448,"Cameo Clasp Envelope, Set of 50",Office Supplies,Envelopes,4762,
OFF-EN-10003455,"Cameo Manila Envelope, Set of 50",Office Supplies,Envelopes,4763,
OFF-EN-10003463,"Jiffy Peel and Seal, Recycled",Office Supplies,Envelopes,4764,
OFF-EN-10003465,"Cameo Peel and Seal, Security-Tint",Office Supplies,Envelopes,4765,
OFF-EN-10003472,"Cameo Clasp Envelope, Security-Tint",Office Supplies,Envelopes,4766,
OFF-EN-10003484,"Ames Clasp Envelope, Recycled",Office Supplies,Envelopes,4767,
OFF-EN-10003498,"Cameo Interoffice Envelope, Recycled",Office Supplies,Envelopes,4768,
OFF-EN-10003507,"Kraft Business Envelopes, Recycled",Office Supplies,Envelopes,4769,
OFF-EN-10003508,"GlobeWeis Peel and Seal, with clear poly window",Office Supplies,Envelopes,4770,
OFF-EN-10003511,"Jiffy Interoffice Envelope, Security-Tint",Office Supplies,Envelopes,4771,
OFF-EN-10003512,"Jiffy Peel and Seal, Recycled",Office Supplies,Envelopes,4772,
OFF-EN-10003520,"Kraft Mailers, Recycled",Office Supplies,Envelopes,4773,
OFF-EN-10003520,"Cameo Clasp Envelope, Set of 50",Office Supplies,Envelopes,4774,
OFF-EN-10003529,"Ames Peel and Seal, Recycled",Office Supplies,Envelopes,4775,
OFF-EN-10003529,"GlobeWeis Manila Envelope, Recycled",Office Supplies,Envelopes,4776,
OFF-EN-10003533,"Cameo Peel and Seal, Recycled",Office Supplies,Envelopes,4777,
OFF-EN-10003537,"GlobeWeis Manila Envelope, Set of 50",Office Supplies,Envelopes,4778,
OFF-EN-10003540,"Cameo Mailers, Set of 50",Office Supplies,Envelopes,4779,
OFF-EN-10003544,"Ames Peel and Seal, Recycled",Office Supplies,Envelopes,4780,
OFF-EN-10003547,"Jiffy Interoffice Envelope, Set of 50",Office Supplies,Envelopes,4781,
OFF-EN-10003550,"Ames Mailers, Set of 50",Office Supplies,Envelopes,4782,
OFF-EN-10003559,"Jiffy Clasp Envelope, with clear poly window",Office Supplies,Envelopes,4783,
OFF-EN-10003560,"Kraft Clasp Envelope, with clear poly window",Office Supplies,Envelopes,4784,
OFF-EN-10003567,"Inter-Office Recycled Envelopes, Brown Kraft, Button-String,10"" x 13"" , 100/Box",Office Supplies,Envelopes,4785,
OFF-EN-10003577,"GlobeWeis Manila Envelope, with clear poly window",Office Supplies,Envelopes,4786,
OFF-EN-10003601,"GlobeWeis Clasp Envelope, Set of 50",Office Supplies,Envelopes,4787,
OFF-EN-10003604,"Jiffy Clasp Envelope, Set of 50",Office Supplies,Envelopes,4788,
OFF-EN-10003607,"Cameo Business Envelopes, Recycled",Office Supplies,Envelopes,4789,
OFF-EN-10003615,"GlobeWeis Interoffice Envelope, with clear poly window",Office Supplies,Envelopes,4790,
OFF-EN-10003619,"Kraft Manila Envelope, with clear poly window",Office Supplies,Envelopes,4791,
OFF-EN-10003623,"GlobeWeis Interoffice Envelope, Set of 50",Office Supplies,Envelopes,4792,
OFF-EN-10003628,"GlobeWeis Manila Envelope, Set of 50",Office Supplies,Envelopes,4793,
OFF-EN-10003630,"GlobeWeis Business Envelopes, Set of 50",Office Supplies,Envelopes,4794,
OFF-EN-10003632,"Jiffy Mailers, Recycled",Office Supplies,Envelopes,4795,
OFF-EN-10003636,"Jiffy Peel and Seal, Security-Tint",Office Supplies,Envelopes,4796,
OFF-EN-10003661,"Cameo Clasp Envelope, Recycled",Office Supplies,Envelopes,4797,
OFF-EN-10003668,"Ames Business Envelopes, Recycled",Office Supplies,Envelopes,4798,
OFF-EN-10003669,"Jiffy Mailers, Security-Tint",Office Supplies,Envelopes,4799,
OFF-EN-10003673,"GlobeWeis Business Envelopes, Set of 50",Office Supplies,Envelopes,4800,
OFF-EN-10003675,"GlobeWeis Interoffice Envelope, Recycled",Office Supplies,Envelopes,4801,
OFF-EN-10003685,"Jiffy Mailers, with clear poly window",Office Supplies,Envelopes,4802,
OFF-EN-10003689,"Kraft Business Envelopes, Security-Tint",Office Supplies,Envelopes,4803,
OFF-EN-10003715,"Kraft Manila Envelope, Set of 50",Office Supplies,Envelopes,4804,
OFF-EN-10003721,"Jiffy Business Envelopes, Security-Tint",Office Supplies,Envelopes,4805,
OFF-EN-10003728,"Cameo Mailers, with clear poly window",Office Supplies,Envelopes,4806,
OFF-EN-10003729,"Kraft Manila Envelope, Recycled",Office Supplies,Envelopes,4807,
OFF-EN-10003731,"GlobeWeis Mailers, Set of 50",Office Supplies,Envelopes,4808,
OFF-EN-10003733,"Cameo Interoffice Envelope, Security-Tint",Office Supplies,Envelopes,4809,
OFF-EN-10003737,"Kraft Business Envelopes, Set of 50",Office Supplies,Envelopes,4810,
OFF-EN-10003737,"Jiffy Mailers, Security-Tint",Office Supplies,Envelopes,4811,
OFF-EN-10003737,"Cameo Interoffice Envelope, Set of 50",Office Supplies,Envelopes,4812,
OFF-EN-10003748,"Ames Mailers, with clear poly window",Office Supplies,Envelopes,4813,
OFF-EN-10003770,"Kraft Manila Envelope, with clear poly window",Office Supplies,Envelopes,4814,
OFF-EN-10003780,"Jiffy Peel and Seal, Recycled",Office Supplies,Envelopes,4815,
OFF-EN-10003785,"GlobeWeis Mailers, Set of 50",Office Supplies,Envelopes,4816,
OFF-EN-10003798,"Recycled Interoffice Envelopes with Re-Use-A-Seal Closure, 10 x 13",Office Supplies,Envelopes,4817,
OFF-EN-10003817,"Jiffy Business Envelopes, Security-Tint",Office Supplies,Envelopes,4818,
OFF-EN-10003832,"Ames Business Envelopes, Set of 50",Office Supplies,Envelopes,4819,
OFF-EN-10003834,"Cameo Business Envelopes, Recycled",Office Supplies,Envelopes,4820,
OFF-EN-10003838,"Cameo Peel and Seal, with clear poly window",Office Supplies,Envelopes,4821,
OFF-EN-10003838,"Cameo Business Envelopes, Security-Tint",Office Supplies,Envelopes,4822,
OFF-EN-10003845,Colored Envelopes,Office Supplies,Envelopes,4823,
OFF-EN-10003850,"GlobeWeis Clasp Envelope, Security-Tint",Office Supplies,Envelopes,4824,
OFF-EN-10003853,"Cameo Peel and Seal, Recycled",Office Supplies,Envelopes,4825,
OFF-EN-10003854,"Jiffy Clasp Envelope, Security-Tint",Office Supplies,Envelopes,4826,
OFF-EN-10003858,"Jiffy Manila Envelope, Recycled",Office Supplies,Envelopes,4827,
OFF-EN-10003859,"Jiffy Interoffice Envelope, with clear poly window",Office Supplies,Envelopes,4828,
OFF-EN-10003862,Laser & Ink Jet Business Envelopes,Office Supplies,Envelopes,4829,
OFF-EN-10003885,"Ames Interoffice Envelope, Set of 50",Office Supplies,Envelopes,4830,
OFF-EN-10003887,"Cameo Interoffice Envelope, with clear poly window",Office Supplies,Envelopes,4831,
OFF-EN-10003898,"Ames Peel and Seal, Set of 50",Office Supplies,Envelopes,4832,
OFF-EN-10003904,"Jiffy Business Envelopes, Recycled",Office Supplies,Envelopes,4833,
OFF-EN-10003920,"Jiffy Business Envelopes, Set of 50",Office Supplies,Envelopes,4834,
OFF-EN-10003933,"Kraft Manila Envelope, Security-Tint",Office Supplies,Envelopes,4835,
OFF-EN-10003936,"Cameo Peel and Seal, with clear poly window",Office Supplies,Envelopes,4836,
OFF-EN-10003939,"Kraft Interoffice Envelope, Set of 50",Office Supplies,Envelopes,4837,
OFF-EN-10003962,"GlobeWeis Clasp Envelope, Set of 50",Office Supplies,Envelopes,4838,
OFF-EN-10003977,"Cameo Clasp Envelope, Recycled",Office Supplies,Envelopes,4839,
OFF-EN-10003979,"Kraft Clasp Envelope, with clear poly window",Office Supplies,Envelopes,4840,
OFF-EN-10003999,"Cameo Peel and Seal, with clear poly window",Office Supplies,Envelopes,4841,
OFF-EN-10004007,Park Ridge Embossed Executive Business Envelopes,Office Supplies,Envelopes,4842,
OFF-EN-10004012,"GlobeWeis Peel and Seal, Set of 50",Office Supplies,Envelopes,4843,
OFF-EN-10004030,Convenience Packs of Business Envelopes,Office Supplies,Envelopes,4844,
OFF-EN-10004030,"Kraft Mailers, Security-Tint",Office Supplies,Envelopes,4845,
OFF-EN-10004051,"Ames Manila Envelope, Set of 50",Office Supplies,Envelopes,4846,
OFF-EN-10004053,"GlobeWeis Manila Envelope, with clear poly window",Office Supplies,Envelopes,4847,
OFF-EN-10004057,"Jiffy Manila Envelope, Recycled",Office Supplies,Envelopes,4848,
OFF-EN-10004074,"GlobeWeis Clasp Envelope, Recycled",Office Supplies,Envelopes,4849,
OFF-EN-10004100,"Kraft Mailers, Security-Tint",Office Supplies,Envelopes,4850,
OFF-EN-10004120,"Jiffy Peel and Seal, Set of 50",Office Supplies,Envelopes,4851,
OFF-EN-10004144,"Cameo Clasp Envelope, Security-Tint",Office Supplies,Envelopes,4852,
OFF-EN-10004147,Wausau Papers Astrobrights Colored Envelopes,Office Supplies,Envelopes,4853,
OFF-EN-10004150,"GlobeWeis Business Envelopes, Recycled",Office Supplies,Envelopes,4854,
OFF-EN-10004173,"Ames Peel and Seal, Recycled",Office Supplies,Envelopes,4855,
OFF-EN-10004173,"Jiffy Manila Envelope, Set of 50",Office Supplies,Envelopes,4856,
OFF-EN-10004181,"GlobeWeis Business Envelopes, Recycled",Office Supplies,Envelopes,4857,
OFF-EN-10004183,"Jiffy Business Envelopes, Recycled",Office Supplies,Envelopes,4858,
OFF-EN-10004186,"Kraft Interoffice Envelope, with clear poly window",Office Supplies,Envelopes,4859,
OFF-EN-10004186,"Cameo Mailers, Set of 50",Office Supplies,Envelopes,4860,
OFF-EN-10004190,"Cameo Mailers, Security-Tint",Office Supplies,Envelopes,4861,
OFF-EN-10004206,Multimedia Mailers,Office Supplies,Envelopes,4862,
OFF-EN-10004211,"GlobeWeis Business Envelopes, Security-Tint",Office Supplies,Envelopes,4863,
OFF-EN-10004212,"Kraft Manila Envelope, Recycled",Office Supplies,Envelopes,4864,
OFF-EN-10004254,"Ames Interoffice Envelope, Recycled",Office Supplies,Envelopes,4865,
OFF-EN-10004296,"GlobeWeis Mailers, Security-Tint",Office Supplies,Envelopes,4866,
OFF-EN-10004303,"Jiffy Mailers, Recycled",Office Supplies,Envelopes,4867,
OFF-EN-10004305,"Jiffy Manila Envelope, Security-Tint",Office Supplies,Envelopes,4868,
OFF-EN-10004309,"GlobeWeis Business Envelopes, Recycled",Office Supplies,Envelopes,4869,
OFF-EN-10004386,"Recycled Interoffice Envelopes with String and Button Closure, 10 x 13",Office Supplies,Envelopes,4870,
OFF-EN-10004404,"Jiffy Manila Envelope, with clear poly window",Office Supplies,Envelopes,4871,
OFF-EN-10004410,"GlobeWeis Mailers, Security-Tint",Office Supplies,Envelopes,4872,
OFF-EN-10004418,"GlobeWeis Clasp Envelope, Recycled",Office Supplies,Envelopes,4873,
OFF-EN-10004422,"Cameo Peel and Seal, Set of 50",Office Supplies,Envelopes,4874,
OFF-EN-10004424,"GlobeWeis Interoffice Envelope, Set of 50",Office Supplies,Envelopes,4875,
OFF-EN-10004443,"Ames Mailers, Security-Tint",Office Supplies,Envelopes,4876,
OFF-EN-10004453,"Kraft Interoffice Envelope, Security-Tint",Office Supplies,Envelopes,4877,
OFF-EN-10004459,Security-Tint Envelopes,Office Supplies,Envelopes,4878,
OFF-EN-10004462,"Ames Peel and Seal, Security-Tint",Office Supplies,Envelopes,4879,
OFF-EN-10004469,"Jiffy Manila Envelope, Recycled",Office Supplies,Envelopes,4880,
OFF-EN-10004470,"Ames Clasp Envelope, Security-Tint",Office Supplies,Envelopes,4881,
OFF-EN-10004473,"Ames Interoffice Envelope, with clear poly window",Office Supplies,Envelopes,4882,
OFF-EN-10004479,"Ames Clasp Envelope, Security-Tint",Office Supplies,Envelopes,4883,
OFF-EN-10004483,"#10 White Business Envelopes,4 1/8 x 9 1/2",Office Supplies,Envelopes,4884,
OFF-EN-10004486,"GlobeWeis Business Envelopes, Security-Tint",Office Supplies,Envelopes,4885,
OFF-EN-10004491,"Cameo Manila Envelope, Recycled",Office Supplies,Envelopes,4886,
OFF-EN-10004493,"GlobeWeis Manila Envelope, Security-Tint",Office Supplies,Envelopes,4887,
OFF-EN-10004495,"Kraft Peel and Seal, Security-Tint",Office Supplies,Envelopes,4888,
OFF-EN-10004503,"GlobeWeis Peel and Seal, Security-Tint",Office Supplies,Envelopes,4889,
OFF-EN-10004507,"GlobeWeis Mailers, Set of 50",Office Supplies,Envelopes,4890,
OFF-EN-10004518,"GlobeWeis Mailers, Recycled",Office Supplies,Envelopes,4891,
OFF-EN-10004521,"Ames Manila Envelope, Security-Tint",Office Supplies,Envelopes,4892,
OFF-EN-10004525,"GlobeWeis Peel and Seal, Security-Tint",Office Supplies,Envelopes,4893,
OFF-EN-10004526,"GlobeWeis Mailers, Recycled",Office Supplies,Envelopes,4894,
OFF-EN-10004537,"GlobeWeis Clasp Envelope, with clear poly window",Office Supplies,Envelopes,4895,
OFF-EN-10004547,"Ames Business Envelopes, Security-Tint",Office Supplies,Envelopes,4896,
OFF-EN-10004550,"GlobeWeis Interoffice Envelope, Recycled",Office Supplies,Envelopes,4897,
OFF-EN-10004560,"Ames Mailers, Security-Tint",Office Supplies,Envelopes,4898,
OFF-EN-10004560,"Cameo Business Envelopes, Security-Tint",Office Supplies,Envelopes,4899,
OFF-EN-10004564,"Jiffy Mailers, Set of 50",Office Supplies,Envelopes,4900,
OFF-EN-10004568,"Kraft Business Envelopes, Set of 50",Office Supplies,Envelopes,4901,
OFF-EN-10004571,"Ames Peel and Seal, with clear poly window",Office Supplies,Envelopes,4902,
OFF-EN-10004580,"Cameo Interoffice Envelope, with clear poly window",Office Supplies,Envelopes,4903,
OFF-EN-10004590,"Ames Peel and Seal, with clear poly window",Office Supplies,Envelopes,4904,
OFF-EN-10004597,"GlobeWeis Peel and Seal, Set of 50",Office Supplies,Envelopes,4905,
OFF-EN-10004604,"Ames Peel and Seal, Set of 50",Office Supplies,Envelopes,4906,
OFF-EN-10004649,"Cameo Mailers, with clear poly window",Office Supplies,Envelopes,4907,
OFF-EN-10004649,"Ames Mailers, Recycled",Office Supplies,Envelopes,4908,
OFF-EN-10004667,"Kraft Interoffice Envelope, Set of 50",Office Supplies,Envelopes,4909,
OFF-EN-10004677,"Jiffy Manila Envelope, Set of 50",Office Supplies,Envelopes,4910,
OFF-EN-10004684,"GlobeWeis Mailers, with clear poly window",Office Supplies,Envelopes,4911,
OFF-EN-10004742,"Kraft Interoffice Envelope, Recycled",Office Supplies,Envelopes,4912,
OFF-EN-10004744,"GlobeWeis Mailers, with clear poly window",Office Supplies,Envelopes,4913,
OFF-EN-10004755,"Cameo Business Envelopes, Set of 50",Office Supplies,Envelopes,4914,
OFF-EN-10004759,"Cameo Interoffice Envelope, Recycled",Office Supplies,Envelopes,4915,
OFF-EN-10004773,Staples,Office Supplies,Envelopes,4916,
OFF-EN-10004775,"Kraft Manila Envelope, Set of 50",Office Supplies,Envelopes,4917,
OFF-EN-10004784,"Kraft Business Envelopes, Recycled",Office Supplies,Envelopes,4918,
OFF-EN-10004788,"Ames Mailers, Recycled",Office Supplies,Envelopes,4919,
OFF-EN-10004788,"Cameo Manila Envelope, Recycled",Office Supplies,Envelopes,4920,
OFF-EN-10004793,"Ames Interoffice Envelope, Security-Tint",Office Supplies,Envelopes,4921,
OFF-EN-10004801,"Ames Clasp Envelope, Security-Tint",Office Supplies,Envelopes,4922,
OFF-EN-10004820,"Cameo Manila Envelope, Security-Tint",Office Supplies,Envelopes,4923,
OFF-EN-10004840,"Jiffy Clasp Envelope, Security-Tint",Office Supplies,Envelopes,4924,
OFF-EN-10004846,Letter or Legal Size Expandable Poly String Tie Envelopes,Office Supplies,Envelopes,4925,
OFF-EN-10004849,"Cameo Mailers, Security-Tint",Office Supplies,Envelopes,4926,
OFF-EN-10004870,"Jiffy Mailers, Security-Tint",Office Supplies,Envelopes,4927,
OFF-EN-10004885,"Jiffy Interoffice Envelope, Recycled",Office Supplies,Envelopes,4928,
OFF-EN-10004892,"Ames Manila Envelope, with clear poly window",Office Supplies,Envelopes,4929,
OFF-EN-10004895,"Kraft Mailers, Security-Tint",Office Supplies,Envelopes,4930,
OFF-EN-10004899,"Jiffy Mailers, Recycled",Office Supplies,Envelopes,4931,
OFF-EN-10004903,"Cameo Manila Envelope, with clear poly window",Office Supplies,Envelopes,4932,
OFF-EN-10004904,"Cameo Manila Envelope, Set of 50",Office Supplies,Envelopes,4933,
OFF-EN-10004909,"GlobeWeis Peel and Seal, Recycled",Office Supplies,Envelopes,4934,
OFF-EN-10004935,"Cameo Clasp Envelope, with clear poly window",Office Supplies,Envelopes,4935,
OFF-EN-10004938,"Ames Business Envelopes, Set of 50",Office Supplies,Envelopes,4936,
OFF-EN-10004941,"GlobeWeis Manila Envelope, Recycled",Office Supplies,Envelopes,4937,
OFF-EN-10004955,Fashion Color Clasp Envelopes,Office Supplies,Envelopes,4938,
OFF-EN-10004956,"Kraft Manila Envelope, with clear poly window",Office Supplies,Envelopes,4939,
OFF-EN-10004956,"Jiffy Interoffice Envelope, Set of 50",Office Supplies,Envelopes,4940,
OFF-EN-10004958,"Cameo Manila Envelope, Security-Tint",Office Supplies,Envelopes,4941,
OFF-EN-10004970,"GlobeWeis Peel and Seal, Security-Tint",Office Supplies,Envelopes,4942,
OFF-EN-10004977,"Jiffy Manila Envelope, Recycled",Office Supplies,Envelopes,4943,
OFF-EN-10004981,"Ames Interoffice Envelope, with clear poly window",Office Supplies,Envelopes,4944,
OFF-EN-10004988,"Cameo Mailers, Set of 50",Office Supplies,Envelopes,4945,
OFF-EN-10004989,"Cameo Manila Envelope, Set of 50",Office Supplies,Envelopes,4946,
OFF-EN-10004995,"Ames Interoffice Envelope, with clear poly window",Office Supplies,Envelopes,4947,
OFF-GLO-10000014,"GlobeWeis Manila Envelope, with clear poly window",Office Supplies,Envelopes,5483,
OFF-GLO-10000016,"GlobeWeis Interoffice Envelope, Recycled",Office Supplies,Envelopes,5484,
OFF-GLO-10000201,"GlobeWeis Clasp Envelope, Recycled",Office Supplies,Envelopes,5485,
OFF-GLO-10000485,"GlobeWeis Mailers, Security-Tint",Office Supplies,Envelopes,5486,
OFF-GLO-10000491,"GlobeWeis Interoffice Envelope, with clear poly window",Office Supplies,Envelopes,5487,
OFF-GLO-10000617,"GlobeWeis Peel and Seal, Recycled",Office Supplies,Envelopes,5488,
OFF-GLO-10000813,"GlobeWeis Mailers, Recycled",Office Supplies,Envelopes,5489,
OFF-GLO-10001127,"GlobeWeis Business Envelopes, Set of 50",Office Supplies,Envelopes,5490,
OFF-GLO-10001233,"GlobeWeis Clasp Envelope, Set of 50",Office Supplies,Envelopes,5491,
OFF-GLO-10001348,"GlobeWeis Manila Envelope, Security-Tint",Office Supplies,Envelopes,5492,
OFF-GLO-10001567,"GlobeWeis Clasp Envelope, with clear poly window",Office Supplies,Envelopes,5493,
OFF-GLO-10001688,"GlobeWeis Manila Envelope, Recycled",Office Supplies,Envelopes,5494,
OFF-GLO-10002315,"GlobeWeis Interoffice Envelope, Set of 50",Office Supplies,Envelopes,5495,
OFF-GLO-10002982,"GlobeWeis Mailers, Set of 50",Office Supplies,Envelopes,5496,
OFF-GLO-10003429,"GlobeWeis Peel and Seal, Set of 50",Office Supplies,Envelopes,5497,
OFF-GLO-10003463,"GlobeWeis Peel and Seal, Security-Tint",Office Supplies,Envelopes,5498,
OFF-GLO-10003496,"GlobeWeis Manila Envelope, Set of 50",Office Supplies,Envelopes,5499,
OFF-GLO-10003639,"GlobeWeis Interoffice Envelope, Security-Tint",Office Supplies,Envelopes,5500,
OFF-GLO-10003650,"GlobeWeis Mailers, with clear poly window",Office Supplies,Envelopes,5501,
OFF-GLO-10004123,"GlobeWeis Business Envelopes, Security-Tint",Office Supplies,Envelopes,5502,
OFF-GLO-10004160,"GlobeWeis Business Envelopes, with clear poly window",Office Supplies,Envelopes,5503,
OFF-GLO-10004223,"GlobeWeis Clasp Envelope, Security-Tint",Office Supplies,Envelopes,5504,
OFF-GLO-10004430,"GlobeWeis Business Envelopes, Recycled",Office Supplies,Envelopes,5505,
OFF-GLO-10004610,"GlobeWeis Peel and Seal, with clear poly window",Office Supplies,Envelopes,5506,
OFF-JIF-10000165,"Jiffy Business Envelopes, Recycled",Office Supplies,Envelopes,5648,
OFF-JIF-10000375,"Jiffy Mailers, Set of 50",Office Supplies,Envelopes,5649,
OFF-JIF-10000556,"Jiffy Interoffice Envelope, Security-Tint",Office Supplies,Envelopes,5650,
OFF-JIF-10000704,"Jiffy Clasp Envelope, Set of 50",Office Supplies,Envelopes,5651,
OFF-JIF-10000843,"Jiffy Manila Envelope, Set of 50",Office Supplies,Envelopes,5652,
OFF-JIF-10000890,"Jiffy Peel and Seal, Security-Tint",Office Supplies,Envelopes,5653,
OFF-JIF-10000981,"Jiffy Peel and Seal, with clear poly window",Office Supplies,Envelopes,5654,
OFF-JIF-10002184,"Jiffy Business Envelopes, Recycled",Office Supplies,Envelopes,5655,
OFF-JIF-10002228,"Jiffy Interoffice Envelope, with clear poly window",Office Supplies,Envelopes,5656,
OFF-JIF-10002275,"Jiffy Clasp Envelope, with clear poly window",Office Supplies,Envelopes,5657,
OFF-JIF-10002454,"Jiffy Manila Envelope, Recycled",Office Supplies,Envelopes,5658,
OFF-JIF-10002621,"Jiffy Business Envelopes, Security-Tint",Office Supplies,Envelopes,5659,
OFF-JIF-10002836,"Jiffy Interoffice Envelope, Set of 50",Office Supplies,Envelopes,5660,
OFF-JIF-10003115,"Jiffy Interoffice Envelope, Recycled",Office Supplies,Envelopes,5661,
OFF-JIF-10003677,"Jiffy Peel and Seal, Set of 50",Office Supplies,Envelopes,5662,
OFF-JIF-10003842,"Jiffy Clasp Envelope, Security-Tint",Office Supplies,Envelopes,5663,
OFF-JIF-10003890,"Jiffy Peel and Seal, Recycled",Office Supplies,Envelopes,5664,
OFF-JIF-10003976,"Jiffy Mailers, with clear poly window",Office Supplies,Envelopes,5665,
OFF-JIF-10004213,"Jiffy Business Envelopes, Set of 50",Office Supplies,Envelopes,5666,
OFF-JIF-10004450,"Jiffy Mailers, Recycled",Office Supplies,Envelopes,5667,
OFF-JIF-10004616,"Jiffy Manila Envelope, Security-Tint",Office Supplies,Envelopes,5668,
OFF-JIF-10004747,"Jiffy Manila Envelope, with clear poly window",Office Supplies,Envelopes,5669,
OFF-JIF-10004777,"Jiffy Clasp Envelope, Recycled",Office Supplies,Envelopes,5670,
OFF-JIF-10004822,"Jiffy Mailers, Security-Tint",Office Supplies,Envelopes,5671,
OFF-KRA-10000113,"Kraft Peel and Seal, Recycled",Office Supplies,Envelopes,5718,
OFF-KRA-10000117,"Kraft Mailers, Security-Tint",Office Supplies,Envelopes,5719,
OFF-KRA-10000492,"Kraft Manila Envelope, Recycled",Office Supplies,Envelopes,5720,
OFF-KRA-10000534,"Kraft Interoffice Envelope, Security-Tint",Office Supplies,Envelopes,5721,
OFF-KRA-10000695,"Kraft Mailers, Set of 50",Office Supplies,Envelopes,5722,
OFF-KRA-10000916,"Kraft Interoffice Envelope, Recycled",Office Supplies,Envelopes,5723,
OFF-KRA-10001807,"Kraft Manila Envelope, Security-Tint",Office Supplies,Envelopes,5724,
OFF-KRA-10001967,"Kraft Business Envelopes, Set of 50",Office Supplies,Envelopes,5725,
OFF-KRA-10002085,"Kraft Clasp Envelope, with clear poly window",Office Supplies,Envelopes,5726,
OFF-KRA-10002094,"Kraft Clasp Envelope, Security-Tint",Office Supplies,Envelopes,5727,
OFF-KRA-10002126,"Kraft Business Envelopes, Recycled",Office Supplies,Envelopes,5728,
OFF-KRA-10002170,"Kraft Business Envelopes, Security-Tint",Office Supplies,Envelopes,5729,
OFF-KRA-10002406,"Kraft Interoffice Envelope, with clear poly window",Office Supplies,Envelopes,5730,
OFF-KRA-10002441,"Kraft Business Envelopes, Recycled",Office Supplies,Envelopes,5731,
OFF-KRA-10002752,"Kraft Clasp Envelope, Recycled",Office Supplies,Envelopes,5732,
OFF-KRA-10002789,"Kraft Peel and Seal, with clear poly window",Office Supplies,Envelopes,5733,
OFF-KRA-10002828,"Kraft Peel and Seal, Security-Tint",Office Supplies,Envelopes,5734,
OFF-KRA-10003337,"Kraft Mailers, Recycled",Office Supplies,Envelopes,5735,
OFF-KRA-10003816,"Kraft Mailers, with clear poly window",Office Supplies,Envelopes,5736,
OFF-KRA-10004192,"Kraft Manila Envelope, Set of 50",Office Supplies,Envelopes,5737,
OFF-KRA-10004624,"Kraft Peel and Seal, Set of 50",Office Supplies,Envelopes,5738,
OFF-KRA-10004876,"Kraft Interoffice Envelope, Set of 50",Office Supplies,Envelopes,5739,
OFF-KRA-10004892,"Kraft Clasp Envelope, Set of 50",Office Supplies,Envelopes,5740,
OFF-AVE-10000065,"Avery Removable Labels, Alphabetical",Office Supplies,Labels,3508,
OFF-AVE-10000110,"Avery Round Labels, Laser Printer Compatible",Office Supplies,Labels,3509,
OFF-AVE-10000418,"Avery Color Coded Labels, 5000 Label Set",Office Supplies,Labels,3511,
OFF-AVE-10000585,"Avery Legal Exhibit Labels, Adjustable",Office Supplies,Labels,3514,
OFF-AVE-10000802,"Avery Removable Labels, Adjustable",Office Supplies,Labels,3516,
OFF-AVE-10000894,"Avery Color Coded Labels, Adjustable",Office Supplies,Labels,3517,
OFF-AVE-10000909,"Avery Shipping Labels, Laser Printer Compatible",Office Supplies,Labels,3518,
OFF-AVE-10001079,"Avery File Folder Labels, Laser Printer Compatible",Office Supplies,Labels,3519,
OFF-AVE-10001367,"Avery Legal Exhibit Labels, Alphabetical",Office Supplies,Labels,3520,
OFF-AVE-10001473,"Avery Legal Exhibit Labels, Laser Printer Compatible",Office Supplies,Labels,3521,
OFF-AVE-10002014,"Avery Shipping Labels, Adjustable",Office Supplies,Labels,3524,
OFF-AVE-10002102,"Avery File Folder Labels, Adjustable",Office Supplies,Labels,3528,
OFF-AVE-10003504,"Avery Legal Exhibit Labels, 5000 Label Set",Office Supplies,Labels,3533,
OFF-AVE-10003558,"Avery Round Labels, Alphabetical",Office Supplies,Labels,3535,
OFF-AVE-10004148,"Avery Color Coded Labels, Laser Printer Compatible",Office Supplies,Labels,3537,
OFF-AVE-10004159,"Avery File Folder Labels, 5000 Label Set",Office Supplies,Labels,3538,
OFF-AVE-10004310,"Avery File Folder Labels, Alphabetical",Office Supplies,Labels,3541,
OFF-AVE-10004404,"Avery Shipping Labels, Alphabetical",Office Supplies,Labels,3543,
OFF-AVE-10004412,"Avery Color Coded Labels, Alphabetical",Office Supplies,Labels,3544,
OFF-AVE-10004508,"Avery Round Labels, Adjustable",Office Supplies,Labels,3545,
OFF-AVE-10004536,"Avery Shipping Labels, 5000 Label Set",Office Supplies,Labels,3547,
OFF-AVE-10004732,"Avery Round Labels, 5000 Label Set",Office Supplies,Labels,3551,
OFF-AVE-10004828,"Avery Removable Labels, Laser Printer Compatible",Office Supplies,Labels,3553,
OFF-HAR-10000187,"Harbour Creations Color Coded Labels, Alphabetical",Office Supplies,Labels,5553,
OFF-HAR-10000242,"Harbour Creations Round Labels, Laser Printer Compatible",Office Supplies,Labels,5554,
OFF-HAR-10000414,"Harbour Creations Round Labels, Adjustable",Office Supplies,Labels,5555,
OFF-HAR-10000495,"Harbour Creations Shipping Labels, Adjustable",Office Supplies,Labels,5556,
OFF-HAR-10000501,"Harbour Creations File Folder Labels, Laser Printer Compatible",Office Supplies,Labels,5557,
OFF-HAR-10000681,"Harbour Creations Legal Exhibit Labels, 5000 Label Set",Office Supplies,Labels,5558,
OFF-HAR-10001262,"Harbour Creations Removable Labels, Adjustable",Office Supplies,Labels,5559,
OFF-HAR-10001310,"Harbour Creations File Folder Labels, 5000 Label Set",Office Supplies,Labels,5560,
OFF-HAR-10001531,"Harbour Creations Removable Labels, Adjustable",Office Supplies,Labels,5561,
OFF-HAR-10001714,"Harbour Creations Legal Exhibit Labels, Adjustable",Office Supplies,Labels,5562,
OFF-HAR-10001855,"Harbour Creations Round Labels, Alphabetical",Office Supplies,Labels,5563,
OFF-HAR-10001913,"Harbour Creations Legal Exhibit Labels, Laser Printer Compatible",Office Supplies,Labels,5564,
OFF-HAR-10001948,"Harbour Creations File Folder Labels, Adjustable",Office Supplies,Labels,5565,
OFF-HAR-10002083,"Harbour Creations Round Labels, 5000 Label Set",Office Supplies,Labels,5566,
OFF-HAR-10002479,"Harbour Creations Color Coded Labels, 5000 Label Set",Office Supplies,Labels,5567,
OFF-HAR-10002914,"Harbour Creations Shipping Labels, Laser Printer Compatible",Office Supplies,Labels,5568,
OFF-HAR-10003043,"Harbour Creations Shipping Labels, 5000 Label Set",Office Supplies,Labels,5569,
OFF-HAR-10003514,"Harbour Creations Removable Labels, Laser Printer Compatible",Office Supplies,Labels,5570,
OFF-HAR-10003580,"Harbour Creations Legal Exhibit Labels, Alphabetical",Office Supplies,Labels,5571,
OFF-HAR-10003659,"Harbour Creations Color Coded Labels, Adjustable",Office Supplies,Labels,5572,
OFF-HAR-10004011,"Harbour Creations File Folder Labels, Alphabetical",Office Supplies,Labels,5573,
OFF-HAR-10004099,"Harbour Creations Removable Labels, 5000 Label Set",Office Supplies,Labels,5574,
OFF-HAR-10004816,"Harbour Creations Shipping Labels, Alphabetical",Office Supplies,Labels,5575,
OFF-HAR-10004896,"Harbour Creations Color Coded Labels, Laser Printer Compatible",Office Supplies,Labels,5576,
OFF-HON-10000137,"Hon Round Labels, Laser Printer Compatible",Office Supplies,Labels,5577,
OFF-HON-10000172,"Hon File Folder Labels, Alphabetical",Office Supplies,Labels,5578,
OFF-HON-10000278,"Hon Shipping Labels, Laser Printer Compatible",Office Supplies,Labels,5579,
OFF-HON-10000934,"Hon Legal Exhibit Labels, Laser Printer Compatible",Office Supplies,Labels,5580,
OFF-HON-10000966,"Hon Round Labels, Alphabetical",Office Supplies,Labels,5581,
OFF-HON-10001102,"Hon Legal Exhibit Labels, Adjustable",Office Supplies,Labels,5582,
OFF-HON-10001132,"Hon Round Labels, Adjustable",Office Supplies,Labels,5583,
OFF-HON-10001204,"Hon Color Coded Labels, Alphabetical",Office Supplies,Labels,5584,
OFF-HON-10001508,"Hon Removable Labels, 5000 Label Set",Office Supplies,Labels,5585,
OFF-HON-10001706,"Hon Legal Exhibit Labels, Alphabetical",Office Supplies,Labels,5586,
OFF-HON-10001723,"Hon Color Coded Labels, 5000 Label Set",Office Supplies,Labels,5587,
OFF-HON-10001783,"Hon Shipping Labels, 5000 Label Set",Office Supplies,Labels,5588,
OFF-HON-10002389,"Hon Legal Exhibit Labels, 5000 Label Set",Office Supplies,Labels,5589,
OFF-HON-10002456,"Hon Color Coded Labels, Laser Printer Compatible",Office Supplies,Labels,5590,
OFF-HON-10002610,"Hon Removable Labels, Adjustable",Office Supplies,Labels,5591,
OFF-HON-10003010,"Hon Round Labels, 5000 Label Set",Office Supplies,Labels,5592,
OFF-HON-10003230,"Hon Removable Labels, Adjustable",Office Supplies,Labels,5593,
OFF-HON-10003538,"Hon File Folder Labels, 5000 Label Set",Office Supplies,Labels,5594,
OFF-HON-10003921,"Hon Removable Labels, Laser Printer Compatible",Office Supplies,Labels,5595,
OFF-HON-10004014,"Hon Shipping Labels, Adjustable",Office Supplies,Labels,5596,
OFF-HON-10004621,"Hon Color Coded Labels, Adjustable",Office Supplies,Labels,5597,
OFF-HON-10004698,"Hon File Folder Labels, Laser Printer Compatible",Office Supplies,Labels,5598,
OFF-HON-10004800,"Hon Shipping Labels, Alphabetical",Office Supplies,Labels,5599,
OFF-HON-10004825,"Hon File Folder Labels, Adjustable",Office Supplies,Labels,5600,
OFF-LA-10000039,"Smead Legal Exhibit Labels, Adjustable",Office Supplies,Labels,5741,
OFF-LA-10000073,"Novimex Legal Exhibit Labels, 5000 Label Set",Office Supplies,Labels,5742,
OFF-LA-10000081,Avery 496,Office Supplies,Labels,5743,
OFF-LA-10000095,"Avery Round Labels, Laser Printer Compatible",Office Supplies,Labels,5744,
OFF-LA-10000108,"Harbour Creations Color Coded Labels, Laser Printer Compatible",Office Supplies,Labels,5745,
OFF-LA-10000114,"Novimex Removable Labels, 5000 Label Set",Office Supplies,Labels,5746,
OFF-LA-10000116,"Harbour Creations File Folder Labels, Adjustable",Office Supplies,Labels,5747,
OFF-LA-10000121,Avery 48,Office Supplies,Labels,5748,
OFF-LA-10000134,"Harbour Creations Removable Labels, 5000 Label Set",Office Supplies,Labels,5749,
OFF-LA-10000134,Avery 511,Office Supplies,Labels,5750,
OFF-LA-10000151,"Novimex Round Labels, Laser Printer Compatible",Office Supplies,Labels,5751,
OFF-LA-10000155,"Novimex Round Labels, Alphabetical",Office Supplies,Labels,5752,
OFF-LA-10000157,"Novimex Shipping Labels, Laser Printer Compatible",Office Supplies,Labels,5753,
OFF-LA-10000190,"Harbour Creations Round Labels, 5000 Label Set",Office Supplies,Labels,5754,
OFF-LA-10000195,"Novimex File Folder Labels, Laser Printer Compatible",Office Supplies,Labels,5755,
OFF-LA-10000203,"Hon Round Labels, Laser Printer Compatible",Office Supplies,Labels,5756,
OFF-LA-10000216,"Novimex Round Labels, Alphabetical",Office Supplies,Labels,5757,
OFF-LA-10000219,"Harbour Creations File Folder Labels, Adjustable",Office Supplies,Labels,5758,
OFF-LA-10000220,"Hon Removable Labels, Laser Printer Compatible",Office Supplies,Labels,5759,
OFF-LA-10000236,"Avery Color Coded Labels, Laser Printer Compatible",Office Supplies,Labels,5760,
OFF-LA-10000240,Self-Adhesive Address Labels for Typewriters by Universal,Office Supplies,Labels,5761,
OFF-LA-10000244,"Hon Legal Exhibit Labels, Alphabetical",Office Supplies,Labels,5762,
OFF-LA-10000248,Avery 52,Office Supplies,Labels,5763,
OFF-LA-10000262,Avery 494,Office Supplies,Labels,5764,
OFF-LA-10000271,"Harbour Creations Shipping Labels, Alphabetical",Office Supplies,Labels,5765,
OFF-LA-10000276,"Smead File Folder Labels, 5000 Label Set",Office Supplies,Labels,5766,
OFF-LA-10000296,"Hon Color Coded Labels, Adjustable",Office Supplies,Labels,5767,
OFF-LA-10000305,Avery 495,Office Supplies,Labels,5768,
OFF-LA-10000321,"Novimex Color Coded Labels, Adjustable",Office Supplies,Labels,5769,
OFF-LA-10000322,"Smead Round Labels, Laser Printer Compatible",Office Supplies,Labels,5770,
OFF-LA-10000334,"Hon Shipping Labels, Alphabetical",Office Supplies,Labels,5771,
OFF-LA-10000341,"Smead Shipping Labels, 5000 Label Set",Office Supplies,Labels,5772,
OFF-LA-10000345,"Avery File Folder Labels, Laser Printer Compatible",Office Supplies,Labels,5773,
OFF-LA-10000356,"Novimex Round Labels, 5000 Label Set",Office Supplies,Labels,5774,
OFF-LA-10000370,"Hon Color Coded Labels, Laser Printer Compatible",Office Supplies,Labels,5775,
OFF-LA-10000379,"Harbour Creations Legal Exhibit Labels, 5000 Label Set",Office Supplies,Labels,5776,
OFF-LA-10000404,"Smead Shipping Labels, Laser Printer Compatible",Office Supplies,Labels,5777,
OFF-LA-10000407,Avery White Multi-Purpose Labels,Office Supplies,Labels,5778,
OFF-LA-10000413,"Hon Legal Exhibit Labels, Alphabetical",Office Supplies,Labels,5779,
OFF-LA-10000414,Avery 503,Office Supplies,Labels,5780,
OFF-LA-10000425,"Avery Shipping Labels, Alphabetical",Office Supplies,Labels,5781,
OFF-LA-10000425,"Smead Legal Exhibit Labels, Alphabetical",Office Supplies,Labels,5782,
OFF-LA-10000436,"Novimex File Folder Labels, 5000 Label Set",Office Supplies,Labels,5783,
OFF-LA-10000438,"Novimex Legal Exhibit Labels, 5000 Label Set",Office Supplies,Labels,5784,
OFF-LA-10000443,Avery 501,Office Supplies,Labels,5785,
OFF-LA-10000448,"Hon File Folder Labels, Alphabetical",Office Supplies,Labels,5786,
OFF-LA-10000452,Avery 488,Office Supplies,Labels,5787,
OFF-LA-10000471,"Smead Shipping Labels, 5000 Label Set",Office Supplies,Labels,5788,
OFF-LA-10000473,"Harbour Creations File Folder Labels, Alphabetical",Office Supplies,Labels,5789,
OFF-LA-10000476,"Avery 05222 Permanent Self-Adhesive File Folder Labels for Typewriters, on Rolls, White, 250/Roll",Office Supplies,Labels,5790,
OFF-LA-10000477,"Smead Round Labels, Alphabetical",Office Supplies,Labels,5791,
OFF-LA-10000483,"Harbour Creations Shipping Labels, Alphabetical",Office Supplies,Labels,5792,
OFF-LA-10000495,"Hon Round Labels, Laser Printer Compatible",Office Supplies,Labels,5793,
OFF-LA-10000506,"Harbour Creations Legal Exhibit Labels, Laser Printer Compatible",Office Supplies,Labels,5794,
OFF-LA-10000508,"Harbour Creations Round Labels, 5000 Label Set",Office Supplies,Labels,5795,
OFF-LA-10000519,"Novimex File Folder Labels, Laser Printer Compatible",Office Supplies,Labels,5796,
OFF-LA-10000536,"Smead Color Coded Labels, Laser Printer Compatible",Office Supplies,Labels,5797,
OFF-LA-10000540,"Harbour Creations Round Labels, Adjustable",Office Supplies,Labels,5798,
OFF-LA-10000553,"Hon Round Labels, Laser Printer Compatible",Office Supplies,Labels,5799,
OFF-LA-10000560,"Smead File Folder Labels, Alphabetical",Office Supplies,Labels,5800,
OFF-LA-10000590,"Smead Color Coded Labels, 5000 Label Set",Office Supplies,Labels,5801,
OFF-LA-10000598,"Novimex File Folder Labels, Alphabetical",Office Supplies,Labels,5802,
OFF-LA-10000604,"Harbour Creations Color Coded Labels, Laser Printer Compatible",Office Supplies,Labels,5803,
OFF-LA-10000615,"Hon Removable Labels, Adjustable",Office Supplies,Labels,5804,
OFF-LA-10000624,"Hon File Folder Labels, 5000 Label Set",Office Supplies,Labels,5805,
OFF-LA-10000633,"Novimex File Folder Labels, Laser Printer Compatible",Office Supplies,Labels,5806,
OFF-LA-10000634,Avery 509,Office Supplies,Labels,5807,
OFF-LA-10000635,"Harbour Creations Shipping Labels, 5000 Label Set",Office Supplies,Labels,5808,
OFF-LA-10000648,"Harbour Creations Round Labels, Alphabetical",Office Supplies,Labels,5809,
OFF-LA-10000658,"Avery Shipping Labels, 5000 Label Set",Office Supplies,Labels,5810,
OFF-LA-10000668,"Smead Removable Labels, Adjustable",Office Supplies,Labels,5811,
OFF-LA-10000685,"Avery Shipping Labels, Laser Printer Compatible",Office Supplies,Labels,5812,
OFF-LA-10000688,"Harbour Creations Shipping Labels, Laser Printer Compatible",Office Supplies,Labels,5813,
OFF-LA-10000692,"Avery Legal Exhibit Labels, Adjustable",Office Supplies,Labels,5814,
OFF-LA-10000700,"Avery Legal Exhibit Labels, Laser Printer Compatible",Office Supplies,Labels,5815,
OFF-LA-10000707,"Avery Removable Labels, Adjustable",Office Supplies,Labels,5816,
OFF-LA-10000707,"Avery Legal Exhibit Labels, Adjustable",Office Supplies,Labels,5817,
OFF-LA-10000709,"Avery Color Coded Labels, Alphabetical",Office Supplies,Labels,5818,
OFF-LA-10000713,"Novimex Removable Labels, Adjustable",Office Supplies,Labels,5819,
OFF-LA-10000714,"Novimex Round Labels, 5000 Label Set",Office Supplies,Labels,5820,
OFF-LA-10000732,"Novimex Round Labels, 5000 Label Set",Office Supplies,Labels,5821,
OFF-LA-10000738,"Avery File Folder Labels, Adjustable",Office Supplies,Labels,5822,
OFF-LA-10000757,"Harbour Creations Removable Labels, 5000 Label Set",Office Supplies,Labels,5823,
OFF-LA-10000760,"Smead Shipping Labels, Laser Printer Compatible",Office Supplies,Labels,5824,
OFF-LA-10000760,"Harbour Creations Removable Labels, Laser Printer Compatible",Office Supplies,Labels,5825,
OFF-LA-10000765,"Smead Legal Exhibit Labels, 5000 Label Set",Office Supplies,Labels,5826,
OFF-LA-10000767,"Hon Legal Exhibit Labels, Laser Printer Compatible",Office Supplies,Labels,5827,
OFF-LA-10000779,"Hon Removable Labels, Laser Printer Compatible",Office Supplies,Labels,5828,
OFF-LA-10000784,"Harbour Creations File Folder Labels, 5000 Label Set",Office Supplies,Labels,5829,
OFF-LA-10000793,"Harbour Creations Removable Labels, Laser Printer Compatible",Office Supplies,Labels,5830,
OFF-LA-10000818,"Hon Round Labels, Alphabetical",Office Supplies,Labels,5831,
OFF-LA-10000845,"Novimex Round Labels, Adjustable",Office Supplies,Labels,5832,
OFF-LA-10000861,"Avery Color Coded Labels, Alphabetical",Office Supplies,Labels,5833,
OFF-LA-10000869,"Harbour Creations Removable Labels, Adjustable",Office Supplies,Labels,5834,
OFF-LA-10000879,"Hon File Folder Labels, Alphabetical",Office Supplies,Labels,5835,
OFF-LA-10000880,"Novimex Removable Labels, 5000 Label Set",Office Supplies,Labels,5836,
OFF-LA-10000897,"Avery Round Labels, Laser Printer Compatible",Office Supplies,Labels,5837,
OFF-LA-10000901,"Smead File Folder Labels, 5000 Label Set",Office Supplies,Labels,5838,
OFF-LA-10000927,"Hon Shipping Labels, Adjustable",Office Supplies,Labels,5839,
OFF-LA-10000934,"Hon Legal Exhibit Labels, 5000 Label Set",Office Supplies,Labels,5840,
OFF-LA-10000950,"Avery Color Coded Labels, 5000 Label Set",Office Supplies,Labels,5841,
OFF-LA-10000959,"Harbour Creations Round Labels, Alphabetical",Office Supplies,Labels,5842,
OFF-LA-10000970,"Harbour Creations Removable Labels, 5000 Label Set",Office Supplies,Labels,5843,
OFF-LA-10000973,Avery 502,Office Supplies,Labels,5844,
OFF-LA-10000984,"Hon Round Labels, Alphabetical",Office Supplies,Labels,5845,
OFF-LA-10000989,"Smead Round Labels, Adjustable",Office Supplies,Labels,5846,
OFF-LA-10000990,"Harbour Creations Legal Exhibit Labels, Alphabetical",Office Supplies,Labels,5847,
OFF-LA-10001019,"Avery Color Coded Labels, Laser Printer Compatible",Office Supplies,Labels,5848,
OFF-LA-10001019,"Hon Legal Exhibit Labels, Laser Printer Compatible",Office Supplies,Labels,5849,
OFF-LA-10001026,"Harbour Creations File Folder Labels, 5000 Label Set",Office Supplies,Labels,5850,
OFF-LA-10001028,"Hon Removable Labels, Adjustable",Office Supplies,Labels,5851,
OFF-LA-10001038,"Smead Legal Exhibit Labels, Laser Printer Compatible",Office Supplies,Labels,5852,
OFF-LA-10001045,Permanent Self-Adhesive File Folder Labels for Typewriters by Universal,Office Supplies,Labels,5853,
OFF-LA-10001063,"Novimex Removable Labels, 5000 Label Set",Office Supplies,Labels,5854,
OFF-LA-10001065,"Avery Round Labels, Alphabetical",Office Supplies,Labels,5855,
OFF-LA-10001067,"Smead Legal Exhibit Labels, Laser Printer Compatible",Office Supplies,Labels,5856,
OFF-LA-10001074,Round Specialty Laser Printer Labels,Office Supplies,Labels,5857,
OFF-LA-10001075,"Hon Removable Labels, Laser Printer Compatible",Office Supplies,Labels,5858,
OFF-LA-10001092,"Harbour Creations Removable Labels, Adjustable",Office Supplies,Labels,5859,
OFF-LA-10001154,"Hon Shipping Labels, Adjustable",Office Supplies,Labels,5860,
OFF-LA-10001158,"Avery Address/Shipping Labels for Typewriters, 4"" x 2""",Office Supplies,Labels,5861,
OFF-LA-10001169,"Harbour Creations Round Labels, Laser Printer Compatible",Office Supplies,Labels,5862,
OFF-LA-10001170,"Harbour Creations Color Coded Labels, 5000 Label Set",Office Supplies,Labels,5863,
OFF-LA-10001175,Avery 514,Office Supplies,Labels,5864,
OFF-LA-10001184,"Novimex Legal Exhibit Labels, 5000 Label Set",Office Supplies,Labels,5865,
OFF-LA-10001185,"Harbour Creations Round Labels, 5000 Label Set",Office Supplies,Labels,5866,
OFF-LA-10001187,"Smead Color Coded Labels, Alphabetical",Office Supplies,Labels,5867,
OFF-LA-10001188,"Novimex Shipping Labels, Adjustable",Office Supplies,Labels,5868,
OFF-LA-10001191,"Harbour Creations File Folder Labels, Alphabetical",Office Supplies,Labels,5869,
OFF-LA-10001194,"Novimex Removable Labels, Adjustable",Office Supplies,Labels,5870,
OFF-LA-10001202,"Avery Legal Exhibit Labels, 5000 Label Set",Office Supplies,Labels,5871,
OFF-LA-10001215,"Harbour Creations File Folder Labels, Laser Printer Compatible",Office Supplies,Labels,5872,
OFF-LA-10001228,"Hon File Folder Labels, Alphabetical",Office Supplies,Labels,5873,
OFF-LA-10001229,"Hon Removable Labels, Adjustable",Office Supplies,Labels,5874,
OFF-LA-10001230,"Smead Removable Labels, Adjustable",Office Supplies,Labels,5875,
OFF-LA-10001246,"Avery Removable Labels, Alphabetical",Office Supplies,Labels,5876,
OFF-LA-10001256,"Novimex Round Labels, Alphabetical",Office Supplies,Labels,5877,
OFF-LA-10001265,"Hon File Folder Labels, Alphabetical",Office Supplies,Labels,5878,
OFF-LA-10001284,"Smead Round Labels, 5000 Label Set",Office Supplies,Labels,5879,
OFF-LA-10001287,"Harbour Creations Removable Labels, Adjustable",Office Supplies,Labels,5880,
OFF-LA-10001292,"Smead File Folder Labels, Adjustable",Office Supplies,Labels,5881,
OFF-LA-10001294,"Avery Shipping Labels, Adjustable",Office Supplies,Labels,5882,
OFF-LA-10001297,Avery 473,Office Supplies,Labels,5883,
OFF-LA-10001299,"Avery File Folder Labels, Adjustable",Office Supplies,Labels,5884,
OFF-LA-10001312,"Hon File Folder Labels, Laser Printer Compatible",Office Supplies,Labels,5885,
OFF-LA-10001317,Avery 520,Office Supplies,Labels,5886,
OFF-LA-10001375,"Smead Removable Labels, 5000 Label Set",Office Supplies,Labels,5887,
OFF-LA-10001383,"Smead Shipping Labels, Adjustable",Office Supplies,Labels,5888,
OFF-LA-10001402,"Smead Color Coded Labels, 5000 Label Set",Office Supplies,Labels,5889,
OFF-LA-10001404,Avery 517,Office Supplies,Labels,5890,
OFF-LA-10001413,"Hon Shipping Labels, Laser Printer Compatible",Office Supplies,Labels,5891,
OFF-LA-10001417,"Hon File Folder Labels, Alphabetical",Office Supplies,Labels,5892,
OFF-LA-10001444,"Avery Round Labels, Alphabetical",Office Supplies,Labels,5893,
OFF-LA-10001469,"Smead File Folder Labels, Laser Printer Compatible",Office Supplies,Labels,5894,
OFF-LA-10001471,"Harbour Creations File Folder Labels, Alphabetical",Office Supplies,Labels,5895,
OFF-LA-10001474,Avery 477,Office Supplies,Labels,5896,
OFF-LA-10001484,"Harbour Creations Legal Exhibit Labels, Adjustable",Office Supplies,Labels,5897,
OFF-LA-10001497,"Smead Round Labels, Adjustable",Office Supplies,Labels,5898,
OFF-LA-10001538,"Hon File Folder Labels, 5000 Label Set",Office Supplies,Labels,5899,
OFF-LA-10001541,"Avery Removable Labels, 5000 Label Set",Office Supplies,Labels,5900,
OFF-LA-10001546,"Avery Shipping Labels, Adjustable",Office Supplies,Labels,5901,
OFF-LA-10001548,"Avery Shipping Labels, Adjustable",Office Supplies,Labels,5902,
OFF-LA-10001549,"Harbour Creations Removable Labels, Adjustable",Office Supplies,Labels,5903,
OFF-LA-10001569,Avery 499,Office Supplies,Labels,5904,
OFF-LA-10001582,"Smead Round Labels, 5000 Label Set",Office Supplies,Labels,5905,
OFF-LA-10001607,"Novimex Shipping Labels, Alphabetical",Office Supplies,Labels,5906,
OFF-LA-10001613,Avery File Folder Labels,Office Supplies,Labels,5907,
OFF-LA-10001618,"Hon Legal Exhibit Labels, Adjustable",Office Supplies,Labels,5908,
OFF-LA-10001633,"Novimex File Folder Labels, 5000 Label Set",Office Supplies,Labels,5909,
OFF-LA-10001634,"Harbour Creations Color Coded Labels, Laser Printer Compatible",Office Supplies,Labels,5910,
OFF-LA-10001641,Avery 518,Office Supplies,Labels,5911,
OFF-LA-10001658,"Avery Round Labels, 5000 Label Set",Office Supplies,Labels,5912,
OFF-LA-10001669,"Smead Color Coded Labels, Adjustable",Office Supplies,Labels,5913,
OFF-LA-10001672,"Avery Legal Exhibit Labels, Alphabetical",Office Supplies,Labels,5914,
OFF-LA-10001676,"Hon Removable Labels, Adjustable",Office Supplies,Labels,5915,
OFF-LA-10001677,"Avery Color Coded Labels, Adjustable",Office Supplies,Labels,5916,
OFF-LA-10001701,"Novimex File Folder Labels, Adjustable",Office Supplies,Labels,5917,
OFF-LA-10001719,"Avery Color Coded Labels, 5000 Label Set",Office Supplies,Labels,5918,
OFF-LA-10001731,"Avery Removable Labels, Alphabetical",Office Supplies,Labels,5919,
OFF-LA-10001738,"Novimex Color Coded Labels, Alphabetical",Office Supplies,Labels,5920,
OFF-LA-10001764,"Avery Round Labels, Adjustable",Office Supplies,Labels,5921,
OFF-LA-10001771,Avery 513,Office Supplies,Labels,5922,
OFF-LA-10001778,"Smead Color Coded Labels, 5000 Label Set",Office Supplies,Labels,5923,
OFF-LA-10001793,"Avery Round Labels, Alphabetical",Office Supplies,Labels,5924,
OFF-LA-10001800,"Hon Shipping Labels, Laser Printer Compatible",Office Supplies,Labels,5925,
OFF-LA-10001803,"Avery Legal Exhibit Labels, Adjustable",Office Supplies,Labels,5926,
OFF-LA-10001830,"Hon Round Labels, Laser Printer Compatible",Office Supplies,Labels,5927,
OFF-LA-10001831,"Harbour Creations Shipping Labels, Adjustable",Office Supplies,Labels,5928,
OFF-LA-10001833,"Hon Shipping Labels, Alphabetical",Office Supplies,Labels,5929,
OFF-LA-10001839,"Smead Shipping Labels, Laser Printer Compatible",Office Supplies,Labels,5930,
OFF-LA-10001865,"Avery Round Labels, 5000 Label Set",Office Supplies,Labels,5931,
OFF-LA-10001867,"Avery Shipping Labels, Alphabetical",Office Supplies,Labels,5932,
OFF-LA-10001873,"Harbour Creations Color Coded Labels, Adjustable",Office Supplies,Labels,5933,
OFF-LA-10001915,"Avery Legal Exhibit Labels, 5000 Label Set",Office Supplies,Labels,5934,
OFF-LA-10001924,"Hon Round Labels, Adjustable",Office Supplies,Labels,5935,
OFF-LA-10001930,"Hon Removable Labels, Adjustable",Office Supplies,Labels,5936,
OFF-LA-10001934,Avery 516,Office Supplies,Labels,5937,
OFF-LA-10001942,"Novimex Shipping Labels, 5000 Label Set",Office Supplies,Labels,5938,
OFF-LA-10001982,Smead Alpha-Z Color-Coded Name Labels First Letter Starter Set,Office Supplies,Labels,5939,
OFF-LA-10002015,"Hon Round Labels, Alphabetical",Office Supplies,Labels,5940,
OFF-LA-10002020,"Novimex Color Coded Labels, 5000 Label Set",Office Supplies,Labels,5941,
OFF-LA-10002029,"Hon Round Labels, 5000 Label Set",Office Supplies,Labels,5942,
OFF-LA-10002034,Avery 478,Office Supplies,Labels,5943,
OFF-LA-10002037,"Avery Shipping Labels, 5000 Label Set",Office Supplies,Labels,5944,
OFF-LA-10002043,Avery 489,Office Supplies,Labels,5945,
OFF-LA-10002063,"Hon Round Labels, 5000 Label Set",Office Supplies,Labels,5946,
OFF-LA-10002068,"Smead Removable Labels, Adjustable",Office Supplies,Labels,5947,
OFF-LA-10002086,"Hon Shipping Labels, 5000 Label Set",Office Supplies,Labels,5948,
OFF-LA-10002088,"Novimex Round Labels, Laser Printer Compatible",Office Supplies,Labels,5949,
OFF-LA-10002107,"Harbour Creations Removable Labels, Laser Printer Compatible",Office Supplies,Labels,5950,
OFF-LA-10002107,"Novimex Legal Exhibit Labels, 5000 Label Set",Office Supplies,Labels,5951,
OFF-LA-10002123,"Smead Legal Exhibit Labels, Alphabetical",Office Supplies,Labels,5952,
OFF-LA-10002139,"Novimex Color Coded Labels, Alphabetical",Office Supplies,Labels,5953,
OFF-LA-10002159,"Hon Removable Labels, Adjustable",Office Supplies,Labels,5954,
OFF-LA-10002180,"Hon Color Coded Labels, 5000 Label Set",Office Supplies,Labels,5955,
OFF-LA-10002183,"Novimex Legal Exhibit Labels, Alphabetical",Office Supplies,Labels,5956,
OFF-LA-10002195,Avery 481,Office Supplies,Labels,5957,
OFF-LA-10002199,"Harbour Creations Removable Labels, Adjustable",Office Supplies,Labels,5958,
OFF-LA-10002225,"Hon Shipping Labels, 5000 Label Set",Office Supplies,Labels,5959,
OFF-LA-10002258,"Smead File Folder Labels, Adjustable",Office Supplies,Labels,5960,
OFF-LA-10002271,Smead Alpha-Z Color-Coded Second Alphabetical Labels and Starter Set,Office Supplies,Labels,5961,
OFF-LA-10002272,"Smead File Folder Labels, Alphabetical",Office Supplies,Labels,5962,
OFF-LA-10002289,"Hon Shipping Labels, Adjustable",Office Supplies,Labels,5963,
OFF-LA-10002295,"Novimex Shipping Labels, Alphabetical",Office Supplies,Labels,5964,
OFF-LA-10002312,Avery 490,Office Supplies,Labels,5965,
OFF-LA-10002319,"Smead Legal Exhibit Labels, Laser Printer Compatible",Office Supplies,Labels,5966,
OFF-LA-10002323,"Harbour Creations Shipping Labels, 5000 Label Set",Office Supplies,Labels,5967,
OFF-LA-10002324,"Smead Removable Labels, Adjustable",Office Supplies,Labels,5968,
OFF-LA-10002325,"Smead Removable Labels, Adjustable",Office Supplies,Labels,5969,
OFF-LA-10002334,"Smead Shipping Labels, Alphabetical",Office Supplies,Labels,5970,
OFF-LA-10002334,"Novimex Removable Labels, Adjustable",Office Supplies,Labels,5971,
OFF-LA-10002337,"Smead Shipping Labels, 5000 Label Set",Office Supplies,Labels,5972,
OFF-LA-10002353,"Harbour Creations Legal Exhibit Labels, Laser Printer Compatible",Office Supplies,Labels,5973,
OFF-LA-10002354,"Novimex Color Coded Labels, 5000 Label Set",Office Supplies,Labels,5974,
OFF-LA-10002364,"Smead Shipping Labels, Alphabetical",Office Supplies,Labels,5975,
OFF-LA-10002368,Avery 479,Office Supplies,Labels,5976,
OFF-LA-10002381,Avery 497,Office Supplies,Labels,5977,
OFF-LA-10002389,"Smead Legal Exhibit Labels, Alphabetical",Office Supplies,Labels,5978,
OFF-LA-10002401,"Avery Shipping Labels, Laser Printer Compatible",Office Supplies,Labels,5979,
OFF-LA-10002465,"Hon Shipping Labels, 5000 Label Set",Office Supplies,Labels,5980,
OFF-LA-10002469,"Harbour Creations Shipping Labels, Laser Printer Compatible",Office Supplies,Labels,5981,
OFF-LA-10002473,Avery 484,Office Supplies,Labels,5982,
OFF-LA-10002475,Avery 519,Office Supplies,Labels,5983,
OFF-LA-10002486,"Harbour Creations Legal Exhibit Labels, Adjustable",Office Supplies,Labels,5984,
OFF-LA-10002486,"Novimex File Folder Labels, 5000 Label Set",Office Supplies,Labels,5985,
OFF-LA-10002490,"Hon Round Labels, Alphabetical",Office Supplies,Labels,5986,
OFF-LA-10002493,"Hon Color Coded Labels, Adjustable",Office Supplies,Labels,5987,
OFF-LA-10002523,"Smead Removable Labels, Laser Printer Compatible",Office Supplies,Labels,5988,
OFF-LA-10002544,"Novimex Color Coded Labels, Alphabetical",Office Supplies,Labels,5989,
OFF-LA-10002559,"Smead File Folder Labels, Alphabetical",Office Supplies,Labels,5990,
OFF-LA-10002575,"Smead Legal Exhibit Labels, 5000 Label Set",Office Supplies,Labels,5991,
OFF-LA-10002596,"Harbour Creations Round Labels, Laser Printer Compatible",Office Supplies,Labels,5992,
OFF-LA-10002598,"Harbour Creations Removable Labels, Laser Printer Compatible",Office Supplies,Labels,5993,
OFF-LA-10002609,"Avery Color Coded Labels, Alphabetical",Office Supplies,Labels,5994,
OFF-LA-10002625,"Harbour Creations Round Labels, Adjustable",Office Supplies,Labels,5995,
OFF-LA-10002630,"Novimex Legal Exhibit Labels, Laser Printer Compatible",Office Supplies,Labels,5996,
OFF-LA-10002633,"Novimex Shipping Labels, Laser Printer Compatible",Office Supplies,Labels,5997,
OFF-LA-10002635,"Avery Round Labels, 5000 Label Set",Office Supplies,Labels,5998,
OFF-LA-10002650,"Novimex Removable Labels, Laser Printer Compatible",Office Supplies,Labels,5999,
OFF-LA-10002651,"Novimex Round Labels, Adjustable",Office Supplies,Labels,6000,
OFF-LA-10002673,"Harbour Creations Round Labels, Laser Printer Compatible",Office Supplies,Labels,6001,
OFF-LA-10002674,"Harbour Creations Color Coded Labels, 5000 Label Set",Office Supplies,Labels,6002,
OFF-LA-10002674,"Novimex Legal Exhibit Labels, Adjustable",Office Supplies,Labels,6003,
OFF-LA-10002681,"Smead Round Labels, Laser Printer Compatible",Office Supplies,Labels,6004,
OFF-LA-10002688,"Hon File Folder Labels, Adjustable",Office Supplies,Labels,6005,
OFF-LA-10002703,"Novimex Removable Labels, Adjustable",Office Supplies,Labels,6006,
OFF-LA-10002731,"Smead Removable Labels, Laser Printer Compatible",Office Supplies,Labels,6007,
OFF-LA-10002733,"Novimex File Folder Labels, Alphabetical",Office Supplies,Labels,6008,
OFF-LA-10002741,"Avery Color Coded Labels, Adjustable",Office Supplies,Labels,6009,
OFF-LA-10002744,"Novimex File Folder Labels, Adjustable",Office Supplies,Labels,6010,
OFF-LA-10002752,"Smead Legal Exhibit Labels, 5000 Label Set",Office Supplies,Labels,6011,
OFF-LA-10002762,Avery 485,Office Supplies,Labels,6012,
OFF-LA-10002765,"Harbour Creations Legal Exhibit Labels, Adjustable",Office Supplies,Labels,6013,
OFF-LA-10002770,"Novimex Color Coded Labels, Adjustable",Office Supplies,Labels,6014,
OFF-LA-10002782,"Hon File Folder Labels, Adjustable",Office Supplies,Labels,6015,
OFF-LA-10002787,Avery 480,Office Supplies,Labels,6016,
OFF-LA-10002805,"Hon Color Coded Labels, Alphabetical",Office Supplies,Labels,6017,
OFF-LA-10002806,"Novimex Shipping Labels, 5000 Label Set",Office Supplies,Labels,6018,
OFF-LA-10002821,"Harbour Creations Color Coded Labels, 5000 Label Set",Office Supplies,Labels,6019,
OFF-LA-10002827,"Harbour Creations Round Labels, Adjustable",Office Supplies,Labels,6020,
OFF-LA-10002848,"Novimex Shipping Labels, Laser Printer Compatible",Office Supplies,Labels,6021,
OFF-LA-10002851,"Hon Legal Exhibit Labels, 5000 Label Set",Office Supplies,Labels,6022,
OFF-LA-10002868,"Hon Removable Labels, 5000 Label Set",Office Supplies,Labels,6023,
OFF-LA-10002875,"Novimex Shipping Labels, Adjustable",Office Supplies,Labels,6024,
OFF-LA-10002876,"Hon Legal Exhibit Labels, Adjustable",Office Supplies,Labels,6025,
OFF-LA-10002883,"Avery Removable Labels, Alphabetical",Office Supplies,Labels,6026,
OFF-LA-10002895,"Avery Legal Exhibit Labels, Laser Printer Compatible",Office Supplies,Labels,6027,
OFF-LA-10002900,"Harbour Creations File Folder Labels, Alphabetical",Office Supplies,Labels,6028,
OFF-LA-10002927,"Avery File Folder Labels, 5000 Label Set",Office Supplies,Labels,6029,
OFF-LA-10002939,"Harbour Creations Legal Exhibit Labels, 5000 Label Set",Office Supplies,Labels,6030,
OFF-LA-10002943,"Novimex Removable Labels, Laser Printer Compatible",Office Supplies,Labels,6031,
OFF-LA-10002945,"Permanent Self-Adhesive File Folder Labels for Typewriters, 1 1/8 x 3 1/2, White",Office Supplies,Labels,6032,
OFF-LA-10002964,"Harbour Creations Shipping Labels, 5000 Label Set",Office Supplies,Labels,6033,
OFF-LA-10002972,"Avery File Folder Labels, Alphabetical",Office Supplies,Labels,6034,
OFF-LA-10002974,"Avery File Folder Labels, Laser Printer Compatible",Office Supplies,Labels,6035,
OFF-LA-10002974,"Novimex Shipping Labels, Adjustable",Office Supplies,Labels,6036,
OFF-LA-10002980,"Harbour Creations Shipping Labels, Alphabetical",Office Supplies,Labels,6037,
OFF-LA-10002992,"Novimex Removable Labels, 5000 Label Set",Office Supplies,Labels,6038,
OFF-LA-10002995,"Avery Removable Labels, Adjustable",Office Supplies,Labels,6039,
OFF-LA-10002996,"Avery Removable Labels, Laser Printer Compatible",Office Supplies,Labels,6040,
OFF-LA-10003057,"Harbour Creations Legal Exhibit Labels, Adjustable",Office Supplies,Labels,6041,
OFF-LA-10003058,"Novimex Legal Exhibit Labels, Adjustable",Office Supplies,Labels,6042,
OFF-LA-10003077,Avery 500,Office Supplies,Labels,6043,
OFF-LA-10003084,"Avery File Folder Labels, Alphabetical",Office Supplies,Labels,6044,
OFF-LA-10003090,"Harbour Creations File Folder Labels, Adjustable",Office Supplies,Labels,6045,
OFF-LA-10003119,"Hon Color Coded Labels, 5000 Label Set",Office Supplies,Labels,6046,
OFF-LA-10003121,Avery 506,Office Supplies,Labels,6047,
OFF-LA-10003132,"Hon File Folder Labels, Adjustable",Office Supplies,Labels,6048,
OFF-LA-10003132,"Smead Round Labels, Laser Printer Compatible",Office Supplies,Labels,6049,
OFF-LA-10003140,"Harbour Creations Round Labels, Alphabetical",Office Supplies,Labels,6050,
OFF-LA-10003141,"Hon Shipping Labels, Laser Printer Compatible",Office Supplies,Labels,6051,
OFF-LA-10003148,Avery 51,Office Supplies,Labels,6052,
OFF-LA-10003155,"Novimex Round Labels, Laser Printer Compatible",Office Supplies,Labels,6053,
OFF-LA-10003190,Avery 474,Office Supplies,Labels,6054,
OFF-LA-10003210,"Novimex Color Coded Labels, 5000 Label Set",Office Supplies,Labels,6055,
OFF-LA-10003210,"Harbour Creations File Folder Labels, Laser Printer Compatible",Office Supplies,Labels,6056,
OFF-LA-10003215,"Smead File Folder Labels, Laser Printer Compatible",Office Supplies,Labels,6057,
OFF-LA-10003217,"Smead File Folder Labels, Laser Printer Compatible",Office Supplies,Labels,6058,
OFF-LA-10003223,Avery 508,Office Supplies,Labels,6059,
OFF-LA-10003231,"Smead Round Labels, Adjustable",Office Supplies,Labels,6060,
OFF-LA-10003233,"Avery Removable Labels, Alphabetical",Office Supplies,Labels,6061,
OFF-LA-10003236,"Hon Round Labels, Adjustable",Office Supplies,Labels,6062,
OFF-LA-10003271,"Novimex Shipping Labels, Adjustable",Office Supplies,Labels,6063,
OFF-LA-10003273,"Harbour Creations Color Coded Labels, Adjustable",Office Supplies,Labels,6064,
OFF-LA-10003278,"Novimex Shipping Labels, 5000 Label Set",Office Supplies,Labels,6065,
OFF-LA-10003283,"Hon File Folder Labels, 5000 Label Set",Office Supplies,Labels,6066,
OFF-LA-10003283,"Harbour Creations Removable Labels, Adjustable",Office Supplies,Labels,6067,
OFF-LA-10003285,"Avery Removable Labels, Adjustable",Office Supplies,Labels,6068,
OFF-LA-10003290,"Hon Round Labels, Adjustable",Office Supplies,Labels,6069,
OFF-LA-10003295,"Harbour Creations Color Coded Labels, Alphabetical",Office Supplies,Labels,6070,
OFF-LA-10003297,"Avery Removable Labels, 5000 Label Set",Office Supplies,Labels,6071,
OFF-LA-10003327,"Hon Legal Exhibit Labels, Adjustable",Office Supplies,Labels,6072,
OFF-LA-10003337,"Harbour Creations Removable Labels, Adjustable",Office Supplies,Labels,6073,
OFF-LA-10003338,"Harbour Creations Removable Labels, 5000 Label Set",Office Supplies,Labels,6074,
OFF-LA-10003338,"Novimex Legal Exhibit Labels, Alphabetical",Office Supplies,Labels,6075,
OFF-LA-10003372,"Smead Round Labels, Alphabetical",Office Supplies,Labels,6076,
OFF-LA-10003376,"Hon Shipping Labels, Adjustable",Office Supplies,Labels,6077,
OFF-LA-10003379,"Smead Color Coded Labels, Laser Printer Compatible",Office Supplies,Labels,6078,
OFF-LA-10003381,"Novimex Removable Labels, Laser Printer Compatible",Office Supplies,Labels,6079,
OFF-LA-10003381,"Harbour Creations Color Coded Labels, Alphabetical",Office Supplies,Labels,6080,
OFF-LA-10003388,Avery 5,Office Supplies,Labels,6081,
OFF-LA-10003390,"Harbour Creations File Folder Labels, 5000 Label Set",Office Supplies,Labels,6082,
OFF-LA-10003396,"Avery Color Coded Labels, Laser Printer Compatible",Office Supplies,Labels,6083,
OFF-LA-10003422,"Smead Color Coded Labels, Alphabetical",Office Supplies,Labels,6084,
OFF-LA-10003435,"Harbour Creations File Folder Labels, Laser Printer Compatible",Office Supplies,Labels,6085,
OFF-LA-10003437,"Hon Color Coded Labels, Laser Printer Compatible",Office Supplies,Labels,6086,
OFF-LA-10003444,"Smead Legal Exhibit Labels, Alphabetical",Office Supplies,Labels,6087,
OFF-LA-10003459,"Avery Removable Labels, Laser Printer Compatible",Office Supplies,Labels,6088,
OFF-LA-10003487,"Smead Shipping Labels, Adjustable",Office Supplies,Labels,6089,
OFF-LA-10003498,Avery 475,Office Supplies,Labels,6090,
OFF-LA-10003503,"Smead Legal Exhibit Labels, Adjustable",Office Supplies,Labels,6091,
OFF-LA-10003505,"Avery Legal Exhibit Labels, Laser Printer Compatible",Office Supplies,Labels,6092,
OFF-LA-10003510,"Avery 4027 File Folder Labels for Dot Matrix Printers, 5000 Labels per Box, White",Office Supplies,Labels,6093,
OFF-LA-10003511,"Avery Round Labels, Adjustable",Office Supplies,Labels,6094,
OFF-LA-10003515,"Novimex Color Coded Labels, Laser Printer Compatible",Office Supplies,Labels,6095,
OFF-LA-10003537,Avery 515,Office Supplies,Labels,6096,
OFF-LA-10003551,"Harbour Creations File Folder Labels, 5000 Label Set",Office Supplies,Labels,6097,
OFF-LA-10003583,"Hon File Folder Labels, 5000 Label Set",Office Supplies,Labels,6098,
OFF-LA-10003591,"Smead Removable Labels, Laser Printer Compatible",Office Supplies,Labels,6099,
OFF-LA-10003594,"Hon Removable Labels, Adjustable",Office Supplies,Labels,6100,
OFF-LA-10003610,"Avery Removable Labels, 5000 Label Set",Office Supplies,Labels,6101,
OFF-LA-10003617,"Smead Legal Exhibit Labels, Adjustable",Office Supplies,Labels,6102,
OFF-LA-10003627,"Novimex Round Labels, Adjustable",Office Supplies,Labels,6103,
OFF-LA-10003644,"Novimex Removable Labels, Adjustable",Office Supplies,Labels,6104,
OFF-LA-10003663,Avery 498,Office Supplies,Labels,6105,
OFF-LA-10003674,"Hon Legal Exhibit Labels, Alphabetical",Office Supplies,Labels,6106,
OFF-LA-10003678,"Hon Round Labels, 5000 Label Set",Office Supplies,Labels,6107,
OFF-LA-10003699,"Smead File Folder Labels, Adjustable",Office Supplies,Labels,6108,
OFF-LA-10003714,Avery 510,Office Supplies,Labels,6109,
OFF-LA-10003717,"Harbour Creations Legal Exhibit Labels, 5000 Label Set",Office Supplies,Labels,6110,
OFF-LA-10003720,Avery 487,Office Supplies,Labels,6111,
OFF-LA-10003766,Self-Adhesive Removable Labels,Office Supplies,Labels,6112,
OFF-LA-10003778,"Novimex File Folder Labels, Alphabetical",Office Supplies,Labels,6113,
OFF-LA-10003795,"Smead Round Labels, Alphabetical",Office Supplies,Labels,6114,
OFF-LA-10003807,"Smead Removable Labels, Adjustable",Office Supplies,Labels,6115,
OFF-LA-10003809,"Novimex Legal Exhibit Labels, Laser Printer Compatible",Office Supplies,Labels,6116,
OFF-LA-10003820,"Novimex Color Coded Labels, Adjustable",Office Supplies,Labels,6117,
OFF-LA-10003821,"Smead Shipping Labels, Alphabetical",Office Supplies,Labels,6118,
OFF-LA-10003827,"Avery Color Coded Labels, 5000 Label Set",Office Supplies,Labels,6119,
OFF-LA-10003848,"Avery File Folder Labels, 5000 Label Set",Office Supplies,Labels,6120,
OFF-LA-10003851,"Smead Removable Labels, 5000 Label Set",Office Supplies,Labels,6121,
OFF-LA-10003898,"Hon Removable Labels, 5000 Label Set",Office Supplies,Labels,6122,
OFF-LA-10003923,Alphabetical Labels for Top Tab Filing,Office Supplies,Labels,6123,
OFF-LA-10003929,"Novimex Legal Exhibit Labels, Adjustable",Office Supplies,Labels,6124,
OFF-LA-10003930,"Dot Matrix Printer Tape Reel Labels, White, 5000/Box",Office Supplies,Labels,6125,
OFF-LA-10003955,"Avery Shipping Labels, 5000 Label Set",Office Supplies,Labels,6126,
OFF-LA-10003967,"Smead Color Coded Labels, Adjustable",Office Supplies,Labels,6127,
OFF-LA-10003969,"Novimex Legal Exhibit Labels, Laser Printer Compatible",Office Supplies,Labels,6128,
OFF-LA-10003971,"Novimex Color Coded Labels, Laser Printer Compatible",Office Supplies,Labels,6129,
OFF-LA-10003973,"Hon Removable Labels, Laser Printer Compatible",Office Supplies,Labels,6130,
OFF-LA-10003982,"Avery Round Labels, Adjustable",Office Supplies,Labels,6131,
OFF-LA-10004007,"Harbour Creations Color Coded Labels, Adjustable",Office Supplies,Labels,6132,
OFF-LA-10004008,Avery 507,Office Supplies,Labels,6133,
OFF-LA-10004020,"Hon Color Coded Labels, 5000 Label Set",Office Supplies,Labels,6134,
OFF-LA-10004034,"Harbour Creations Color Coded Labels, Alphabetical",Office Supplies,Labels,6135,
OFF-LA-10004050,"Hon Color Coded Labels, Laser Printer Compatible",Office Supplies,Labels,6136,
OFF-LA-10004055,Color-Coded Legal Exhibit Labels,Office Supplies,Labels,6137,
OFF-LA-10004058,"Hon Legal Exhibit Labels, 5000 Label Set",Office Supplies,Labels,6138,
OFF-LA-10004062,"Hon Removable Labels, 5000 Label Set",Office Supplies,Labels,6139,
OFF-LA-10004093,Avery 486,Office Supplies,Labels,6140,
OFF-LA-10004094,"Avery Removable Labels, 5000 Label Set",Office Supplies,Labels,6141,
OFF-LA-10004108,"Avery Round Labels, 5000 Label Set",Office Supplies,Labels,6142,
OFF-LA-10004112,"Hon Shipping Labels, Alphabetical",Office Supplies,Labels,6143,
OFF-LA-10004114,"Avery File Folder Labels, Alphabetical",Office Supplies,Labels,6144,
OFF-LA-10004122,"Avery Color Coded Labels, Laser Printer Compatible",Office Supplies,Labels,6145,
OFF-LA-10004132,"Smead Color Coded Labels, Alphabetical",Office Supplies,Labels,6146,
OFF-LA-10004137,"Harbour Creations Legal Exhibit Labels, Laser Printer Compatible",Office Supplies,Labels,6147,
OFF-LA-10004148,"Smead File Folder Labels, 5000 Label Set",Office Supplies,Labels,6148,
OFF-LA-10004164,"Smead Color Coded Labels, Laser Printer Compatible",Office Supplies,Labels,6149,
OFF-LA-10004166,"Avery Legal Exhibit Labels, 5000 Label Set",Office Supplies,Labels,6150,
OFF-LA-10004178,Avery 491,Office Supplies,Labels,6151,
OFF-LA-10004181,"Novimex File Folder Labels, Adjustable",Office Supplies,Labels,6152,
OFF-LA-10004182,"Hon Color Coded Labels, 5000 Label Set",Office Supplies,Labels,6153,
OFF-LA-10004234,"Smead File Folder Labels, 5000 Label Set",Office Supplies,Labels,6154,
OFF-LA-10004239,"Smead Color Coded Labels, Adjustable",Office Supplies,Labels,6155,
OFF-LA-10004272,Avery 482,Office Supplies,Labels,6156,
OFF-LA-10004280,"Harbour Creations Legal Exhibit Labels, Alphabetical",Office Supplies,Labels,6157,
OFF-LA-10004285,"Smead Legal Exhibit Labels, Laser Printer Compatible",Office Supplies,Labels,6158,
OFF-LA-10004312,"Hon File Folder Labels, Laser Printer Compatible",Office Supplies,Labels,6159,
OFF-LA-10004318,"Hon Color Coded Labels, Adjustable",Office Supplies,Labels,6160,
OFF-LA-10004320,"Avery Legal Exhibit Labels, Alphabetical",Office Supplies,Labels,6161,
OFF-LA-10004332,"Novimex File Folder Labels, Adjustable",Office Supplies,Labels,6162,
OFF-LA-10004345,Avery 493,Office Supplies,Labels,6163,
OFF-LA-10004370,"Novimex File Folder Labels, 5000 Label Set",Office Supplies,Labels,6164,
OFF-LA-10004398,"Hon Color Coded Labels, Alphabetical",Office Supplies,Labels,6165,
OFF-LA-10004400,"Hon Legal Exhibit Labels, Laser Printer Compatible",Office Supplies,Labels,6166,
OFF-LA-10004409,Avery 492,Office Supplies,Labels,6167,
OFF-LA-10004411,"Avery File Folder Labels, 5000 Label Set",Office Supplies,Labels,6168,
OFF-LA-10004425,Staples,Office Supplies,Labels,6169,
OFF-LA-10004430,"Avery Shipping Labels, Laser Printer Compatible",Office Supplies,Labels,6170,
OFF-LA-10004462,"Smead Shipping Labels, Adjustable",Office Supplies,Labels,6171,
OFF-LA-10004484,Avery 476,Office Supplies,Labels,6172,
OFF-LA-10004487,"Harbour Creations Shipping Labels, Alphabetical",Office Supplies,Labels,6173,
OFF-LA-10004488,"Novimex Color Coded Labels, Adjustable",Office Supplies,Labels,6174,
OFF-LA-10004495,"Novimex Round Labels, Alphabetical",Office Supplies,Labels,6175,
OFF-LA-10004519,"Avery Legal Exhibit Labels, 5000 Label Set",Office Supplies,Labels,6176,
OFF-LA-10004538,"Harbour Creations Legal Exhibit Labels, Laser Printer Compatible",Office Supplies,Labels,6177,
OFF-LA-10004543,"Novimex Shipping Labels, Adjustable",Office Supplies,Labels,6178,
OFF-LA-10004544,Avery 505,Office Supplies,Labels,6179,
OFF-LA-10004545,Avery 50,Office Supplies,Labels,6180,
OFF-LA-10004559,Avery 49,Office Supplies,Labels,6181,
OFF-LA-10004576,"Harbour Creations File Folder Labels, Laser Printer Compatible",Office Supplies,Labels,6182,
OFF-LA-10004594,"Avery Color Coded Labels, Adjustable",Office Supplies,Labels,6183,
OFF-LA-10004614,"Smead Round Labels, 5000 Label Set",Office Supplies,Labels,6184,
OFF-LA-10004623,"Smead Removable Labels, 5000 Label Set",Office Supplies,Labels,6185,
OFF-LA-10004648,"Avery Color Coded Labels, 5000 Label Set",Office Supplies,Labels,6186,
OFF-LA-10004677,Self-Adhesive Address Labels for Typewriters with Dispenser Box,Office Supplies,Labels,6187,
OFF-LA-10004689,Avery 512,Office Supplies,Labels,6188,
OFF-LA-10004700,"Avery Color Coded Labels, Alphabetical",Office Supplies,Labels,6189,
OFF-LA-10004709,"Avery Round Labels, Laser Printer Compatible",Office Supplies,Labels,6190,
OFF-LA-10004714,"Novimex File Folder Labels, Laser Printer Compatible",Office Supplies,Labels,6191,
OFF-LA-10004727,"Hon File Folder Labels, Laser Printer Compatible",Office Supplies,Labels,6192,
OFF-LA-10004737,"Avery Shipping Labels, 5000 Label Set",Office Supplies,Labels,6193,
OFF-LA-10004738,"Harbour Creations Legal Exhibit Labels, Alphabetical",Office Supplies,Labels,6194,
OFF-LA-10004744,"Smead Shipping Labels, Alphabetical",Office Supplies,Labels,6195,
OFF-LA-10004745,"Harbour Creations Shipping Labels, Adjustable",Office Supplies,Labels,6196,
OFF-LA-10004747,"Hon Color Coded Labels, Alphabetical",Office Supplies,Labels,6197,
OFF-LA-10004749,"Avery Legal Exhibit Labels, Laser Printer Compatible",Office Supplies,Labels,6198,
OFF-LA-10004749,"Novimex Removable Labels, Adjustable",Office Supplies,Labels,6199,
OFF-LA-10004753,"Novimex Round Labels, Laser Printer Compatible",Office Supplies,Labels,6200,
OFF-LA-10004756,"Avery Removable Labels, Laser Printer Compatible",Office Supplies,Labels,6201,
OFF-LA-10004761,"Avery File Folder Labels, Adjustable",Office Supplies,Labels,6202,
OFF-LA-10004774,"Avery Shipping Labels, Alphabetical",Office Supplies,Labels,6203,
OFF-LA-10004777,"Smead Shipping Labels, 5000 Label Set",Office Supplies,Labels,6204,
OFF-LA-10004795,"Novimex Shipping Labels, Alphabetical",Office Supplies,Labels,6205,
OFF-LA-10004799,"Hon Shipping Labels, Adjustable",Office Supplies,Labels,6206,
OFF-LA-10004799,"Hon Legal Exhibit Labels, Alphabetical",Office Supplies,Labels,6207,
OFF-LA-10004832,"Novimex Legal Exhibit Labels, Alphabetical",Office Supplies,Labels,6208,
OFF-LA-10004848,"Avery Legal Exhibit Labels, 5000 Label Set",Office Supplies,Labels,6209,
OFF-LA-10004853,Avery 483,Office Supplies,Labels,6210,
OFF-LA-10004859,"Avery Legal Exhibit Labels, Alphabetical",Office Supplies,Labels,6211,
OFF-LA-10004877,"Hon Legal Exhibit Labels, 5000 Label Set",Office Supplies,Labels,6212,
OFF-LA-10004877,"Avery File Folder Labels, Laser Printer Compatible",Office Supplies,Labels,6213,
OFF-LA-10004894,"Hon Shipping Labels, Alphabetical",Office Supplies,Labels,6214,
OFF-LA-10004916,"Harbour Creations Shipping Labels, Laser Printer Compatible",Office Supplies,Labels,6215,
OFF-LA-10004918,"Harbour Creations Round Labels, Alphabetical",Office Supplies,Labels,6216,
OFF-LA-10004919,"Smead Color Coded Labels, Alphabetical",Office Supplies,Labels,6217,
OFF-LA-10004929,"Novimex Color Coded Labels, Laser Printer Compatible",Office Supplies,Labels,6218,
OFF-LA-10004933,"Harbour Creations Shipping Labels, Adjustable",Office Supplies,Labels,6219,
OFF-LA-10004947,"Hon Shipping Labels, 5000 Label Set",Office Supplies,Labels,6220,
OFF-LA-10004964,"Smead Shipping Labels, Adjustable",Office Supplies,Labels,6221,
OFF-LA-10004969,"Novimex Legal Exhibit Labels, Adjustable",Office Supplies,Labels,6222,
OFF-LA-10004972,"Avery File Folder Labels, 5000 Label Set",Office Supplies,Labels,6223,
OFF-NOV-10000092,"Novimex Color Coded Labels, 5000 Label Set",Office Supplies,Labels,6224,
OFF-NOV-10000141,"Novimex Round Labels, 5000 Label Set",Office Supplies,Labels,6225,
OFF-NOV-10000512,"Novimex Color Coded Labels, Adjustable",Office Supplies,Labels,6226,
OFF-NOV-10000721,"Novimex File Folder Labels, Laser Printer Compatible",Office Supplies,Labels,6227,
OFF-NOV-10000787,"Novimex Removable Labels, Laser Printer Compatible",Office Supplies,Labels,6228,
OFF-NOV-10000808,"Novimex Round Labels, Adjustable",Office Supplies,Labels,6229,
OFF-NOV-10000986,"Novimex File Folder Labels, Adjustable",Office Supplies,Labels,6230,
OFF-NOV-10001238,"Novimex Shipping Labels, Alphabetical",Office Supplies,Labels,6231,
OFF-NOV-10001568,"Novimex Shipping Labels, 5000 Label Set",Office Supplies,Labels,6232,
OFF-NOV-10001753,"Novimex Round Labels, Alphabetical",Office Supplies,Labels,6233,
OFF-NOV-10002258,"Novimex Legal Exhibit Labels, Alphabetical",Office Supplies,Labels,6234,
OFF-NOV-10002610,"Novimex File Folder Labels, Alphabetical",Office Supplies,Labels,6235,
OFF-NOV-10002952,"Novimex Round Labels, Laser Printer Compatible",Office Supplies,Labels,6236,
OFF-NOV-10003180,"Novimex Legal Exhibit Labels, Adjustable",Office Supplies,Labels,6237,
OFF-NOV-10003401,"Novimex Color Coded Labels, Alphabetical",Office Supplies,Labels,6238,
OFF-NOV-10003499,"Novimex Removable Labels, Adjustable",Office Supplies,Labels,6239,
OFF-NOV-10003578,"Novimex Color Coded Labels, Laser Printer Compatible",Office Supplies,Labels,6240,
OFF-NOV-10003964,"Novimex File Folder Labels, 5000 Label Set",Office Supplies,Labels,6241,
OFF-NOV-10004048,"Novimex Legal Exhibit Labels, 5000 Label Set",Office Supplies,Labels,6242,
OFF-NOV-10004223,"Novimex Shipping Labels, Adjustable",Office Supplies,Labels,6243,
OFF-NOV-10004585,"Novimex Legal Exhibit Labels, Laser Printer Compatible",Office Supplies,Labels,6244,
OFF-NOV-10004671,"Novimex Removable Labels, 5000 Label Set",Office Supplies,Labels,6245,
OFF-NOV-10004680,"Novimex Shipping Labels, Laser Printer Compatible",Office Supplies,Labels,6246,
OFF-NOV-10004968,"Novimex Removable Labels, Adjustable",Office Supplies,Labels,6247,
OFF-SME-10000018,"Smead Round Labels, Laser Printer Compatible",Office Supplies,Labels,7051,
OFF-SME-10000258,"Smead Removable Labels, 5000 Label Set",Office Supplies,Labels,7052,
OFF-SME-10000675,"Smead Round Labels, 5000 Label Set",Office Supplies,Labels,7056,
OFF-SME-10000950,"Smead Color Coded Labels, 5000 Label Set",Office Supplies,Labels,7059,
OFF-SME-10001278,"Smead Shipping Labels, Alphabetical",Office Supplies,Labels,7062,
OFF-SME-10001667,"Smead Shipping Labels, 5000 Label Set",Office Supplies,Labels,7064,
OFF-SME-10001754,"Smead File Folder Labels, 5000 Label Set",Office Supplies,Labels,7067,
OFF-SME-10001800,"Smead Shipping Labels, Laser Printer Compatible",Office Supplies,Labels,7069,
OFF-SME-10001852,"Smead Removable Labels, Laser Printer Compatible",Office Supplies,Labels,7070,
OFF-SME-10002250,"Smead File Folder Labels, Alphabetical",Office Supplies,Labels,7072,
OFF-SME-10002467,"Smead Round Labels, Alphabetical",Office Supplies,Labels,7074,
OFF-SME-10002870,"Smead Legal Exhibit Labels, Alphabetical",Office Supplies,Labels,7077,
OFF-SME-10003047,"Smead Color Coded Labels, Laser Printer Compatible",Office Supplies,Labels,7079,
OFF-SME-10003305,"Smead File Folder Labels, Adjustable",Office Supplies,Labels,7081,
OFF-SME-10003746,"Smead Legal Exhibit Labels, Adjustable",Office Supplies,Labels,7083,
OFF-SME-10003805,"Smead Color Coded Labels, Adjustable",Office Supplies,Labels,7085,
OFF-SME-10004110,"Smead Color Coded Labels, Alphabetical",Office Supplies,Labels,7086,
OFF-SME-10004256,"Smead Removable Labels, Adjustable",Office Supplies,Labels,7089,
OFF-SME-10004323,"Smead Legal Exhibit Labels, 5000 Label Set",Office Supplies,Labels,7090,
OFF-SME-10004518,"Smead Legal Exhibit Labels, Laser Printer Compatible",Office Supplies,Labels,7092,
OFF-SME-10004519,"Smead Removable Labels, Adjustable",Office Supplies,Labels,7093,
OFF-SME-10004740,"Smead Shipping Labels, Adjustable",Office Supplies,Labels,7096,
OFF-SME-10004754,"Smead Round Labels, Adjustable",Office Supplies,Labels,7097,
OFF-SME-10004926,"Smead File Folder Labels, Laser Printer Compatible",Office Supplies,Labels,7098,
OFF-AP-10000003,"KitchenAid Refrigerator, White",Office Supplies,Appliances,2448,
OFF-AP-10000004,"Cuisinart Stove, Silver",Office Supplies,Appliances,2449,
OFF-AP-10000005,"KitchenAid Microwave, Red",Office Supplies,Appliances,2450,
OFF-AP-10000023,"Breville Toaster, Black",Office Supplies,Appliances,2451,
OFF-AP-10000026,Tripp Lite Isotel 6 Outlet Surge Protector with Fax/Modem Protection,Office Supplies,Appliances,2452,
OFF-AP-10000027,Hoover Commercial SteamVac,Office Supplies,Appliances,2453,
OFF-AP-10000039,"Breville Coffee Grinder, Silver",Office Supplies,Appliances,2454,
OFF-AP-10000043,"Cuisinart Toaster, Silver",Office Supplies,Appliances,2455,
OFF-AP-10000055,Belkin F9S820V06 8 Outlet Surge,Office Supplies,Appliances,2456,
OFF-AP-10000078,"Breville Toaster, Silver",Office Supplies,Appliances,2457,
OFF-AP-10000108,"Breville Refrigerator, Black",Office Supplies,Appliances,2458,
OFF-AP-10000119,"Breville Microwave, White",Office Supplies,Appliances,2459,
OFF-AP-10000124,Acco 6 Outlet Guardian Basic Surge Suppressor,Office Supplies,Appliances,2460,
OFF-AP-10000136,"Hamilton Beach Refrigerator, White",Office Supplies,Appliances,2461,
OFF-AP-10000159,Belkin F9M820V08 8 Outlet Surge,Office Supplies,Appliances,2462,
OFF-AP-10000162,"Breville Microwave, Black",Office Supplies,Appliances,2463,
OFF-AP-10000172,"Cuisinart Toaster, Silver",Office Supplies,Appliances,2464,
OFF-AP-10000179,"Breville Refrigerator, Red",Office Supplies,Appliances,2465,
OFF-AP-10000179,Honeywell Enviracaire Portable HEPA Air Cleaner for up to 10 x 16 Room,Office Supplies,Appliances,2466,
OFF-AP-10000195,"Cuisinart Stove, Black",Office Supplies,Appliances,2467,
OFF-AP-10000200,"KitchenAid Refrigerator, Red",Office Supplies,Appliances,2468,
OFF-AP-10000213,"Cuisinart Refrigerator, Black",Office Supplies,Appliances,2469,
OFF-AP-10000226,"Hoover Coffee Grinder, Black",Office Supplies,Appliances,2470,
OFF-AP-10000228,"Cuisinart Blender, White",Office Supplies,Appliances,2471,
OFF-AP-10000240,Belkin F9G930V10-GRY 9 Outlet Surge,Office Supplies,Appliances,2472,
OFF-AP-10000252,Harmony HEPA Quiet Air Purifiers,Office Supplies,Appliances,2473,
OFF-AP-10000258,"Hamilton Beach Blender, Black",Office Supplies,Appliances,2474,
OFF-AP-10000261,"Cuisinart Toaster, Silver",Office Supplies,Appliances,2475,
OFF-AP-10000263,"KitchenAid Microwave, Silver",Office Supplies,Appliances,2476,
OFF-AP-10000275,"Sanyo Counter Height Refrigerator with Crisper, 3.6 Cubic Foot, Stainless Steel/Black",Office Supplies,Appliances,2477,
OFF-AP-10000285,"Breville Microwave, Silver",Office Supplies,Appliances,2478,
OFF-AP-10000304,"Hoover Microwave, White",Office Supplies,Appliances,2479,
OFF-AP-10000304,"Breville Stove, Red",Office Supplies,Appliances,2480,
OFF-AP-10000326,Belkin 7 Outlet SurgeMaster Surge Protector with Phone Protection,Office Supplies,Appliances,2481,
OFF-AP-10000329,"KitchenAid Refrigerator, White",Office Supplies,Appliances,2482,
OFF-AP-10000330,"Hamilton Beach Stove, Red",Office Supplies,Appliances,2483,
OFF-AP-10000335,"Cuisinart Microwave, Red",Office Supplies,Appliances,2484,
OFF-AP-10000344,"Hoover Toaster, Silver",Office Supplies,Appliances,2485,
OFF-AP-10000358,Fellowes Basic Home/Office Series Surge Protectors,Office Supplies,Appliances,2486,
OFF-AP-10000381,"Hoover Refrigerator, Red",Office Supplies,Appliances,2487,
OFF-AP-10000382,"Breville Coffee Grinder, White",Office Supplies,Appliances,2488,
OFF-AP-10000390,Euro Pro Shark Stick Mini Vacuum,Office Supplies,Appliances,2489,
OFF-AP-10000391,"Hamilton Beach Coffee Grinder, Black",Office Supplies,Appliances,2490,
OFF-AP-10000407,"KitchenAid Refrigerator, Silver",Office Supplies,Appliances,2491,
OFF-AP-10000415,"KitchenAid Toaster, Red",Office Supplies,Appliances,2492,
OFF-AP-10000423,"Breville Refrigerator, Red",Office Supplies,Appliances,2493,
OFF-AP-10000437,"KitchenAid Refrigerator, Red",Office Supplies,Appliances,2494,
OFF-AP-10000486,"Cuisinart Stove, Silver",Office Supplies,Appliances,2495,
OFF-AP-10000487,"Hoover Stove, Silver",Office Supplies,Appliances,2496,
OFF-AP-10000490,"Hamilton Beach Coffee Grinder, Silver",Office Supplies,Appliances,2497,
OFF-AP-10000509,"Hoover Refrigerator, Black",Office Supplies,Appliances,2498,
OFF-AP-10000510,"Cuisinart Coffee Grinder, Red",Office Supplies,Appliances,2499,
OFF-AP-10000528,"Breville Blender, Black",Office Supplies,Appliances,2500,
OFF-AP-10000534,"KitchenAid Toaster, Silver",Office Supplies,Appliances,2501,
OFF-AP-10000540,"Hamilton Beach Refrigerator, Red",Office Supplies,Appliances,2502,
OFF-AP-10000545,"Cuisinart Toaster, Black",Office Supplies,Appliances,2503,
OFF-AP-10000569,"KitchenAid Coffee Grinder, Black",Office Supplies,Appliances,2504,
OFF-AP-10000576,"Belkin 325VA UPS Surge Protector, 6'",Office Supplies,Appliances,2505,
OFF-AP-10000576,Belkin 7 Outlet SurgeMaster II,Office Supplies,Appliances,2506,
OFF-AP-10000577,"Cuisinart Stove, Black",Office Supplies,Appliances,2507,
OFF-AP-10000584,"Breville Refrigerator, Silver",Office Supplies,Appliances,2508,
OFF-AP-10000595,Disposable Triple-Filter Dust Bags,Office Supplies,Appliances,2509,
OFF-AP-10000600,"KitchenAid Coffee Grinder, Silver",Office Supplies,Appliances,2510,
OFF-AP-10000604,"Hamilton Beach Coffee Grinder, Black",Office Supplies,Appliances,2511,
OFF-AP-10000604,"Breville Microwave, Silver",Office Supplies,Appliances,2512,
OFF-AP-10000615,"KitchenAid Toaster, Silver",Office Supplies,Appliances,2513,
OFF-AP-10000621,"KitchenAid Microwave, Silver",Office Supplies,Appliances,2514,
OFF-AP-10000639,"Breville Microwave, Red",Office Supplies,Appliances,2515,
OFF-AP-10000647,"Hoover Refrigerator, White",Office Supplies,Appliances,2516,
OFF-AP-10000653,"Hamilton Beach Blender, Black",Office Supplies,Appliances,2517,
OFF-AP-10000653,"Cuisinart Blender, White",Office Supplies,Appliances,2518,
OFF-AP-10000663,"Hoover Stove, Red",Office Supplies,Appliances,2519,
OFF-AP-10000667,"Breville Stove, White",Office Supplies,Appliances,2520,
OFF-AP-10000672,"KitchenAid Stove, White",Office Supplies,Appliances,2521,
OFF-AP-10000675,"Hamilton Beach Stove, White",Office Supplies,Appliances,2522,
OFF-AP-10000691,"Cuisinart Refrigerator, Red",Office Supplies,Appliances,2523,
OFF-AP-10000692,Fellowes Mighty 8 Compact Surge Protector,Office Supplies,Appliances,2524,
OFF-AP-10000696,Holmes Odor Grabber,Office Supplies,Appliances,2525,
OFF-AP-10000717,"Hoover Microwave, Black",Office Supplies,Appliances,2526,
OFF-AP-10000729,"KitchenAid Refrigerator, White",Office Supplies,Appliances,2527,
OFF-AP-10000751,"Breville Refrigerator, Black",Office Supplies,Appliances,2528,
OFF-AP-10000775,"Breville Blender, Silver",Office Supplies,Appliances,2529,
OFF-AP-10000800,"Breville Stove, Red",Office Supplies,Appliances,2530,
OFF-AP-10000802,"Hoover Microwave, White",Office Supplies,Appliances,2531,
OFF-AP-10000804,Hoover Portapower Portable Vacuum,Office Supplies,Appliances,2532,
OFF-AP-10000806,"KitchenAid Coffee Grinder, Silver",Office Supplies,Appliances,2533,
OFF-AP-10000818,"Hoover Blender, Black",Office Supplies,Appliances,2534,
OFF-AP-10000825,"KitchenAid Coffee Grinder, White",Office Supplies,Appliances,2535,
OFF-AP-10000828,Avanti 4.4 Cu. Ft. Refrigerator,Office Supplies,Appliances,2536,
OFF-AP-10000844,"Breville Toaster, Black",Office Supplies,Appliances,2537,
OFF-AP-10000864,"Hamilton Beach Refrigerator, Black",Office Supplies,Appliances,2538,
OFF-AP-10000873,"Hamilton Beach Microwave, Red",Office Supplies,Appliances,2539,
OFF-AP-10000891,Kensington 7 Outlet MasterPiece HOMEOFFICE Power Control Center,Office Supplies,Appliances,2540,
OFF-AP-10000900,"Cuisinart Coffee Grinder, White",Office Supplies,Appliances,2541,
OFF-AP-10000904,"Cuisinart Coffee Grinder, Silver",Office Supplies,Appliances,2542,
OFF-AP-10000916,"KitchenAid Microwave, Black",Office Supplies,Appliances,2543,
OFF-AP-10000934,"Hamilton Beach Stove, Black",Office Supplies,Appliances,2544,
OFF-AP-10000935,"Cuisinart Toaster, White",Office Supplies,Appliances,2545,
OFF-AP-10000938,Avanti 1.7 Cu. Ft. Refrigerator,Office Supplies,Appliances,2546,
OFF-AP-10000975,"KitchenAid Stove, Black",Office Supplies,Appliances,2547,
OFF-AP-10000977,"Breville Blender, White",Office Supplies,Appliances,2548,
OFF-AP-10000977,"Cuisinart Toaster, Red",Office Supplies,Appliances,2549,
OFF-AP-10000981,"Hoover Coffee Grinder, Red",Office Supplies,Appliances,2550,
OFF-AP-10001005,Honeywell Quietcare HEPA Air Cleaner,Office Supplies,Appliances,2551,
OFF-AP-10001018,"Hoover Toaster, Silver",Office Supplies,Appliances,2552,
OFF-AP-10001018,"Cuisinart Refrigerator, White",Office Supplies,Appliances,2553,
OFF-AP-10001041,"Hoover Stove, White",Office Supplies,Appliances,2554,
OFF-AP-10001049,"Breville Coffee Grinder, Silver",Office Supplies,Appliances,2555,
OFF-AP-10001058,Sanyo 2.5 Cubic Foot Mid-Size Office Refrigerators,Office Supplies,Appliances,2556,
OFF-AP-10001058,"Cuisinart Microwave, White",Office Supplies,Appliances,2557,
OFF-AP-10001067,"Hoover Blender, Silver",Office Supplies,Appliances,2558,
OFF-AP-10001076,"Hamilton Beach Coffee Grinder, Red",Office Supplies,Appliances,2559,
OFF-AP-10001099,"Hoover Stove, Black",Office Supplies,Appliances,2560,
OFF-AP-10001103,"Breville Microwave, Silver",Office Supplies,Appliances,2561,
OFF-AP-10001106,"Hamilton Beach Stove, White",Office Supplies,Appliances,2562,
OFF-AP-10001124,Belkin 8 Outlet SurgeMaster II Gold Surge Protector with Phone Protection,Office Supplies,Appliances,2563,
OFF-AP-10001130,"Breville Toaster, Black",Office Supplies,Appliances,2564,
OFF-AP-10001138,"Cuisinart Blender, Silver",Office Supplies,Appliances,2565,
OFF-AP-10001154,Bionaire Personal Warm Mist Humidifier/Vaporizer,Office Supplies,Appliances,2566,
OFF-AP-10001169,"Cuisinart Microwave, White",Office Supplies,Appliances,2567,
OFF-AP-10001178,"KitchenAid Stove, Red",Office Supplies,Appliances,2568,
OFF-AP-10001190,"Hoover Refrigerator, Silver",Office Supplies,Appliances,2569,
OFF-AP-10001191,"Hoover Blender, White",Office Supplies,Appliances,2570,
OFF-AP-10001197,"KitchenAid Stove, Red",Office Supplies,Appliances,2571,
OFF-AP-10001205,Belkin 5 Outlet SurgeMaster Power Centers,Office Supplies,Appliances,2572,
OFF-AP-10001233,"Hamilton Beach Toaster, Red",Office Supplies,Appliances,2573,
OFF-AP-10001242,APC 7 Outlet Network SurgeArrest Surge Protector,Office Supplies,Appliances,2574,
OFF-AP-10001254,"KitchenAid Coffee Grinder, Red",Office Supplies,Appliances,2575,
OFF-AP-10001266,"Hoover Toaster, Black",Office Supplies,Appliances,2576,
OFF-AP-10001271,Eureka The Boss Cordless Rechargeable Stick Vac,Office Supplies,Appliances,2577,
OFF-AP-10001274,"Hoover Microwave, Black",Office Supplies,Appliances,2578,
OFF-AP-10001285,"Cuisinart Stove, Red",Office Supplies,Appliances,2579,
OFF-AP-10001293,Belkin 8 Outlet Surge Protector,Office Supplies,Appliances,2580,
OFF-AP-10001298,"Breville Stove, Black",Office Supplies,Appliances,2581,
OFF-AP-10001299,"Cuisinart Microwave, Silver",Office Supplies,Appliances,2582,
OFF-AP-10001303,"Holmes Cool Mist Humidifier for the Whole House with 8-Gallon Output per Day, Extended Life Filter",Office Supplies,Appliances,2583,
OFF-AP-10001305,"Breville Microwave, White",Office Supplies,Appliances,2584,
OFF-AP-10001322,"Hamilton Beach Stove, Silver",Office Supplies,Appliances,2585,
OFF-AP-10001329,"KitchenAid Stove, White",Office Supplies,Appliances,2586,
OFF-AP-10001335,"Hoover Toaster, Black",Office Supplies,Appliances,2587,
OFF-AP-10001366,Staples,Office Supplies,Appliances,2588,
OFF-AP-10001391,Kensington 6 Outlet MasterPiece HOMEOFFICE Power Control Center,Office Supplies,Appliances,2589,
OFF-AP-10001394,Harmony Air Purifier,Office Supplies,Appliances,2590,
OFF-AP-10001402,"KitchenAid Coffee Grinder, White",Office Supplies,Appliances,2591,
OFF-AP-10001406,"Breville Stove, Black",Office Supplies,Appliances,2592,
OFF-AP-10001408,"KitchenAid Refrigerator, White",Office Supplies,Appliances,2593,
OFF-AP-10001458,"KitchenAid Blender, Black",Office Supplies,Appliances,2594,
OFF-AP-10001469,Fellowes 8 Outlet Superior Workstation Surge Protector,Office Supplies,Appliances,2595,
OFF-AP-10001492,"Acco Six-Outlet Power Strip, 4' Cord Length",Office Supplies,Appliances,2596,
OFF-AP-10001503,"KitchenAid Microwave, Black",Office Supplies,Appliances,2597,
OFF-AP-10001504,"Cuisinart Blender, Black",Office Supplies,Appliances,2598,
OFF-AP-10001510,"Cuisinart Microwave, Silver",Office Supplies,Appliances,2599,
OFF-AP-10001527,"Hamilton Beach Microwave, Black",Office Supplies,Appliances,2600,
OFF-AP-10001529,"Hamilton Beach Toaster, White",Office Supplies,Appliances,2601,
OFF-AP-10001548,"Hoover Toaster, Silver",Office Supplies,Appliances,2602,
OFF-AP-10001559,"KitchenAid Blender, Black",Office Supplies,Appliances,2603,
OFF-AP-10001563,Belkin Premiere Surge Master II 8-outlet surge protector,Office Supplies,Appliances,2604,
OFF-AP-10001564,Hoover Commercial Lightweight Upright Vacuum with E-Z Empty Dirt Cup,Office Supplies,Appliances,2605,
OFF-AP-10001565,"Cuisinart Coffee Grinder, Black",Office Supplies,Appliances,2606,
OFF-AP-10001567,"Breville Blender, White",Office Supplies,Appliances,2607,
OFF-AP-10001568,"Hamilton Beach Toaster, Silver",Office Supplies,Appliances,2608,
OFF-AP-10001587,"Hamilton Beach Coffee Grinder, Silver",Office Supplies,Appliances,2609,
OFF-AP-10001593,"Cuisinart Microwave, Red",Office Supplies,Appliances,2610,
OFF-AP-10001606,"KitchenAid Toaster, Black",Office Supplies,Appliances,2611,
OFF-AP-10001617,"KitchenAid Blender, Silver",Office Supplies,Appliances,2612,
OFF-AP-10001621,"Cuisinart Blender, Silver",Office Supplies,Appliances,2613,
OFF-AP-10001621,"Hamilton Beach Refrigerator, Black",Office Supplies,Appliances,2614,
OFF-AP-10001623,"Hoover Stove, White",Office Supplies,Appliances,2615,
OFF-AP-10001626,"Commercial WindTunnel Clean Air Upright Vacuum, Replacement Belts, Filtration Bags",Office Supplies,Appliances,2616,
OFF-AP-10001630,"Hamilton Beach Microwave, Black",Office Supplies,Appliances,2617,
OFF-AP-10001634,Hoover Commercial Lightweight Upright Vacuum,Office Supplies,Appliances,2618,
OFF-AP-10001635,"KitchenAid Refrigerator, Silver",Office Supplies,Appliances,2619,
OFF-AP-10001664,"Cuisinart Stove, Black",Office Supplies,Appliances,2620,
OFF-AP-10001670,"Hoover Coffee Grinder, White",Office Supplies,Appliances,2621,
OFF-AP-10001682,"Hamilton Beach Blender, Black",Office Supplies,Appliances,2622,
OFF-AP-10001692,"KitchenAid Stove, Black",Office Supplies,Appliances,2623,
OFF-AP-10001723,"Hoover Blender, Black",Office Supplies,Appliances,2624,
OFF-AP-10001772,"Hoover Toaster, White",Office Supplies,Appliances,2625,
OFF-AP-10001776,"Hamilton Beach Microwave, White",Office Supplies,Appliances,2626,
OFF-AP-10001776,"Hoover Refrigerator, Red",Office Supplies,Appliances,2627,
OFF-AP-10001797,"Cuisinart Blender, Black",Office Supplies,Appliances,2628,
OFF-AP-10001805,"KitchenAid Toaster, Silver",Office Supplies,Appliances,2629,
OFF-AP-10001815,"Hoover Refrigerator, Black",Office Supplies,Appliances,2630,
OFF-AP-10001824,"Hamilton Beach Blender, Silver",Office Supplies,Appliances,2631,
OFF-AP-10001824,"Breville Stove, Silver",Office Supplies,Appliances,2632,
OFF-AP-10001847,"Breville Toaster, Red",Office Supplies,Appliances,2633,
OFF-AP-10001876,"Hoover Coffee Grinder, Silver",Office Supplies,Appliances,2634,
OFF-AP-10001882,"Breville Coffee Grinder, Silver",Office Supplies,Appliances,2635,
OFF-AP-10001885,"Hamilton Beach Coffee Grinder, White",Office Supplies,Appliances,2636,
OFF-AP-10001891,"Cuisinart Coffee Grinder, Black",Office Supplies,Appliances,2637,
OFF-AP-10001905,"KitchenAid Toaster, White",Office Supplies,Appliances,2638,
OFF-AP-10001916,"Breville Blender, Black",Office Supplies,Appliances,2639,
OFF-AP-10001920,"KitchenAid Microwave, Silver",Office Supplies,Appliances,2640,
OFF-AP-10001926,"Hamilton Beach Refrigerator, White",Office Supplies,Appliances,2641,
OFF-AP-10001931,"Hoover Blender, Black",Office Supplies,Appliances,2642,
OFF-AP-10001931,"Cuisinart Stove, Red",Office Supplies,Appliances,2643,
OFF-AP-10001941,"KitchenAid Blender, White",Office Supplies,Appliances,2644,
OFF-AP-10001947,Acco 6 Outlet Guardian Premium Plus Surge Suppressor,Office Supplies,Appliances,2645,
OFF-AP-10001955,"Hoover Microwave, White",Office Supplies,Appliances,2646,
OFF-AP-10001956,"Breville Refrigerator, Black",Office Supplies,Appliances,2647,
OFF-AP-10001962,Black & Decker Filter for Double Action Dustbuster Cordless Vac BLDV7210,Office Supplies,Appliances,2648,
OFF-AP-10001975,"Cuisinart Microwave, Black",Office Supplies,Appliances,2649,
OFF-AP-10002008,"Hamilton Beach Microwave, Silver",Office Supplies,Appliances,2650,
OFF-AP-10002017,"Cuisinart Blender, Red",Office Supplies,Appliances,2651,
OFF-AP-10002041,"Cuisinart Toaster, White",Office Supplies,Appliances,2652,
OFF-AP-10002057,"Breville Coffee Grinder, Black",Office Supplies,Appliances,2653,
OFF-AP-10002082,Holmes HEPA Air Purifier,Office Supplies,Appliances,2654,
OFF-AP-10002090,"Hamilton Beach Refrigerator, Red",Office Supplies,Appliances,2655,
OFF-AP-10002104,"Hoover Microwave, Red",Office Supplies,Appliances,2656,
OFF-AP-10002118,"1.7 Cubic Foot Compact ""Cube"" Office Refrigerators",Office Supplies,Appliances,2657,
OFF-AP-10002128,"Breville Toaster, White",Office Supplies,Appliances,2658,
OFF-AP-10002128,"Hoover Blender, Black",Office Supplies,Appliances,2659,
OFF-AP-10002134,"KitchenAid Coffee Grinder, White",Office Supplies,Appliances,2660,
OFF-AP-10002165,"Hamilton Beach Blender, White",Office Supplies,Appliances,2661,
OFF-AP-10002186,"KitchenAid Toaster, Red",Office Supplies,Appliances,2662,
OFF-AP-10002191,Belkin 8 Outlet SurgeMaster II Gold Surge Protector,Office Supplies,Appliances,2663,
OFF-AP-10002203,Eureka Disposable Bags for Sanitaire Vibra Groomer I Upright Vac,Office Supplies,Appliances,2664,
OFF-AP-10002222,Staples,Office Supplies,Appliances,2665,
OFF-AP-10002223,"Cuisinart Coffee Grinder, Red",Office Supplies,Appliances,2666,
OFF-AP-10002226,"Hoover Blender, Black",Office Supplies,Appliances,2667,
OFF-AP-10002229,"KitchenAid Coffee Grinder, Red",Office Supplies,Appliances,2668,
OFF-AP-10002238,"Hoover Coffee Grinder, Red",Office Supplies,Appliances,2669,
OFF-AP-10002239,"Hoover Toaster, White",Office Supplies,Appliances,2670,
OFF-AP-10002244,"Breville Refrigerator, White",Office Supplies,Appliances,2671,
OFF-AP-10002252,"Cuisinart Stove, Black",Office Supplies,Appliances,2672,
OFF-AP-10002264,"KitchenAid Blender, White",Office Supplies,Appliances,2673,
OFF-AP-10002283,"Hoover Toaster, Silver",Office Supplies,Appliances,2674,
OFF-AP-10002287,"Eureka Sanitaire  Multi-Pro Heavy-Duty Upright, Disposable Bags",Office Supplies,Appliances,2675,
OFF-AP-10002306,"KitchenAid Refrigerator, Silver",Office Supplies,Appliances,2676,
OFF-AP-10002311,"Holmes Replacement Filter for HEPA Air Cleaner, Very Large Room, HEPA Filter",Office Supplies,Appliances,2677,
OFF-AP-10002312,"KitchenAid Refrigerator, Black",Office Supplies,Appliances,2678,
OFF-AP-10002317,"Hamilton Beach Refrigerator, Silver",Office Supplies,Appliances,2679,
OFF-AP-10002321,"Hoover Microwave, Silver",Office Supplies,Appliances,2680,
OFF-AP-10002326,"Hamilton Beach Microwave, White",Office Supplies,Appliances,2681,
OFF-AP-10002330,"Hamilton Beach Stove, Silver",Office Supplies,Appliances,2682,
OFF-AP-10002344,"Hoover Microwave, Silver",Office Supplies,Appliances,2683,
OFF-AP-10002350,Belkin F9H710-06 7 Outlet SurgeMaster Surge Protector,Office Supplies,Appliances,2684,
OFF-AP-10002351,"Hamilton Beach Refrigerator, Silver",Office Supplies,Appliances,2685,
OFF-AP-10002360,"Cuisinart Blender, White",Office Supplies,Appliances,2686,
OFF-AP-10002361,"Hoover Microwave, Red",Office Supplies,Appliances,2687,
OFF-AP-10002364,"KitchenAid Toaster, Black",Office Supplies,Appliances,2688,
OFF-AP-10002371,"KitchenAid Blender, Silver",Office Supplies,Appliances,2689,
OFF-AP-10002397,"Breville Microwave, White",Office Supplies,Appliances,2690,
OFF-AP-10002403,Acco Smartsocket Color-Coded Six-Outlet AC Adapter Model Surge Protectors,Office Supplies,Appliances,2691,
OFF-AP-10002413,"Breville Coffee Grinder, Black",Office Supplies,Appliances,2692,
OFF-AP-10002421,"Breville Stove, Silver",Office Supplies,Appliances,2693,
OFF-AP-10002425,"Hamilton Beach Refrigerator, Black",Office Supplies,Appliances,2694,
OFF-AP-10002433,"Cuisinart Microwave, Silver",Office Supplies,Appliances,2695,
OFF-AP-10002439,Tripp Lite Isotel 8 Ultra 8 Outlet Metal Surge,Office Supplies,Appliances,2696,
OFF-AP-10002439,"Cuisinart Blender, Silver",Office Supplies,Appliances,2697,
OFF-AP-10002457,"Eureka The Boss Plus 12-Amp Hard Box Upright Vacuum, Red",Office Supplies,Appliances,2698,
OFF-AP-10002472,3M Office Air Cleaner,Office Supplies,Appliances,2699,
OFF-AP-10002476,"Cuisinart Blender, Red",Office Supplies,Appliances,2700,
OFF-AP-10002495,"Acco Smartsocket Table Surge Protector, 6 Color-Coded Adapter Outlets",Office Supplies,Appliances,2701,
OFF-AP-10002497,"Hamilton Beach Coffee Grinder, White",Office Supplies,Appliances,2702,
OFF-AP-10002499,"Cuisinart Microwave, White",Office Supplies,Appliances,2703,
OFF-AP-10002518,Kensington 7 Outlet MasterPiece Power Center,Office Supplies,Appliances,2704,
OFF-AP-10002531,"Cuisinart Blender, Red",Office Supplies,Appliances,2705,
OFF-AP-10002531,"Hoover Blender, White",Office Supplies,Appliances,2706,
OFF-AP-10002534,3.6 Cubic Foot Counter Height Office Refrigerator,Office Supplies,Appliances,2707,
OFF-AP-10002536,"Hoover Refrigerator, White",Office Supplies,Appliances,2708,
OFF-AP-10002537,"Hamilton Beach Microwave, Red",Office Supplies,Appliances,2709,
OFF-AP-10002552,"Hamilton Beach Stove, White",Office Supplies,Appliances,2710,
OFF-AP-10002568,"Hamilton Beach Toaster, Black",Office Supplies,Appliances,2711,
OFF-AP-10002573,"Hamilton Beach Stove, Black",Office Supplies,Appliances,2712,
OFF-AP-10002577,"Hamilton Beach Coffee Grinder, Black",Office Supplies,Appliances,2713,
OFF-AP-10002578,"Fellowes Premier Superior Surge Suppressor, 10-Outlet, With Phone and Remote",Office Supplies,Appliances,2714,
OFF-AP-10002608,"Breville Toaster, Black",Office Supplies,Appliances,2715,
OFF-AP-10002625,"Cuisinart Microwave, Black",Office Supplies,Appliances,2716,
OFF-AP-10002629,"Cuisinart Stove, White",Office Supplies,Appliances,2717,
OFF-AP-10002651,Hoover Upright Vacuum With Dirt Cup,Office Supplies,Appliances,2718,
OFF-AP-10002670,Belkin 8-Outlet Premiere SurgeMaster II Surge Protectors,Office Supplies,Appliances,2719,
OFF-AP-10002675,"Cuisinart Refrigerator, Black",Office Supplies,Appliances,2720,
OFF-AP-10002681,"Hamilton Beach Stove, Black",Office Supplies,Appliances,2721,
OFF-AP-10002684,"Acco 7-Outlet Masterpiece Power Center, Wihtout Fax/Phone Line Protection",Office Supplies,Appliances,2722,
OFF-AP-10002697,"Breville Coffee Grinder, Red",Office Supplies,Appliances,2723,
OFF-AP-10002698,"Cuisinart Microwave, Black",Office Supplies,Appliances,2724,
OFF-AP-10002709,"Breville Coffee Grinder, White",Office Supplies,Appliances,2725,
OFF-AP-10002734,Holmes Harmony HEPA Air Purifier for 17 x 20 Room,Office Supplies,Appliances,2726,
OFF-AP-10002735,"Cuisinart Toaster, Black",Office Supplies,Appliances,2727,
OFF-AP-10002753,"Cuisinart Toaster, Red",Office Supplies,Appliances,2728,
OFF-AP-10002764,"Hoover Microwave, Black",Office Supplies,Appliances,2729,
OFF-AP-10002765,Fellowes Advanced Computer Series Surge Protectors,Office Supplies,Appliances,2730,
OFF-AP-10002793,"KitchenAid Stove, Black",Office Supplies,Appliances,2731,
OFF-AP-10002794,"KitchenAid Microwave, Black",Office Supplies,Appliances,2732,
OFF-AP-10002822,"KitchenAid Toaster, Red",Office Supplies,Appliances,2733,
OFF-AP-10002867,Fellowes Command Center 5-outlet power strip,Office Supplies,Appliances,2734,
OFF-AP-10002872,"Cuisinart Coffee Grinder, White",Office Supplies,Appliances,2735,
OFF-AP-10002882,"KitchenAid Coffee Grinder, Silver",Office Supplies,Appliances,2736,
OFF-AP-10002892,Belkin F5C206VTEL 6 Outlet Surge,Office Supplies,Appliances,2737,
OFF-AP-10002899,"Breville Toaster, Silver",Office Supplies,Appliances,2738,
OFF-AP-10002904,"Hamilton Beach Refrigerator, Silver",Office Supplies,Appliances,2739,
OFF-AP-10002906,Hoover Replacement Belt for Commercial Guardsman Heavy-Duty Upright Vacuum,Office Supplies,Appliances,2740,
OFF-AP-10002932,"Breville Refrigerator, White",Office Supplies,Appliances,2741,
OFF-AP-10002933,"Hoover Blender, Silver",Office Supplies,Appliances,2742,
OFF-AP-10002938,"KitchenAid Toaster, Black",Office Supplies,Appliances,2743,
OFF-AP-10002941,"Breville Refrigerator, Silver",Office Supplies,Appliances,2744,
OFF-AP-10002945,Honeywell Enviracaire Portable HEPA Air Cleaner for 17' x 22' Room,Office Supplies,Appliances,2745,
OFF-AP-10002960,"Hamilton Beach Toaster, Black",Office Supplies,Appliances,2746,
OFF-AP-10002963,"Hoover Toaster, Red",Office Supplies,Appliances,2747,
OFF-AP-10002998,"KitchenAid Microwave, Red",Office Supplies,Appliances,2748,
OFF-AP-10002998,Holmes 99% HEPA Air Purifier,Office Supplies,Appliances,2749,
OFF-AP-10003007,"Breville Toaster, Red",Office Supplies,Appliances,2750,
OFF-AP-10003021,"Breville Stove, White",Office Supplies,Appliances,2751,
OFF-AP-10003032,"Hoover Stove, Red",Office Supplies,Appliances,2752,
OFF-AP-10003032,"Hamilton Beach Blender, Silver",Office Supplies,Appliances,2753,
OFF-AP-10003040,Fellowes 8 Outlet Superior Workstation Surge Protector w/o Phone/Fax/Modem Protection,Office Supplies,Appliances,2754,
OFF-AP-10003043,"Breville Blender, White",Office Supplies,Appliances,2755,
OFF-AP-10003057,Honeywell Enviracaire Portable HEPA Air Cleaner for 16' x 20' Room,Office Supplies,Appliances,2756,
OFF-AP-10003079,"Cuisinart Coffee Grinder, Silver",Office Supplies,Appliances,2757,
OFF-AP-10003099,"Eureka Hand Vacuum, Bagless",Office Supplies,Appliances,2758,
OFF-AP-10003135,"KitchenAid Toaster, White",Office Supplies,Appliances,2759,
OFF-AP-10003177,"Hamilton Beach Toaster, White",Office Supplies,Appliances,2760,
OFF-AP-10003182,"Breville Toaster, Silver",Office Supplies,Appliances,2761,
OFF-AP-10003184,"KitchenAid Stove, Silver",Office Supplies,Appliances,2762,
OFF-AP-10003210,"Cuisinart Toaster, White",Office Supplies,Appliances,2763,
OFF-AP-10003217,Eureka Sanitaire  Commercial Upright,Office Supplies,Appliances,2764,
OFF-AP-10003221,"Cuisinart Refrigerator, Red",Office Supplies,Appliances,2765,
OFF-AP-10003236,"Hoover Blender, Black",Office Supplies,Appliances,2766,
OFF-AP-10003240,"Breville Stove, Black",Office Supplies,Appliances,2767,
OFF-AP-10003259,"Cuisinart Refrigerator, Silver",Office Supplies,Appliances,2768,
OFF-AP-10003266,"Holmes Replacement Filter for HEPA Air Cleaner, Large Room",Office Supplies,Appliances,2769,
OFF-AP-10003275,"KitchenAid Microwave, Silver",Office Supplies,Appliances,2770,
OFF-AP-10003278,Belkin 7-Outlet SurgeMaster Home Series,Office Supplies,Appliances,2771,
OFF-AP-10003281,Acco 6 Outlet Guardian Standard Surge Suppressor,Office Supplies,Appliances,2772,
OFF-AP-10003287,Tripp Lite TLP810NET Broadband Surge for Modem/Fax,Office Supplies,Appliances,2773,
OFF-AP-10003287,"KitchenAid Stove, Silver",Office Supplies,Appliances,2774,
OFF-AP-10003298,"KitchenAid Coffee Grinder, Black",Office Supplies,Appliances,2775,
OFF-AP-10003304,"Cuisinart Microwave, White",Office Supplies,Appliances,2776,
OFF-AP-10003308,"KitchenAid Stove, Black",Office Supplies,Appliances,2777,
OFF-AP-10003318,"Breville Blender, Black",Office Supplies,Appliances,2778,
OFF-AP-10003334,"Cuisinart Coffee Grinder, Silver",Office Supplies,Appliances,2779,
OFF-AP-10003354,"KitchenAid Microwave, White",Office Supplies,Appliances,2780,
OFF-AP-10003363,"Hoover Blender, White",Office Supplies,Appliances,2781,
OFF-AP-10003380,"KitchenAid Coffee Grinder, Black",Office Supplies,Appliances,2782,
OFF-AP-10003382,"Breville Stove, White",Office Supplies,Appliances,2783,
OFF-AP-10003400,"Hamilton Beach Toaster, Black",Office Supplies,Appliances,2784,
OFF-AP-10003431,"Hamilton Beach Toaster, Red",Office Supplies,Appliances,2785,
OFF-AP-10003442,"Hamilton Beach Coffee Grinder, Black",Office Supplies,Appliances,2786,
OFF-AP-10003473,"Hoover Coffee Grinder, Black",Office Supplies,Appliances,2787,
OFF-AP-10003477,"Hamilton Beach Blender, Silver",Office Supplies,Appliances,2788,
OFF-AP-10003491,"Hoover Coffee Grinder, Silver",Office Supplies,Appliances,2789,
OFF-AP-10003497,"Breville Coffee Grinder, Black",Office Supplies,Appliances,2790,
OFF-AP-10003497,"KitchenAid Microwave, Red",Office Supplies,Appliances,2791,
OFF-AP-10003500,"KitchenAid Microwave, White",Office Supplies,Appliances,2792,
OFF-AP-10003511,"Cuisinart Microwave, Black",Office Supplies,Appliances,2793,
OFF-AP-10003524,"Breville Blender, Black",Office Supplies,Appliances,2794,
OFF-AP-10003538,"Hamilton Beach Microwave, Silver",Office Supplies,Appliances,2795,
OFF-AP-10003558,"Hoover Refrigerator, White",Office Supplies,Appliances,2796,
OFF-AP-10003559,"Hamilton Beach Stove, Red",Office Supplies,Appliances,2797,
OFF-AP-10003561,"Breville Microwave, Black",Office Supplies,Appliances,2798,
OFF-AP-10003562,"Hamilton Beach Toaster, Silver",Office Supplies,Appliances,2799,
OFF-AP-10003568,"Hoover Stove, Black",Office Supplies,Appliances,2800,
OFF-AP-10003577,"Hoover Stove, Silver",Office Supplies,Appliances,2801,
OFF-AP-10003577,"Cuisinart Blender, Black",Office Supplies,Appliances,2802,
OFF-AP-10003588,"Hoover Refrigerator, Silver",Office Supplies,Appliances,2803,
OFF-AP-10003590,"KitchenAid Refrigerator, Black",Office Supplies,Appliances,2804,
OFF-AP-10003590,Hoover WindTunnel Plus Canister Vacuum,Office Supplies,Appliances,2805,
OFF-AP-10003598,"Breville Refrigerator, Red",Office Supplies,Appliances,2806,
OFF-AP-10003610,"Hamilton Beach Coffee Grinder, Silver",Office Supplies,Appliances,2807,
OFF-AP-10003615,"Hamilton Beach Blender, Black",Office Supplies,Appliances,2808,
OFF-AP-10003618,"Hoover Refrigerator, Silver",Office Supplies,Appliances,2809,
OFF-AP-10003621,"KitchenAid Refrigerator, Red",Office Supplies,Appliances,2810,
OFF-AP-10003622,"Hamilton Beach Microwave, Silver",Office Supplies,Appliances,2811,
OFF-AP-10003622,"Bravo II Megaboss 12-Amp Hard Body Upright, Replacement Belts, 2 Belts per Pack",Office Supplies,Appliances,2812,
OFF-AP-10003625,"Hoover Microwave, White",Office Supplies,Appliances,2813,
OFF-AP-10003702,"Cuisinart Refrigerator, White",Office Supplies,Appliances,2814,
OFF-AP-10003717,"Breville Coffee Grinder, White",Office Supplies,Appliances,2815,
OFF-AP-10003758,"KitchenAid Blender, Silver",Office Supplies,Appliances,2816,
OFF-AP-10003758,"Hamilton Beach Blender, White",Office Supplies,Appliances,2817,
OFF-AP-10003774,"Hoover Coffee Grinder, Black",Office Supplies,Appliances,2818,
OFF-AP-10003779,Kensington 7 Outlet MasterPiece Power Center with Fax/Phone Line Protection,Office Supplies,Appliances,2819,
OFF-AP-10003794,"Cuisinart Refrigerator, Red",Office Supplies,Appliances,2820,
OFF-AP-10003795,"Hoover Refrigerator, Red",Office Supplies,Appliances,2821,
OFF-AP-10003800,"Hoover Microwave, Silver",Office Supplies,Appliances,2822,
OFF-AP-10003800,"Cuisinart Coffee Grinder, White",Office Supplies,Appliances,2823,
OFF-AP-10003834,"KitchenAid Stove, Red",Office Supplies,Appliances,2824,
OFF-AP-10003842,Euro-Pro Shark Turbo Vacuum,Office Supplies,Appliances,2825,
OFF-AP-10003849,Hoover Shoulder Vac Commercial Portable Vacuum,Office Supplies,Appliances,2826,
OFF-AP-10003850,"Hoover Blender, White",Office Supplies,Appliances,2827,
OFF-AP-10003860,Fellowes Advanced 8 Outlet Surge Suppressor with Phone/Fax Protection,Office Supplies,Appliances,2828,
OFF-AP-10003860,"KitchenAid Blender, Black",Office Supplies,Appliances,2829,
OFF-AP-10003866,"Breville Microwave, Red",Office Supplies,Appliances,2830,
OFF-AP-10003884,"Fellowes Smart Surge Ten-Outlet Protector, Platinum",Office Supplies,Appliances,2831,
OFF-AP-10003909,"KitchenAid Blender, Black",Office Supplies,Appliances,2832,
OFF-AP-10003912,"Hoover Blender, Silver",Office Supplies,Appliances,2833,
OFF-AP-10003914,"Sanitaire Vibra Groomer IR Commercial Upright Vacuum, Replacement Belts",Office Supplies,Appliances,2834,
OFF-AP-10003917,"KitchenAid Stove, Silver",Office Supplies,Appliances,2835,
OFF-AP-10003945,"Hamilton Beach Stove, Red",Office Supplies,Appliances,2836,
OFF-AP-10003945,"Breville Toaster, Silver",Office Supplies,Appliances,2837,
OFF-AP-10003956,"Hoover Toaster, Red",Office Supplies,Appliances,2838,
OFF-AP-10003963,"Breville Microwave, Silver",Office Supplies,Appliances,2839,
OFF-AP-10003965,"Cuisinart Stove, White",Office Supplies,Appliances,2840,
OFF-AP-10003971,"Hoover Toaster, Red",Office Supplies,Appliances,2841,
OFF-AP-10003971,Belkin 6 Outlet Metallic Surge Strip,Office Supplies,Appliances,2842,
OFF-AP-10003972,"Hoover Coffee Grinder, Silver",Office Supplies,Appliances,2843,
OFF-AP-10003979,"KitchenAid Blender, Black",Office Supplies,Appliances,2844,
OFF-AP-10004031,"Hamilton Beach Microwave, White",Office Supplies,Appliances,2845,
OFF-AP-10004036,Bionaire 99.97% HEPA Air Cleaner,Office Supplies,Appliances,2846,
OFF-AP-10004041,"KitchenAid Microwave, White",Office Supplies,Appliances,2847,
OFF-AP-10004052,"Hoover Replacement Belts For Soft Guard & Commercial Ltweight Upright Vacs, 2/Pk",Office Supplies,Appliances,2848,
OFF-AP-10004063,"Cuisinart Stove, Silver",Office Supplies,Appliances,2849,
OFF-AP-10004113,"Cuisinart Toaster, White",Office Supplies,Appliances,2850,
OFF-AP-10004136,Kensington 6 Outlet SmartSocket Surge Protector,Office Supplies,Appliances,2851,
OFF-AP-10004140,"Breville Stove, Silver",Office Supplies,Appliances,2852,
OFF-AP-10004168,"Cuisinart Stove, White",Office Supplies,Appliances,2853,
OFF-AP-10004183,"Breville Microwave, Red",Office Supplies,Appliances,2854,
OFF-AP-10004186,"Breville Refrigerator, Black",Office Supplies,Appliances,2855,
OFF-AP-10004191,"Cuisinart Refrigerator, Silver",Office Supplies,Appliances,2856,
OFF-AP-10004201,"Breville Refrigerator, White",Office Supplies,Appliances,2857,
OFF-AP-10004220,"Hamilton Beach Coffee Grinder, White",Office Supplies,Appliances,2858,
OFF-AP-10004226,"Cuisinart Coffee Grinder, Black",Office Supplies,Appliances,2859,
OFF-AP-10004226,"Hamilton Beach Stove, Red",Office Supplies,Appliances,2860,
OFF-AP-10004227,"Hamilton Beach Refrigerator, White",Office Supplies,Appliances,2861,
OFF-AP-10004233,Honeywell Enviracaire Portable Air Cleaner for up to 8 x 10 Room,Office Supplies,Appliances,2862,
OFF-AP-10004245,"Hoover Stove, Black",Office Supplies,Appliances,2863,
OFF-AP-10004246,"Breville Stove, Red",Office Supplies,Appliances,2864,
OFF-AP-10004248,"Hoover Toaster, White",Office Supplies,Appliances,2865,
OFF-AP-10004249,Staples,Office Supplies,Appliances,2866,
OFF-AP-10004274,"Hamilton Beach Blender, Black",Office Supplies,Appliances,2867,
OFF-AP-10004293,"KitchenAid Refrigerator, Silver",Office Supplies,Appliances,2868,
OFF-AP-10004295,"Cuisinart Refrigerator, Silver",Office Supplies,Appliances,2869,
OFF-AP-10004305,"Breville Blender, Silver",Office Supplies,Appliances,2870,
OFF-AP-10004336,"Conquest 14 Commercial Heavy-Duty Upright Vacuum, Collection System, Accessory Kit",Office Supplies,Appliances,2871,
OFF-AP-10004350,"KitchenAid Refrigerator, Red",Office Supplies,Appliances,2872,
OFF-AP-10004372,"Hoover Coffee Grinder, White",Office Supplies,Appliances,2873,
OFF-AP-10004415,"Hoover Microwave, Red",Office Supplies,Appliances,2874,
OFF-AP-10004425,"Hoover Coffee Grinder, White",Office Supplies,Appliances,2875,
OFF-AP-10004453,"Hoover Toaster, White",Office Supplies,Appliances,2876,
OFF-AP-10004464,"Cuisinart Stove, White",Office Supplies,Appliances,2877,
OFF-AP-10004466,"Cuisinart Toaster, Black",Office Supplies,Appliances,2878,
OFF-AP-10004487,Kensington 4 Outlet MasterPiece Compact Power Control Center,Office Supplies,Appliances,2879,
OFF-AP-10004494,"Hoover Blender, Black",Office Supplies,Appliances,2880,
OFF-AP-10004499,"Cuisinart Stove, Red",Office Supplies,Appliances,2881,
OFF-AP-10004511,"Cuisinart Refrigerator, Black",Office Supplies,Appliances,2882,
OFF-AP-10004512,"Hoover Stove, Red",Office Supplies,Appliances,2883,
OFF-AP-10004515,"Hamilton Beach Coffee Grinder, Red",Office Supplies,Appliances,2884,
OFF-AP-10004527,"Hamilton Beach Toaster, White",Office Supplies,Appliances,2885,
OFF-AP-10004532,Kensington 6 Outlet Guardian Standard Surge Protector,Office Supplies,Appliances,2886,
OFF-AP-10004540,"Eureka The Boss Lite 10-Amp Upright Vacuum, Blue",Office Supplies,Appliances,2887,
OFF-AP-10004569,"Hoover Coffee Grinder, Red",Office Supplies,Appliances,2888,
OFF-AP-10004571,"Hoover Stove, Silver",Office Supplies,Appliances,2889,
OFF-AP-10004572,"Cuisinart Stove, Red",Office Supplies,Appliances,2890,
OFF-AP-10004627,"Hamilton Beach Stove, Silver",Office Supplies,Appliances,2891,
OFF-AP-10004646,"Hoover Refrigerator, Black",Office Supplies,Appliances,2892,
OFF-AP-10004655,"Holmes Visible Mist Ultrasonic Humidifier with 2.3-Gallon Output per Day, Replacement Filter",Office Supplies,Appliances,2893,
OFF-AP-10004665,"Hamilton Beach Coffee Grinder, Red",Office Supplies,Appliances,2894,
OFF-AP-10004698,"Breville Microwave, Red",Office Supplies,Appliances,2895,
OFF-AP-10004708,Fellowes Superior 10 Outlet Split Surge Protector,Office Supplies,Appliances,2896,
OFF-AP-10004711,"Breville Refrigerator, Silver",Office Supplies,Appliances,2897,
OFF-AP-10004749,"Cuisinart Coffee Grinder, Red",Office Supplies,Appliances,2898,
OFF-AP-10004755,"KitchenAid Microwave, Black",Office Supplies,Appliances,2899,
OFF-AP-10004756,"Hamilton Beach Toaster, Red",Office Supplies,Appliances,2900,
OFF-AP-10004785,"Cuisinart Microwave, Silver",Office Supplies,Appliances,2901,
OFF-AP-10004785,"Holmes Replacement Filter for HEPA Air Cleaner, Medium Room",Office Supplies,Appliances,2902,
OFF-AP-10004821,"Hamilton Beach Stove, Black",Office Supplies,Appliances,2903,
OFF-AP-10004825,"Cuisinart Toaster, Red",Office Supplies,Appliances,2904,
OFF-AP-10004841,"Hamilton Beach Toaster, Silver",Office Supplies,Appliances,2905,
OFF-AP-10004859,Acco 6 Outlet Guardian Premium Surge Suppressor,Office Supplies,Appliances,2906,
OFF-AP-10004868,Hoover Commercial Soft Guard Upright Vacuum And Disposable Filtration Bags,Office Supplies,Appliances,2907,
OFF-AP-10004869,"KitchenAid Toaster, White",Office Supplies,Appliances,2908,
OFF-AP-10004882,"Hamilton Beach Microwave, Black",Office Supplies,Appliances,2909,
OFF-AP-10004913,"KitchenAid Refrigerator, Black",Office Supplies,Appliances,2910,
OFF-AP-10004919,"Hamilton Beach Blender, White",Office Supplies,Appliances,2911,
OFF-AP-10004921,"Breville Toaster, Red",Office Supplies,Appliances,2912,
OFF-AP-10004937,"Hoover Microwave, White",Office Supplies,Appliances,2913,
OFF-AP-10004946,"KitchenAid Toaster, Black",Office Supplies,Appliances,2914,
OFF-AP-10004958,"KitchenAid Stove, Black",Office Supplies,Appliances,2915,
OFF-AP-10004964,"Hoover Stove, White",Office Supplies,Appliances,2916,
OFF-AP-10004972,"Breville Coffee Grinder, Red",Office Supplies,Appliances,2917,
OFF-AP-10004978,"KitchenAid Coffee Grinder, Red",Office Supplies,Appliances,2918,
OFF-AP-10004980,3M Replacement Filter for Office Air Cleaner for 20' x 33' Room,Office Supplies,Appliances,2919,
OFF-AP-10004994,"Hamilton Beach Refrigerator, Red",Office Supplies,Appliances,2920,
OFF-BRE-10000157,"Breville Toaster, Red",Office Supplies,Appliances,4289,
OFF-BRE-10000391,"Breville Toaster, Black",Office Supplies,Appliances,4290,
OFF-BRE-10000448,"Breville Coffee Grinder, Silver",Office Supplies,Appliances,4291,
OFF-BRE-10000493,"Breville Coffee Grinder, Red",Office Supplies,Appliances,4292,
OFF-BRE-10001107,"Breville Stove, Red",Office Supplies,Appliances,4293,
OFF-BRE-10001197,"Breville Refrigerator, Black",Office Supplies,Appliances,4294,
OFF-BRE-10001343,"Breville Blender, Silver",Office Supplies,Appliances,4295,
OFF-BRE-10001378,"Breville Toaster, White",Office Supplies,Appliances,4296,
OFF-BRE-10002255,"Breville Stove, White",Office Supplies,Appliances,4297,
OFF-BRE-10002706,"Breville Microwave, White",Office Supplies,Appliances,4298,
OFF-BRE-10002738,"Breville Microwave, Silver",Office Supplies,Appliances,4299,
OFF-BRE-10003081,"Breville Coffee Grinder, Black",Office Supplies,Appliances,4300,
OFF-BRE-10003295,"Breville Microwave, Red",Office Supplies,Appliances,4301,
OFF-BRE-10003382,"Breville Stove, Silver",Office Supplies,Appliances,4302,
OFF-BRE-10003443,"Breville Refrigerator, Silver",Office Supplies,Appliances,4303,
OFF-BRE-10003558,"Breville Refrigerator, White",Office Supplies,Appliances,4304,
OFF-BRE-10004073,"Breville Refrigerator, Red",Office Supplies,Appliances,4305,
OFF-BRE-10004211,"Breville Blender, White",Office Supplies,Appliances,4306,
OFF-BRE-10004310,"Breville Blender, Black",Office Supplies,Appliances,4307,
OFF-BRE-10004359,"Breville Coffee Grinder, White",Office Supplies,Appliances,4308,
OFF-BRE-10004436,"Breville Stove, Black",Office Supplies,Appliances,4309,
OFF-BRE-10004872,"Breville Blender, Black",Office Supplies,Appliances,4310,
OFF-BRE-10004933,"Breville Toaster, Silver",Office Supplies,Appliances,4311,
OFF-CUI-10000105,"Cuisinart Microwave, Black",Office Supplies,Appliances,4359,
OFF-CUI-10000140,"Cuisinart Microwave, Silver",Office Supplies,Appliances,4360,
OFF-CUI-10000203,"Cuisinart Toaster, Black",Office Supplies,Appliances,4361,
OFF-CUI-10000682,"Cuisinart Stove, Silver",Office Supplies,Appliances,4362,
OFF-CUI-10001032,"Cuisinart Stove, Red",Office Supplies,Appliances,4363,
OFF-CUI-10001060,"Cuisinart Toaster, Red",Office Supplies,Appliances,4364,
OFF-CUI-10001302,"Cuisinart Blender, Silver",Office Supplies,Appliances,4365,
OFF-CUI-10001670,"Cuisinart Stove, White",Office Supplies,Appliances,4366,
OFF-CUI-10001965,"Cuisinart Microwave, White",Office Supplies,Appliances,4367,
OFF-CUI-10001990,"Cuisinart Refrigerator, White",Office Supplies,Appliances,4368,
OFF-CUI-10002022,"Cuisinart Refrigerator, Black",Office Supplies,Appliances,4369,
OFF-CUI-10002269,"Cuisinart Refrigerator, Red",Office Supplies,Appliances,4370,
OFF-CUI-10002314,"Cuisinart Coffee Grinder, Silver",Office Supplies,Appliances,4371,
OFF-CUI-10002413,"Cuisinart Coffee Grinder, Black",Office Supplies,Appliances,4372,
OFF-CUI-10002506,"Cuisinart Blender, White",Office Supplies,Appliances,4373,
OFF-CUI-10003409,"Cuisinart Refrigerator, Silver",Office Supplies,Appliances,4374,
OFF-CUI-10003665,"Cuisinart Blender, Red",Office Supplies,Appliances,4375,
OFF-CUI-10003670,"Cuisinart Toaster, White",Office Supplies,Appliances,4376,
OFF-CUI-10003923,"Cuisinart Coffee Grinder, Red",Office Supplies,Appliances,4377,
OFF-CUI-10003993,"Cuisinart Microwave, Red",Office Supplies,Appliances,4378,
OFF-CUI-10004428,"Cuisinart Coffee Grinder, White",Office Supplies,Appliances,4379,
OFF-CUI-10004536,"Cuisinart Blender, Black",Office Supplies,Appliances,4380,
OFF-HAM-10000312,"Hamilton Beach Refrigerator, Red",Office Supplies,Appliances,5530,
OFF-HAM-10000430,"Hamilton Beach Blender, Black",Office Supplies,Appliances,5531,
OFF-HAM-10000822,"Hamilton Beach Toaster, Black",Office Supplies,Appliances,5532,
OFF-HAM-10000983,"Hamilton Beach Refrigerator, White",Office Supplies,Appliances,5533,
OFF-HAM-10001107,"Hamilton Beach Refrigerator, Silver",Office Supplies,Appliances,5534,
OFF-HAM-10001302,"Hamilton Beach Microwave, White",Office Supplies,Appliances,5535,
OFF-HAM-10001387,"Hamilton Beach Coffee Grinder, Black",Office Supplies,Appliances,5536,
OFF-HAM-10001621,"Hamilton Beach Refrigerator, Black",Office Supplies,Appliances,5537,
OFF-HAM-10001712,"Hamilton Beach Blender, Silver",Office Supplies,Appliances,5538,
OFF-HAM-10002455,"Hamilton Beach Toaster, Red",Office Supplies,Appliances,5539,
OFF-HAM-10002778,"Hamilton Beach Microwave, Black",Office Supplies,Appliances,5540,
OFF-HAM-10003040,"Hamilton Beach Stove, White",Office Supplies,Appliances,5541,
OFF-HAM-10003368,"Hamilton Beach Blender, Black",Office Supplies,Appliances,5542,
OFF-HAM-10003628,"Hamilton Beach Coffee Grinder, Red",Office Supplies,Appliances,5543,
OFF-HAM-10003663,"Hamilton Beach Stove, Black",Office Supplies,Appliances,5544,
OFF-HAM-10003872,"Hamilton Beach Blender, White",Office Supplies,Appliances,5545,
OFF-HAM-10003992,"Hamilton Beach Toaster, Silver",Office Supplies,Appliances,5546,
OFF-HAM-10004122,"Hamilton Beach Microwave, Silver",Office Supplies,Appliances,5547,
OFF-HAM-10004471,"Hamilton Beach Coffee Grinder, Silver",Office Supplies,Appliances,5548,
OFF-HAM-10004674,"Hamilton Beach Stove, Silver",Office Supplies,Appliances,5549,
OFF-HAM-10004805,"Hamilton Beach Coffee Grinder, White",Office Supplies,Appliances,5550,
OFF-HAM-10004896,"Hamilton Beach Microwave, Red",Office Supplies,Appliances,5551,
OFF-HAM-10004917,"Hamilton Beach Stove, Red",Office Supplies,Appliances,5552,
OFF-HOO-10000318,"Hoover Microwave, Silver",Office Supplies,Appliances,5601,
OFF-HOO-10000335,"Hoover Microwave, White",Office Supplies,Appliances,5602,
OFF-HOO-10000445,"Hoover Refrigerator, Black",Office Supplies,Appliances,5603,
OFF-HOO-10000638,"Hoover Toaster, Black",Office Supplies,Appliances,5604,
OFF-HOO-10001105,"Hoover Refrigerator, Silver",Office Supplies,Appliances,5605,
OFF-HOO-10001248,"Hoover Coffee Grinder, Silver",Office Supplies,Appliances,5606,
OFF-HOO-10001448,"Hoover Blender, White",Office Supplies,Appliances,5607,
OFF-HOO-10001783,"Hoover Microwave, Red",Office Supplies,Appliances,5608,
OFF-HOO-10001881,"Hoover Stove, White",Office Supplies,Appliances,5609,
OFF-HOO-10001987,"Hoover Coffee Grinder, Red",Office Supplies,Appliances,5610,
OFF-HOO-10002386,"Hoover Toaster, Silver",Office Supplies,Appliances,5611,
OFF-HOO-10002715,"Hoover Coffee Grinder, White",Office Supplies,Appliances,5612,
OFF-HOO-10002752,"Hoover Refrigerator, Red",Office Supplies,Appliances,5613,
OFF-HOO-10002920,"Hoover Stove, Black",Office Supplies,Appliances,5614,
OFF-HOO-10002946,"Hoover Stove, Red",Office Supplies,Appliances,5615,
OFF-HOO-10003246,"Hoover Blender, Black",Office Supplies,Appliances,5616,
OFF-HOO-10003269,"Hoover Toaster, Red",Office Supplies,Appliances,5617,
OFF-HOO-10003338,"Hoover Blender, Silver",Office Supplies,Appliances,5618,
OFF-HOO-10003653,"Hoover Stove, Silver",Office Supplies,Appliances,5619,
OFF-HOO-10003820,"Hoover Toaster, White",Office Supplies,Appliances,5620,
OFF-HOO-10004188,"Hoover Blender, Black",Office Supplies,Appliances,5621,
OFF-HOO-10004243,"Hoover Microwave, Black",Office Supplies,Appliances,5622,
OFF-HOO-10004910,"Hoover Refrigerator, White",Office Supplies,Appliances,5623,
OFF-KIT-10000099,"KitchenAid Refrigerator, Silver",Office Supplies,Appliances,5672,
OFF-KIT-10000624,"KitchenAid Blender, Black",Office Supplies,Appliances,5673,
OFF-KIT-10000717,"KitchenAid Toaster, White",Office Supplies,Appliances,5674,
OFF-KIT-10000964,"KitchenAid Coffee Grinder, White",Office Supplies,Appliances,5675,
OFF-KIT-10001040,"KitchenAid Coffee Grinder, Black",Office Supplies,Appliances,5676,
OFF-KIT-10001213,"KitchenAid Refrigerator, Black",Office Supplies,Appliances,5677,
OFF-KIT-10001245,"KitchenAid Blender, Black",Office Supplies,Appliances,5678,
OFF-KIT-10001380,"KitchenAid Microwave, Black",Office Supplies,Appliances,5679,
OFF-KIT-10001609,"KitchenAid Coffee Grinder, Red",Office Supplies,Appliances,5680,
OFF-KIT-10001791,"KitchenAid Refrigerator, White",Office Supplies,Appliances,5681,
OFF-KIT-10001899,"KitchenAid Toaster, Black",Office Supplies,Appliances,5682,
OFF-KIT-10002357,"KitchenAid Blender, White",Office Supplies,Appliances,5683,
OFF-KIT-10002678,"KitchenAid Coffee Grinder, Silver",Office Supplies,Appliances,5684,
OFF-KIT-10002828,"KitchenAid Microwave, White",Office Supplies,Appliances,5685,
OFF-KIT-10003337,"KitchenAid Microwave, Silver",Office Supplies,Appliances,5686,
OFF-KIT-10003611,"KitchenAid Stove, Red",Office Supplies,Appliances,5687,
OFF-KIT-10003683,"KitchenAid Stove, Silver",Office Supplies,Appliances,5688,
OFF-KIT-10003757,"KitchenAid Refrigerator, Red",Office Supplies,Appliances,5689,
OFF-KIT-10003938,"KitchenAid Toaster, Red",Office Supplies,Appliances,5690,
OFF-KIT-10003990,"KitchenAid Toaster, Silver",Office Supplies,Appliances,5691,
OFF-KIT-10004058,"KitchenAid Stove, White",Office Supplies,Appliances,5692,
OFF-KIT-10004515,"KitchenAid Microwave, Red",Office Supplies,Appliances,5693,
OFF-KIT-10004732,"KitchenAid Blender, Silver",Office Supplies,Appliances,5694,
OFF-ACC-10000375,"Accos Staples, 12 Pack",Office Supplies,Fasteners,2335,
OFF-ACC-10000497,"Accos Rubber Bands, Assorted Sizes",Office Supplies,Fasteners,2336,
OFF-ACC-10000687,"Accos Clamps, 12 Pack",Office Supplies,Fasteners,2337,
OFF-ACC-10001028,"Accos Push Pins, Metal",Office Supplies,Fasteners,2340,
OFF-ACC-10001281,"Accos Clamps, Bulk Pack",Office Supplies,Fasteners,2341,
OFF-ACC-10002167,"Accos Paper Clips, Metal",Office Supplies,Fasteners,2345,
OFF-ACC-10002327,"Accos Thumb Tacks, Metal",Office Supplies,Fasteners,2347,
OFF-ACC-10002425,"Accos Thumb Tacks, Assorted Sizes",Office Supplies,Fasteners,2349,
OFF-ACC-10002834,"Accos Thumb Tacks, 12 Pack",Office Supplies,Fasteners,2352,
OFF-ACC-10002853,"Accos Thumb Tacks, Bulk Pack",Office Supplies,Fasteners,2354,
OFF-ACC-10003265,"Accos Rubber Bands, Bulk Pack",Office Supplies,Fasteners,2355,
OFF-ACC-10003713,"Accos Clamps, Assorted Sizes",Office Supplies,Fasteners,2358,
OFF-ACC-10003745,"Accos Paper Clips, Assorted Sizes",Office Supplies,Fasteners,2359,
OFF-ACC-10003806,"Accos Clamps, Metal",Office Supplies,Fasteners,2361,
OFF-ACC-10003909,"Accos Push Pins, Assorted Sizes",Office Supplies,Fasteners,2362,
OFF-ACC-10003925,"Accos Staples, Bulk Pack",Office Supplies,Fasteners,2363,
OFF-ACC-10003984,"Accos Paper Clips, Assorted Sizes",Office Supplies,Fasteners,2364,
OFF-ACC-10004278,"Accos Paper Clips, Bulk Pack",Office Supplies,Fasteners,2367,
OFF-ACC-10004364,"Accos Push Pins, Bulk Pack",Office Supplies,Fasteners,2370,
OFF-ACC-10004430,"Accos Rubber Bands, 12 Pack",Office Supplies,Fasteners,2371,
OFF-ACC-10004713,"Accos Staples, Assorted Sizes",Office Supplies,Fasteners,2374,
OFF-ACC-10004748,"Accos Push Pins, 12 Pack",Office Supplies,Fasteners,2375,
OFF-ACC-10004782,"Accos Staples, Metal",Office Supplies,Fasteners,2376,
OFF-ACC-10004910,"Accos Rubber Bands, Metal",Office Supplies,Fasteners,2378,
OFF-ADV-10000177,"Advantus Staples, Metal",Office Supplies,Fasteners,2402,
OFF-ADV-10000213,"Advantus Rubber Bands, Metal",Office Supplies,Fasteners,2403,
OFF-ADV-10000308,"Advantus Push Pins, 12 Pack",Office Supplies,Fasteners,2404,
OFF-ADV-10000331,"Advantus Paper Clips, Assorted Sizes",Office Supplies,Fasteners,2405,
OFF-ADV-10000425,"Advantus Clamps, Metal",Office Supplies,Fasteners,2406,
OFF-ADV-10000551,"Advantus Thumb Tacks, Bulk Pack",Office Supplies,Fasteners,2407,
OFF-ADV-10001124,"Advantus Clamps, 12 Pack",Office Supplies,Fasteners,2408,
OFF-ADV-10001437,"Advantus Paper Clips, Bulk Pack",Office Supplies,Fasteners,2409,
OFF-ADV-10001451,"Advantus Clamps, Assorted Sizes",Office Supplies,Fasteners,2410,
OFF-ADV-10002299,"Advantus Rubber Bands, 12 Pack",Office Supplies,Fasteners,2411,
OFF-ADV-10002549,"Advantus Rubber Bands, Assorted Sizes",Office Supplies,Fasteners,2412,
OFF-ADV-10002593,"Advantus Clamps, Bulk Pack",Office Supplies,Fasteners,2413,
OFF-ADV-10003030,"Advantus Staples, 12 Pack",Office Supplies,Fasteners,2414,
OFF-ADV-10003050,"Advantus Rubber Bands, Bulk Pack",Office Supplies,Fasteners,2415,
OFF-ADV-10003125,"Advantus Paper Clips, Assorted Sizes",Office Supplies,Fasteners,2416,
OFF-ADV-10003196,"Advantus Staples, Assorted Sizes",Office Supplies,Fasteners,2417,
OFF-ADV-10003369,"Advantus Thumb Tacks, Assorted Sizes",Office Supplies,Fasteners,2418,
OFF-ADV-10004030,"Advantus Push Pins, Metal",Office Supplies,Fasteners,2419,
OFF-ADV-10004228,"Advantus Push Pins, Assorted Sizes",Office Supplies,Fasteners,2420,
OFF-ADV-10004241,"Advantus Thumb Tacks, 12 Pack",Office Supplies,Fasteners,2421,
OFF-ADV-10004274,"Advantus Thumb Tacks, Metal",Office Supplies,Fasteners,2422,
OFF-ADV-10004598,"Advantus Paper Clips, Metal",Office Supplies,Fasteners,2423,
OFF-ADV-10004875,"Advantus Staples, Bulk Pack",Office Supplies,Fasteners,2424,
OFF-FA-10000010,"OIC Staples, Metal",Office Supplies,Fasteners,4972,
OFF-FA-10000027,"Stockwell Rubber Bands, Bulk Pack",Office Supplies,Fasteners,4973,
OFF-FA-10000038,"Stockwell Clamps, Assorted Sizes",Office Supplies,Fasteners,4974,
OFF-FA-10000038,"Advantus Clamps, Metal",Office Supplies,Fasteners,4975,
OFF-FA-10000046,"Advantus Staples, Bulk Pack",Office Supplies,Fasteners,4976,
OFF-FA-10000053,Revere Boxed Rubber Bands by Revere,Office Supplies,Fasteners,4977,
OFF-FA-10000059,"Stockwell Clamps, Bulk Pack",Office Supplies,Fasteners,4978,
OFF-FA-10000067,"Stockwell Staples, 12 Pack",Office Supplies,Fasteners,4979,
OFF-FA-10000074,"Stockwell Push Pins, Bulk Pack",Office Supplies,Fasteners,4980,
OFF-FA-10000087,"Accos Clamps, Assorted Sizes",Office Supplies,Fasteners,4981,
OFF-FA-10000089,Acco Glide Clips,Office Supplies,Fasteners,4982,
OFF-FA-10000089,"OIC Rubber Bands, Assorted Sizes",Office Supplies,Fasteners,4983,
OFF-FA-10000091,"Stockwell Push Pins, Metal",Office Supplies,Fasteners,4984,
OFF-FA-10000099,"Stockwell Paper Clips, Metal",Office Supplies,Fasteners,4985,
OFF-FA-10000122,"Advantus Paper Clips, Assorted Sizes",Office Supplies,Fasteners,4986,
OFF-FA-10000131,"Accos Clamps, 12 Pack",Office Supplies,Fasteners,4987,
OFF-FA-10000134,"Stockwell Push Pins, Assorted Sizes",Office Supplies,Fasteners,4988,
OFF-FA-10000134,"Advantus Push Pins, Aluminum Head",Office Supplies,Fasteners,4989,
OFF-FA-10000136,"Accos Paper Clips, Assorted Sizes",Office Supplies,Fasteners,4990,
OFF-FA-10000146,"Stockwell Rubber Bands, Assorted Sizes",Office Supplies,Fasteners,4991,
OFF-FA-10000154,"OIC Paper Clips, Bulk Pack",Office Supplies,Fasteners,4992,
OFF-FA-10000179,"Advantus Paper Clips, Metal",Office Supplies,Fasteners,4993,
OFF-FA-10000189,"OIC Paper Clips, 12 Pack",Office Supplies,Fasteners,4994,
OFF-FA-10000191,"Stockwell Rubber Bands, 12 Pack",Office Supplies,Fasteners,4995,
OFF-FA-10000194,"OIC Push Pins, Metal",Office Supplies,Fasteners,4996,
OFF-FA-10000196,"OIC Paper Clips, Bulk Pack",Office Supplies,Fasteners,4997,
OFF-FA-10000197,"Stockwell Rubber Bands, Assorted Sizes",Office Supplies,Fasteners,4998,
OFF-FA-10000197,"Stockwell Push Pins, Metal",Office Supplies,Fasteners,4999,
OFF-FA-10000207,"OIC Clamps, Assorted Sizes",Office Supplies,Fasteners,5000,
OFF-FA-10000227,"OIC Clamps, Metal",Office Supplies,Fasteners,5001,
OFF-FA-10000248,"Stockwell Rubber Bands, Assorted Sizes",Office Supplies,Fasteners,5002,
OFF-FA-10000254,Sterling Rubber Bands by Alliance,Office Supplies,Fasteners,5003,
OFF-FA-10000256,"Advantus Clamps, Bulk Pack",Office Supplies,Fasteners,5004,
OFF-FA-10000260,"Stockwell Push Pins, Metal",Office Supplies,Fasteners,5005,
OFF-FA-10000263,"Stockwell Thumb Tacks, Bulk Pack",Office Supplies,Fasteners,5006,
OFF-FA-10000294,"Advantus Clamps, Metal",Office Supplies,Fasteners,5007,
OFF-FA-10000300,"Stockwell Push Pins, Assorted Sizes",Office Supplies,Fasteners,5008,
OFF-FA-10000304,Advantus Push Pins,Office Supplies,Fasteners,5009,
OFF-FA-10000349,"OIC Push Pins, 12 Pack",Office Supplies,Fasteners,5010,
OFF-FA-10000353,"Accos Staples, Metal",Office Supplies,Fasteners,5011,
OFF-FA-10000353,"Stockwell Clamps, Assorted Sizes",Office Supplies,Fasteners,5012,
OFF-FA-10000401,"Advantus Paper Clips, Metal",Office Supplies,Fasteners,5013,
OFF-FA-10000406,"Advantus Thumb Tacks, Metal",Office Supplies,Fasteners,5014,
OFF-FA-10000411,"Accos Clamps, Assorted Sizes",Office Supplies,Fasteners,5015,
OFF-FA-10000429,"Stockwell Push Pins, Bulk Pack",Office Supplies,Fasteners,5016,
OFF-FA-10000439,"Stockwell Thumb Tacks, Assorted Sizes",Office Supplies,Fasteners,5017,
OFF-FA-10000447,"Accos Paper Clips, Assorted Sizes",Office Supplies,Fasteners,5018,
OFF-FA-10000455,"Stockwell Thumb Tacks, 12 Pack",Office Supplies,Fasteners,5019,
OFF-FA-10000459,"OIC Paper Clips, 12 Pack",Office Supplies,Fasteners,5020,
OFF-FA-10000467,"Stockwell Push Pins, 12 Pack",Office Supplies,Fasteners,5021,
OFF-FA-10000470,"Stockwell Paper Clips, Assorted Sizes",Office Supplies,Fasteners,5022,
OFF-FA-10000471,"Accos Paper Clips, Assorted Sizes",Office Supplies,Fasteners,5023,
OFF-FA-10000474,"OIC Staples, 12 Pack",Office Supplies,Fasteners,5024,
OFF-FA-10000475,"OIC Paper Clips, Metal",Office Supplies,Fasteners,5025,
OFF-FA-10000487,"Stockwell Paper Clips, Bulk Pack",Office Supplies,Fasteners,5026,
OFF-FA-10000490,"OIC Binder Clips, Mini, 1/4"" Capacity, Black",Office Supplies,Fasteners,5027,
OFF-FA-10000509,"Advantus Clamps, Bulk Pack",Office Supplies,Fasteners,5028,
OFF-FA-10000520,"Stockwell Paper Clips, Bulk Pack",Office Supplies,Fasteners,5029,
OFF-FA-10000522,"Stockwell Thumb Tacks, 12 Pack",Office Supplies,Fasteners,5030,
OFF-FA-10000540,"Stockwell Staples, Assorted Sizes",Office Supplies,Fasteners,5031,
OFF-FA-10000549,"Advantus Staples, Metal",Office Supplies,Fasteners,5032,
OFF-FA-10000563,"Accos Push Pins, Assorted Sizes",Office Supplies,Fasteners,5033,
OFF-FA-10000571,"Accos Rubber Bands, Assorted Sizes",Office Supplies,Fasteners,5034,
OFF-FA-10000577,"Stockwell Push Pins, 12 Pack",Office Supplies,Fasteners,5035,
OFF-FA-10000581,"Stockwell Thumb Tacks, Metal",Office Supplies,Fasteners,5036,
OFF-FA-10000585,OIC Bulk Pack Metal Binder Clips,Office Supplies,Fasteners,5037,
OFF-FA-10000611,Binder Clips by OIC,Office Supplies,Fasteners,5038,
OFF-FA-10000621,"OIC Colored Binder Clips, Assorted Sizes",Office Supplies,Fasteners,5039,
OFF-FA-10000624,OIC Binder Clips,Office Supplies,Fasteners,5040,
OFF-FA-10000631,"Accos Rubber Bands, Assorted Sizes",Office Supplies,Fasteners,5041,
OFF-FA-10000644,"Accos Push Pins, Metal",Office Supplies,Fasteners,5042,
OFF-FA-10000659,"Stockwell Clamps, 12 Pack",Office Supplies,Fasteners,5043,
OFF-FA-10000670,"Advantus Clamps, Assorted Sizes",Office Supplies,Fasteners,5044,
OFF-FA-10000697,"Advantus Rubber Bands, 12 Pack",Office Supplies,Fasteners,5045,
OFF-FA-10000700,"OIC Thumb Tacks, 12 Pack",Office Supplies,Fasteners,5046,
OFF-FA-10000713,"Stockwell Clamps, 12 Pack",Office Supplies,Fasteners,5047,
OFF-FA-10000720,"Advantus Rubber Bands, Bulk Pack",Office Supplies,Fasteners,5048,
OFF-FA-10000735,Staples,Office Supplies,Fasteners,5049,
OFF-FA-10000740,"Accos Staples, Bulk Pack",Office Supplies,Fasteners,5050,
OFF-FA-10000746,"Advantus Thumb Tacks, 12 Pack",Office Supplies,Fasteners,5051,
OFF-FA-10000757,"Stockwell Paper Clips, Assorted Sizes",Office Supplies,Fasteners,5052,
OFF-FA-10000790,"Stockwell Rubber Bands, Bulk Pack",Office Supplies,Fasteners,5053,
OFF-FA-10000799,"OIC Push Pins, Bulk Pack",Office Supplies,Fasteners,5054,
OFF-FA-10000801,"Advantus Paper Clips, Assorted Sizes",Office Supplies,Fasteners,5055,
OFF-FA-10000805,"Accos Staples, 12 Pack",Office Supplies,Fasteners,5056,
OFF-FA-10000834,"Advantus Staples, Assorted Sizes",Office Supplies,Fasteners,5057,
OFF-FA-10000838,"Stockwell Push Pins, Assorted Sizes",Office Supplies,Fasteners,5058,
OFF-FA-10000840,OIC Thumb-Tacks,Office Supplies,Fasteners,5059,
OFF-FA-10000856,"Stockwell Thumb Tacks, Bulk Pack",Office Supplies,Fasteners,5060,
OFF-FA-10000899,"Stockwell Clamps, 12 Pack",Office Supplies,Fasteners,5061,
OFF-FA-10000907,"OIC Rubber Bands, Bulk Pack",Office Supplies,Fasteners,5062,
OFF-FA-10000936,Acco Hot Clips Clips to Go,Office Supplies,Fasteners,5063,
OFF-FA-10000974,"Stockwell Paper Clips, Bulk Pack",Office Supplies,Fasteners,5064,
OFF-FA-10000992,"Acco Clips to Go Binder Clips, 24 Clips in Two Sizes",Office Supplies,Fasteners,5065,
OFF-FA-10000999,"OIC Thumb Tacks, 12 Pack",Office Supplies,Fasteners,5066,
OFF-FA-10001010,"Stockwell Clamps, Metal",Office Supplies,Fasteners,5067,
OFF-FA-10001026,"Stockwell Paper Clips, Assorted Sizes",Office Supplies,Fasteners,5068,
OFF-FA-10001026,"Stockwell Staples, Metal",Office Supplies,Fasteners,5069,
OFF-FA-10001029,"OIC Push Pins, Assorted Sizes",Office Supplies,Fasteners,5070,
OFF-FA-10001030,"Stockwell Paper Clips, Assorted Sizes",Office Supplies,Fasteners,5071,
OFF-FA-10001039,"Stockwell Clamps, 12 Pack",Office Supplies,Fasteners,5072,
OFF-FA-10001045,"Stockwell Staples, 12 Pack",Office Supplies,Fasteners,5073,
OFF-FA-10001051,"OIC Rubber Bands, Metal",Office Supplies,Fasteners,5074,
OFF-FA-10001052,"Stockwell Paper Clips, Assorted Sizes",Office Supplies,Fasteners,5075,
OFF-FA-10001054,"Advantus Thumb Tacks, Metal",Office Supplies,Fasteners,5076,
OFF-FA-10001057,"Accos Clamps, Assorted Sizes",Office Supplies,Fasteners,5077,
OFF-FA-10001072,"Advantus Clamps, 12 Pack",Office Supplies,Fasteners,5078,
OFF-FA-10001082,"OIC Staples, Assorted Sizes",Office Supplies,Fasteners,5079,
OFF-FA-10001086,"Accos Rubber Bands, Assorted Sizes",Office Supplies,Fasteners,5080,
OFF-FA-10001097,"Accos Paper Clips, Assorted Sizes",Office Supplies,Fasteners,5081,
OFF-FA-10001104,"Stockwell Paper Clips, Assorted Sizes",Office Supplies,Fasteners,5082,
OFF-FA-10001111,"Advantus Rubber Bands, 12 Pack",Office Supplies,Fasteners,5083,
OFF-FA-10001113,"OIC Push Pins, Assorted Sizes",Office Supplies,Fasteners,5084,
OFF-FA-10001115,"Accos Push Pins, Assorted Sizes",Office Supplies,Fasteners,5085,
OFF-FA-10001126,"Accos Paper Clips, Metal",Office Supplies,Fasteners,5086,
OFF-FA-10001128,"Stockwell Clamps, Bulk Pack",Office Supplies,Fasteners,5087,
OFF-FA-10001135,"Brites Rubber Bands, 1 1/2 oz. Box",Office Supplies,Fasteners,5088,
OFF-FA-10001152,"Stockwell Clamps, Metal",Office Supplies,Fasteners,5089,
OFF-FA-10001175,"OIC Staples, Bulk Pack",Office Supplies,Fasteners,5090,
OFF-FA-10001184,"Stockwell Staples, Assorted Sizes",Office Supplies,Fasteners,5091,
OFF-FA-10001187,"Stockwell Paper Clips, Bulk Pack",Office Supplies,Fasteners,5092,
OFF-FA-10001199,"Advantus Thumb Tacks, 12 Pack",Office Supplies,Fasteners,5093,
OFF-FA-10001213,"Advantus Push Pins, 12 Pack",Office Supplies,Fasteners,5094,
OFF-FA-10001228,"Accos Clamps, Bulk Pack",Office Supplies,Fasteners,5095,
OFF-FA-10001229,Staples,Office Supplies,Fasteners,5096,
OFF-FA-10001237,"Stockwell Push Pins, Bulk Pack",Office Supplies,Fasteners,5097,
OFF-FA-10001246,"OIC Staples, Metal",Office Supplies,Fasteners,5098,
OFF-FA-10001272,"OIC Thumb Tacks, Assorted Sizes",Office Supplies,Fasteners,5099,
OFF-FA-10001297,"OIC Staples, 12 Pack",Office Supplies,Fasteners,5100,
OFF-FA-10001304,"Stockwell Push Pins, Assorted Sizes",Office Supplies,Fasteners,5101,
OFF-FA-10001309,"Stockwell Thumb Tacks, 12 Pack",Office Supplies,Fasteners,5102,
OFF-FA-10001330,"OIC Rubber Bands, Bulk Pack",Office Supplies,Fasteners,5103,
OFF-FA-10001332,"Acco Banker's Clasps, 5 3/4""-Long",Office Supplies,Fasteners,5104,
OFF-FA-10001337,"Stockwell Staples, Assorted Sizes",Office Supplies,Fasteners,5105,
OFF-FA-10001339,"Accos Thumb Tacks, Bulk Pack",Office Supplies,Fasteners,5106,
OFF-FA-10001348,"Accos Thumb Tacks, Metal",Office Supplies,Fasteners,5107,
OFF-FA-10001359,"Stockwell Rubber Bands, Assorted Sizes",Office Supplies,Fasteners,5108,
OFF-FA-10001375,"Accos Clamps, 12 Pack",Office Supplies,Fasteners,5109,
OFF-FA-10001401,"OIC Staples, 12 Pack",Office Supplies,Fasteners,5110,
OFF-FA-10001419,"Stockwell Rubber Bands, 12 Pack",Office Supplies,Fasteners,5111,
OFF-FA-10001427,"Stockwell Paper Clips, Bulk Pack",Office Supplies,Fasteners,5112,
OFF-FA-10001435,"Advantus Rubber Bands, Metal",Office Supplies,Fasteners,5113,
OFF-FA-10001476,"OIC Paper Clips, Assorted Sizes",Office Supplies,Fasteners,5114,
OFF-FA-10001520,"Stockwell Thumb Tacks, 12 Pack",Office Supplies,Fasteners,5115,
OFF-FA-10001521,"Stockwell Thumb Tacks, Assorted Sizes",Office Supplies,Fasteners,5116,
OFF-FA-10001526,"Stockwell Rubber Bands, 12 Pack",Office Supplies,Fasteners,5117,
OFF-FA-10001530,"Accos Paper Clips, Assorted Sizes",Office Supplies,Fasteners,5118,
OFF-FA-10001551,"Stockwell Thumb Tacks, 12 Pack",Office Supplies,Fasteners,5119,
OFF-FA-10001561,Stockwell Push Pins,Office Supplies,Fasteners,5120,
OFF-FA-10001563,"Stockwell Staples, Bulk Pack",Office Supplies,Fasteners,5121,
OFF-FA-10001567,"Advantus Paper Clips, Bulk Pack",Office Supplies,Fasteners,5122,
OFF-FA-10001574,"Accos Clamps, Bulk Pack",Office Supplies,Fasteners,5123,
OFF-FA-10001577,"Stockwell Staples, Bulk Pack",Office Supplies,Fasteners,5124,
OFF-FA-10001596,"Stockwell Clamps, 12 Pack",Office Supplies,Fasteners,5125,
OFF-FA-10001613,"OIC Thumb Tacks, Bulk Pack",Office Supplies,Fasteners,5126,
OFF-FA-10001621,"Accos Rubber Bands, 12 Pack",Office Supplies,Fasteners,5127,
OFF-FA-10001621,"OIC Rubber Bands, Bulk Pack",Office Supplies,Fasteners,5128,
OFF-FA-10001631,"Advantus Staples, Bulk Pack",Office Supplies,Fasteners,5129,
OFF-FA-10001650,"OIC Push Pins, Metal",Office Supplies,Fasteners,5130,
OFF-FA-10001651,"Stockwell Thumb Tacks, Bulk Pack",Office Supplies,Fasteners,5131,
OFF-FA-10001670,"Stockwell Thumb Tacks, Metal",Office Supplies,Fasteners,5132,
OFF-FA-10001680,"OIC Push Pins, Metal",Office Supplies,Fasteners,5133,
OFF-FA-10001684,"Accos Staples, Bulk Pack",Office Supplies,Fasteners,5134,
OFF-FA-10001698,"Stockwell Clamps, Assorted Sizes",Office Supplies,Fasteners,5135,
OFF-FA-10001700,"Accos Rubber Bands, Bulk Pack",Office Supplies,Fasteners,5136,
OFF-FA-10001702,"Advantus Push Pins, 12 Pack",Office Supplies,Fasteners,5137,
OFF-FA-10001710,"Advantus Rubber Bands, Metal",Office Supplies,Fasteners,5138,
OFF-FA-10001711,"Accos Rubber Bands, 12 Pack",Office Supplies,Fasteners,5139,
OFF-FA-10001718,"Accos Staples, Assorted Sizes",Office Supplies,Fasteners,5140,
OFF-FA-10001724,"Advantus Paper Clips, Assorted Sizes",Office Supplies,Fasteners,5141,
OFF-FA-10001727,"Advantus Thumb Tacks, Assorted Sizes",Office Supplies,Fasteners,5142,
OFF-FA-10001754,Stockwell Gold Paper Clips,Office Supplies,Fasteners,5143,
OFF-FA-10001761,"OIC Thumb Tacks, Metal",Office Supplies,Fasteners,5144,
OFF-FA-10001764,"OIC Staples, Bulk Pack",Office Supplies,Fasteners,5145,
OFF-FA-10001776,"Stockwell Rubber Bands, Metal",Office Supplies,Fasteners,5146,
OFF-FA-10001783,"Stockwell Rubber Bands, Metal",Office Supplies,Fasteners,5147,
OFF-FA-10001800,"Accos Paper Clips, Metal",Office Supplies,Fasteners,5148,
OFF-FA-10001815,"Advantus Push Pins, Bulk Pack",Office Supplies,Fasteners,5149,
OFF-FA-10001832,"Accos Rubber Bands, Metal",Office Supplies,Fasteners,5150,
OFF-FA-10001838,"Stockwell Paper Clips, Metal",Office Supplies,Fasteners,5151,
OFF-FA-10001843,Staples,Office Supplies,Fasteners,5152,
OFF-FA-10001871,"Stockwell Rubber Bands, Bulk Pack",Office Supplies,Fasteners,5153,
OFF-FA-10001877,"Accos Thumb Tacks, Bulk Pack",Office Supplies,Fasteners,5154,
OFF-FA-10001883,"Alliance Super-Size Bands, Assorted Sizes",Office Supplies,Fasteners,5155,
OFF-FA-10001892,"Advantus Clamps, Metal",Office Supplies,Fasteners,5156,
OFF-FA-10001925,"Advantus Staples, 12 Pack",Office Supplies,Fasteners,5157,
OFF-FA-10001953,"Advantus Clamps, Bulk Pack",Office Supplies,Fasteners,5158,
OFF-FA-10001957,"OIC Push Pins, Bulk Pack",Office Supplies,Fasteners,5159,
OFF-FA-10001963,"Advantus Thumb Tacks, Assorted Sizes",Office Supplies,Fasteners,5160,
OFF-FA-10002011,"OIC Push Pins, Bulk Pack",Office Supplies,Fasteners,5161,
OFF-FA-10002015,"Stockwell Push Pins, 12 Pack",Office Supplies,Fasteners,5162,
OFF-FA-10002017,"Stockwell Paper Clips, Assorted Sizes",Office Supplies,Fasteners,5163,
OFF-FA-10002025,"Stockwell Clamps, Bulk Pack",Office Supplies,Fasteners,5164,
OFF-FA-10002045,"Accos Rubber Bands, Metal",Office Supplies,Fasteners,5165,
OFF-FA-10002047,"Stockwell Push Pins, Bulk Pack",Office Supplies,Fasteners,5166,
OFF-FA-10002058,"Stockwell Thumb Tacks, Assorted Sizes",Office Supplies,Fasteners,5167,
OFF-FA-10002061,"Accos Paper Clips, Bulk Pack",Office Supplies,Fasteners,5168,
OFF-FA-10002066,"OIC Clamps, Bulk Pack",Office Supplies,Fasteners,5169,
OFF-FA-10002071,"Accos Thumb Tacks, Assorted Sizes",Office Supplies,Fasteners,5170,
OFF-FA-10002084,"Accos Thumb Tacks, 12 Pack",Office Supplies,Fasteners,5171,
OFF-FA-10002085,"Stockwell Clamps, Assorted Sizes",Office Supplies,Fasteners,5172,
OFF-FA-10002100,"OIC Paper Clips, 12 Pack",Office Supplies,Fasteners,5173,
OFF-FA-10002101,"OIC Thumb Tacks, 12 Pack",Office Supplies,Fasteners,5174,
OFF-FA-10002120,"Advantus Paper Clips, Assorted Sizes",Office Supplies,Fasteners,5175,
OFF-FA-10002156,"Advantus Push Pins, Metal",Office Supplies,Fasteners,5176,
OFF-FA-10002163,"Stockwell Rubber Bands, Assorted Sizes",Office Supplies,Fasteners,5177,
OFF-FA-10002175,"OIC Push Pins, Assorted Sizes",Office Supplies,Fasteners,5178,
OFF-FA-10002177,"OIC Clamps, Metal",Office Supplies,Fasteners,5179,
OFF-FA-10002226,"Stockwell Thumb Tacks, Metal",Office Supplies,Fasteners,5180,
OFF-FA-10002241,"Stockwell Clamps, Bulk Pack",Office Supplies,Fasteners,5181,
OFF-FA-10002247,"OIC Paper Clips, Bulk Pack",Office Supplies,Fasteners,5182,
OFF-FA-10002247,"Stockwell Rubber Bands, Metal",Office Supplies,Fasteners,5183,
OFF-FA-10002248,"Stockwell Staples, Assorted Sizes",Office Supplies,Fasteners,5184,
OFF-FA-10002264,"Advantus Rubber Bands, Assorted Sizes",Office Supplies,Fasteners,5185,
OFF-FA-10002268,"OIC Clamps, 12 Pack",Office Supplies,Fasteners,5186,
OFF-FA-10002280,Advantus Plastic Paper Clips,Office Supplies,Fasteners,5187,
OFF-FA-10002286,"OIC Push Pins, Bulk Pack",Office Supplies,Fasteners,5188,
OFF-FA-10002308,"Accos Push Pins, Assorted Sizes",Office Supplies,Fasteners,5189,
OFF-FA-10002350,"OIC Staples, Assorted Sizes",Office Supplies,Fasteners,5190,
OFF-FA-10002353,"Accos Paper Clips, Metal",Office Supplies,Fasteners,5191,
OFF-FA-10002358,"Accos Push Pins, 12 Pack",Office Supplies,Fasteners,5192,
OFF-FA-10002360,"Advantus Staples, Bulk Pack",Office Supplies,Fasteners,5193,
OFF-FA-10002388,"Accos Push Pins, Assorted Sizes",Office Supplies,Fasteners,5194,
OFF-FA-10002393,"Accos Push Pins, Bulk Pack",Office Supplies,Fasteners,5195,
OFF-FA-10002427,"Stockwell Push Pins, 12 Pack",Office Supplies,Fasteners,5196,
OFF-FA-10002444,"Stockwell Clamps, 12 Pack",Office Supplies,Fasteners,5197,
OFF-FA-10002453,"Stockwell Thumb Tacks, Bulk Pack",Office Supplies,Fasteners,5198,
OFF-FA-10002459,"Advantus Clamps, Bulk Pack",Office Supplies,Fasteners,5199,
OFF-FA-10002481,"OIC Rubber Bands, 12 Pack",Office Supplies,Fasteners,5200,
OFF-FA-10002491,"Stockwell Rubber Bands, Bulk Pack",Office Supplies,Fasteners,5201,
OFF-FA-10002506,"OIC Rubber Bands, 12 Pack",Office Supplies,Fasteners,5202,
OFF-FA-10002526,"Accos Staples, 12 Pack",Office Supplies,Fasteners,5203,
OFF-FA-10002531,"Advantus Paper Clips, Bulk Pack",Office Supplies,Fasteners,5204,
OFF-FA-10002539,"Stockwell Rubber Bands, Metal",Office Supplies,Fasteners,5205,
OFF-FA-10002552,"Advantus Push Pins, Assorted Sizes",Office Supplies,Fasteners,5206,
OFF-FA-10002569,"Stockwell Staples, Metal",Office Supplies,Fasteners,5207,
OFF-FA-10002577,"Stockwell Push Pins, 12 Pack",Office Supplies,Fasteners,5208,
OFF-FA-10002597,"OIC Clamps, 12 Pack",Office Supplies,Fasteners,5209,
OFF-FA-10002600,"Accos Thumb Tacks, 12 Pack",Office Supplies,Fasteners,5210,
OFF-FA-10002617,"Advantus Clamps, Assorted Sizes",Office Supplies,Fasteners,5211,
OFF-FA-10002619,"Stockwell Rubber Bands, Metal",Office Supplies,Fasteners,5212,
OFF-FA-10002632,"Accos Staples, Metal",Office Supplies,Fasteners,5213,
OFF-FA-10002635,"Accos Thumb Tacks, Metal",Office Supplies,Fasteners,5214,
OFF-FA-10002636,"Accos Staples, 12 Pack",Office Supplies,Fasteners,5215,
OFF-FA-10002637,"OIC Clamps, Bulk Pack",Office Supplies,Fasteners,5216,
OFF-FA-10002639,"Advantus Staples, Metal",Office Supplies,Fasteners,5217,
OFF-FA-10002652,"Stockwell Staples, Bulk Pack",Office Supplies,Fasteners,5218,
OFF-FA-10002676,Colored Push Pins,Office Supplies,Fasteners,5219,
OFF-FA-10002683,"Stockwell Staples, Assorted Sizes",Office Supplies,Fasteners,5220,
OFF-FA-10002701,Alliance Rubber Bands,Office Supplies,Fasteners,5221,
OFF-FA-10002708,"Stockwell Staples, 12 Pack",Office Supplies,Fasteners,5222,
OFF-FA-10002715,"Stockwell Clamps, 12 Pack",Office Supplies,Fasteners,5223,
OFF-FA-10002717,"OIC Rubber Bands, Metal",Office Supplies,Fasteners,5224,
OFF-FA-10002719,"OIC Rubber Bands, Bulk Pack",Office Supplies,Fasteners,5225,
OFF-FA-10002728,"Advantus Paper Clips, Assorted Sizes",Office Supplies,Fasteners,5226,
OFF-FA-10002752,"Advantus Push Pins, Bulk Pack",Office Supplies,Fasteners,5227,
OFF-FA-10002759,"Stockwell Clamps, Bulk Pack",Office Supplies,Fasteners,5228,
OFF-FA-10002763,Advantus Map Pennant Flags and Round Head Tacks,Office Supplies,Fasteners,5229,
OFF-FA-10002780,Staples,Office Supplies,Fasteners,5230,
OFF-FA-10002782,"Accos Thumb Tacks, Assorted Sizes",Office Supplies,Fasteners,5231,
OFF-FA-10002790,"Stockwell Push Pins, 12 Pack",Office Supplies,Fasteners,5232,
OFF-FA-10002791,"OIC Push Pins, Assorted Sizes",Office Supplies,Fasteners,5233,
OFF-FA-10002803,"Accos Staples, Metal",Office Supplies,Fasteners,5234,
OFF-FA-10002815,Staples,Office Supplies,Fasteners,5235,
OFF-FA-10002815,"Stockwell Thumb Tacks, 12 Pack",Office Supplies,Fasteners,5236,
OFF-FA-10002831,"OIC Staples, Assorted Sizes",Office Supplies,Fasteners,5237,
OFF-FA-10002835,"OIC Staples, Assorted Sizes",Office Supplies,Fasteners,5238,
OFF-FA-10002890,"Accos Staples, Bulk Pack",Office Supplies,Fasteners,5239,
OFF-FA-10002895,"Accos Staples, 12 Pack",Office Supplies,Fasteners,5240,
OFF-FA-10002895,"Advantus Rubber Bands, Bulk Pack",Office Supplies,Fasteners,5241,
OFF-FA-10002900,"Stockwell Thumb Tacks, 12 Pack",Office Supplies,Fasteners,5242,
OFF-FA-10002964,"Accos Clamps, 12 Pack",Office Supplies,Fasteners,5243,
OFF-FA-10002965,"Accos Clamps, Bulk Pack",Office Supplies,Fasteners,5244,
OFF-FA-10002975,Staples,Office Supplies,Fasteners,5245,
OFF-FA-10002983,Advantus SlideClip Paper Clips,Office Supplies,Fasteners,5246,
OFF-FA-10002988,Ideal Clamps,Office Supplies,Fasteners,5247,
OFF-FA-10002991,"Stockwell Thumb Tacks, Bulk Pack",Office Supplies,Fasteners,5248,
OFF-FA-10002992,"Advantus Clamps, Assorted Sizes",Office Supplies,Fasteners,5249,
OFF-FA-10003004,"Advantus Push Pins, Metal",Office Supplies,Fasteners,5250,
OFF-FA-10003007,"OIC Rubber Bands, Assorted Sizes",Office Supplies,Fasteners,5251,
OFF-FA-10003015,"Accos Staples, Metal",Office Supplies,Fasteners,5252,
OFF-FA-10003020,"Accos Paper Clips, Bulk Pack",Office Supplies,Fasteners,5253,
OFF-FA-10003021,Staples,Office Supplies,Fasteners,5254,
OFF-FA-10003022,"Stockwell Clamps, Assorted Sizes",Office Supplies,Fasteners,5255,
OFF-FA-10003034,"OIC Rubber Bands, 12 Pack",Office Supplies,Fasteners,5256,
OFF-FA-10003050,"Stockwell Paper Clips, Metal",Office Supplies,Fasteners,5257,
OFF-FA-10003054,"Stockwell Rubber Bands, Metal",Office Supplies,Fasteners,5258,
OFF-FA-10003058,"Stockwell Rubber Bands, Assorted Sizes",Office Supplies,Fasteners,5259,
OFF-FA-10003059,Assorted Color Push Pins,Office Supplies,Fasteners,5260,
OFF-FA-10003112,Staples,Office Supplies,Fasteners,5261,
OFF-FA-10003123,"Stockwell Staples, Bulk Pack",Office Supplies,Fasteners,5262,
OFF-FA-10003139,"Advantus Push Pins, Assorted Sizes",Office Supplies,Fasteners,5263,
OFF-FA-10003144,"Stockwell Clamps, Metal",Office Supplies,Fasteners,5264,
OFF-FA-10003161,"OIC Paper Clips, Assorted Sizes",Office Supplies,Fasteners,5265,
OFF-FA-10003186,"Accos Push Pins, Bulk Pack",Office Supplies,Fasteners,5266,
OFF-FA-10003213,"Stockwell Paper Clips, Assorted Sizes",Office Supplies,Fasteners,5267,
OFF-FA-10003218,"Advantus Push Pins, Assorted Sizes",Office Supplies,Fasteners,5268,
OFF-FA-10003257,"Accos Thumb Tacks, 12 Pack",Office Supplies,Fasteners,5269,
OFF-FA-10003266,"Stockwell Clamps, Assorted Sizes",Office Supplies,Fasteners,5270,
OFF-FA-10003318,"Stockwell Clamps, Bulk Pack",Office Supplies,Fasteners,5271,
OFF-FA-10003332,"Accos Push Pins, 12 Pack",Office Supplies,Fasteners,5272,
OFF-FA-10003378,"Accos Push Pins, Metal",Office Supplies,Fasteners,5273,
OFF-FA-10003399,"Accos Paper Clips, Metal",Office Supplies,Fasteners,5274,
OFF-FA-10003411,"OIC Staples, Bulk Pack",Office Supplies,Fasteners,5275,
OFF-FA-10003415,"Stockwell Push Pins, Bulk Pack",Office Supplies,Fasteners,5276,
OFF-FA-10003429,"Accos Paper Clips, Metal",Office Supplies,Fasteners,5277,
OFF-FA-10003437,"Accos Clamps, Bulk Pack",Office Supplies,Fasteners,5278,
OFF-FA-10003450,"Advantus Paper Clips, Metal",Office Supplies,Fasteners,5279,
OFF-FA-10003462,"Stockwell Thumb Tacks, Assorted Sizes",Office Supplies,Fasteners,5280,
OFF-FA-10003463,"OIC Thumb Tacks, Assorted Sizes",Office Supplies,Fasteners,5281,
OFF-FA-10003464,"Stockwell Rubber Bands, 12 Pack",Office Supplies,Fasteners,5282,
OFF-FA-10003467,"Alliance Big Bands Rubber Bands, 12/Pack",Office Supplies,Fasteners,5283,
OFF-FA-10003472,Bagged Rubber Bands,Office Supplies,Fasteners,5284,
OFF-FA-10003485,Staples,Office Supplies,Fasteners,5285,
OFF-FA-10003495,Staples,Office Supplies,Fasteners,5286,
OFF-FA-10003496,"Stockwell Push Pins, Assorted Sizes",Office Supplies,Fasteners,5287,
OFF-FA-10003499,"Stockwell Paper Clips, Bulk Pack",Office Supplies,Fasteners,5288,
OFF-FA-10003505,"OIC Thumb Tacks, Metal",Office Supplies,Fasteners,5289,
OFF-FA-10003529,"Stockwell Thumb Tacks, Metal",Office Supplies,Fasteners,5290,
OFF-FA-10003530,"OIC Clamps, Bulk Pack",Office Supplies,Fasteners,5291,
OFF-FA-10003531,"Accos Thumb Tacks, Bulk Pack",Office Supplies,Fasteners,5292,
OFF-FA-10003542,"Stockwell Staples, Bulk Pack",Office Supplies,Fasteners,5293,
OFF-FA-10003546,"Stockwell Thumb Tacks, Metal",Office Supplies,Fasteners,5294,
OFF-FA-10003587,"Advantus Push Pins, Assorted Sizes",Office Supplies,Fasteners,5295,
OFF-FA-10003595,"OIC Thumb Tacks, Assorted Sizes",Office Supplies,Fasteners,5296,
OFF-FA-10003596,"Stockwell Push Pins, Bulk Pack",Office Supplies,Fasteners,5297,
OFF-FA-10003604,"Stockwell Paper Clips, Assorted Sizes",Office Supplies,Fasteners,5298,
OFF-FA-10003605,"Accos Push Pins, Bulk Pack",Office Supplies,Fasteners,5299,
OFF-FA-10003615,"Stockwell Staples, Assorted Sizes",Office Supplies,Fasteners,5300,
OFF-FA-10003626,"Advantus Rubber Bands, Assorted Sizes",Office Supplies,Fasteners,5301,
OFF-FA-10003631,"Advantus Paper Clips, Metal",Office Supplies,Fasteners,5302,
OFF-FA-10003638,"Stockwell Clamps, 12 Pack",Office Supplies,Fasteners,5303,
OFF-FA-10003659,"Accos Paper Clips, Assorted Sizes",Office Supplies,Fasteners,5304,
OFF-FA-10003668,"Accos Rubber Bands, 12 Pack",Office Supplies,Fasteners,5305,
OFF-FA-10003685,"Stockwell Rubber Bands, Bulk Pack",Office Supplies,Fasteners,5306,
OFF-FA-10003703,"Accos Clamps, Assorted Sizes",Office Supplies,Fasteners,5307,
OFF-FA-10003716,"OIC Rubber Bands, Metal",Office Supplies,Fasteners,5308,
OFF-FA-10003717,"Stockwell Clamps, Metal",Office Supplies,Fasteners,5309,
OFF-FA-10003727,"OIC Rubber Bands, Assorted Sizes",Office Supplies,Fasteners,5310,
OFF-FA-10003730,"Stockwell Thumb Tacks, Bulk Pack",Office Supplies,Fasteners,5311,
OFF-FA-10003734,"OIC Rubber Bands, Metal",Office Supplies,Fasteners,5312,
OFF-FA-10003744,"Stockwell Thumb Tacks, Assorted Sizes",Office Supplies,Fasteners,5313,
OFF-FA-10003745,"Accos Rubber Bands, Metal",Office Supplies,Fasteners,5314,
OFF-FA-10003749,"Advantus Rubber Bands, 12 Pack",Office Supplies,Fasteners,5315,
OFF-FA-10003779,"Stockwell Paper Clips, Assorted Sizes",Office Supplies,Fasteners,5316,
OFF-FA-10003782,"Advantus Paper Clips, Bulk Pack",Office Supplies,Fasteners,5317,
OFF-FA-10003789,"Accos Push Pins, Metal",Office Supplies,Fasteners,5318,
OFF-FA-10003797,"Advantus Push Pins, 12 Pack",Office Supplies,Fasteners,5319,
OFF-FA-10003799,"Accos Clamps, Metal",Office Supplies,Fasteners,5320,
OFF-FA-10003815,"Stockwell Clamps, Metal",Office Supplies,Fasteners,5321,
OFF-FA-10003816,"Stockwell Staples, Metal",Office Supplies,Fasteners,5322,
OFF-FA-10003817,"Stockwell Clamps, Metal",Office Supplies,Fasteners,5323,
OFF-FA-10003818,"Stockwell Staples, 12 Pack",Office Supplies,Fasteners,5324,
OFF-FA-10003819,"Advantus Paper Clips, Assorted Sizes",Office Supplies,Fasteners,5325,
OFF-FA-10003833,"OIC Thumb Tacks, Metal",Office Supplies,Fasteners,5326,
OFF-FA-10003836,"Stockwell Rubber Bands, 12 Pack",Office Supplies,Fasteners,5327,
OFF-FA-10003838,"Stockwell Rubber Bands, Assorted Sizes",Office Supplies,Fasteners,5328,
OFF-FA-10003850,"Stockwell Push Pins, 12 Pack",Office Supplies,Fasteners,5329,
OFF-FA-10003879,"Stockwell Thumb Tacks, Assorted Sizes",Office Supplies,Fasteners,5330,
OFF-FA-10003885,"Stockwell Rubber Bands, Metal",Office Supplies,Fasteners,5331,
OFF-FA-10003891,"Stockwell Push Pins, Metal",Office Supplies,Fasteners,5332,
OFF-FA-10003892,"OIC Push Pins, 12 Pack",Office Supplies,Fasteners,5333,
OFF-FA-10003893,"OIC Paper Clips, 12 Pack",Office Supplies,Fasteners,5334,
OFF-FA-10003897,"Stockwell Push Pins, Metal",Office Supplies,Fasteners,5335,
OFF-FA-10003911,"Advantus Clamps, Assorted Sizes",Office Supplies,Fasteners,5336,
OFF-FA-10003929,"Accos Rubber Bands, 12 Pack",Office Supplies,Fasteners,5337,
OFF-FA-10003930,"Stockwell Push Pins, Assorted Sizes",Office Supplies,Fasteners,5338,
OFF-FA-10003931,"Stockwell Push Pins, 12 Pack",Office Supplies,Fasteners,5339,
OFF-FA-10003931,"Stockwell Clamps, Bulk Pack",Office Supplies,Fasteners,5340,
OFF-FA-10003954,"Stockwell Rubber Bands, Assorted Sizes",Office Supplies,Fasteners,5341,
OFF-FA-10003961,"Advantus Rubber Bands, Assorted Sizes",Office Supplies,Fasteners,5342,
OFF-FA-10003962,"Accos Thumb Tacks, Assorted Sizes",Office Supplies,Fasteners,5343,
OFF-FA-10003977,"Stockwell Rubber Bands, 12 Pack",Office Supplies,Fasteners,5344,
OFF-FA-10003980,"OIC Paper Clips, Metal",Office Supplies,Fasteners,5345,
OFF-FA-10003985,"Accos Staples, Assorted Sizes",Office Supplies,Fasteners,5346,
OFF-FA-10003990,"Stockwell Clamps, Metal",Office Supplies,Fasteners,5347,
OFF-FA-10003991,"Stockwell Staples, Bulk Pack",Office Supplies,Fasteners,5348,
OFF-FA-10003994,"Stockwell Paper Clips, Metal",Office Supplies,Fasteners,5349,
OFF-FA-10004027,"OIC Staples, Bulk Pack",Office Supplies,Fasteners,5350,
OFF-FA-10004067,"Stockwell Rubber Bands, 12 Pack",Office Supplies,Fasteners,5351,
OFF-FA-10004076,Translucent Push Pins by OIC,Office Supplies,Fasteners,5352,
OFF-FA-10004108,"Accos Rubber Bands, 12 Pack",Office Supplies,Fasteners,5353,
OFF-FA-10004112,"Stockwell Staples, 12 Pack",Office Supplies,Fasteners,5354,
OFF-FA-10004139,"Advantus Thumb Tacks, 12 Pack",Office Supplies,Fasteners,5355,
OFF-FA-10004140,"Accos Push Pins, 12 Pack",Office Supplies,Fasteners,5356,
OFF-FA-10004156,"Stockwell Push Pins, 12 Pack",Office Supplies,Fasteners,5357,
OFF-FA-10004171,"Accos Paper Clips, Assorted Sizes",Office Supplies,Fasteners,5358,
OFF-FA-10004175,"Stockwell Push Pins, Assorted Sizes",Office Supplies,Fasteners,5359,
OFF-FA-10004186,"Advantus Thumb Tacks, Bulk Pack",Office Supplies,Fasteners,5360,
OFF-FA-10004206,"Advantus Staples, 12 Pack",Office Supplies,Fasteners,5361,
OFF-FA-10004233,"Stockwell Paper Clips, Metal",Office Supplies,Fasteners,5362,
OFF-FA-10004239,"Advantus Staples, Metal",Office Supplies,Fasteners,5363,
OFF-FA-10004243,"OIC Staples, Assorted Sizes",Office Supplies,Fasteners,5364,
OFF-FA-10004248,Advantus T-Pin Paper Clips,Office Supplies,Fasteners,5365,
OFF-FA-10004257,"Accos Clamps, Metal",Office Supplies,Fasteners,5366,
OFF-FA-10004258,"OIC Thumb Tacks, Bulk Pack",Office Supplies,Fasteners,5367,
OFF-FA-10004265,"Stockwell Paper Clips, Assorted Sizes",Office Supplies,Fasteners,5368,
OFF-FA-10004269,"Accos Staples, Assorted Sizes",Office Supplies,Fasteners,5369,
OFF-FA-10004298,"Stockwell Staples, Bulk Pack",Office Supplies,Fasteners,5370,
OFF-FA-10004310,"Advantus Staples, 12 Pack",Office Supplies,Fasteners,5371,
OFF-FA-10004339,"Stockwell Staples, Metal",Office Supplies,Fasteners,5372,
OFF-FA-10004344,"Advantus Thumb Tacks, Assorted Sizes",Office Supplies,Fasteners,5373,
OFF-FA-10004359,"OIC Paper Clips, Assorted Sizes",Office Supplies,Fasteners,5374,
OFF-FA-10004362,"Stockwell Thumb Tacks, Metal",Office Supplies,Fasteners,5375,
OFF-FA-10004374,"Accos Paper Clips, Bulk Pack",Office Supplies,Fasteners,5376,
OFF-FA-10004377,"Stockwell Thumb Tacks, Metal",Office Supplies,Fasteners,5377,
OFF-FA-10004395,Plymouth Boxed Rubber Bands by Plymouth,Office Supplies,Fasteners,5378,
OFF-FA-10004398,"OIC Push Pins, 12 Pack",Office Supplies,Fasteners,5379,
OFF-FA-10004401,"OIC Staples, Metal",Office Supplies,Fasteners,5380,
OFF-FA-10004410,"Stockwell Staples, Metal",Office Supplies,Fasteners,5381,
OFF-FA-10004424,"Advantus Clamps, 12 Pack",Office Supplies,Fasteners,5382,
OFF-FA-10004447,"Advantus Rubber Bands, Metal",Office Supplies,Fasteners,5383,
OFF-FA-10004449,"OIC Clamps, Assorted Sizes",Office Supplies,Fasteners,5384,
OFF-FA-10004474,"Advantus Rubber Bands, Metal",Office Supplies,Fasteners,5385,
OFF-FA-10004494,"Stockwell Push Pins, Metal",Office Supplies,Fasteners,5386,
OFF-FA-10004503,"Accos Staples, Assorted Sizes",Office Supplies,Fasteners,5387,
OFF-FA-10004516,"Stockwell Push Pins, Bulk Pack",Office Supplies,Fasteners,5388,
OFF-FA-10004523,"OIC Thumb Tacks, Bulk Pack",Office Supplies,Fasteners,5389,
OFF-FA-10004527,"Advantus Thumb Tacks, Bulk Pack",Office Supplies,Fasteners,5390,
OFF-FA-10004533,"Stockwell Staples, Metal",Office Supplies,Fasteners,5391,
OFF-FA-10004545,"Stockwell Push Pins, Metal",Office Supplies,Fasteners,5392,
OFF-FA-10004563,"Stockwell Clamps, Assorted Sizes",Office Supplies,Fasteners,5393,
OFF-FA-10004586,"Stockwell Staples, 12 Pack",Office Supplies,Fasteners,5394,
OFF-FA-10004587,"Advantus Rubber Bands, 12 Pack",Office Supplies,Fasteners,5395,
OFF-FA-10004605,"OIC Clamps, Assorted Sizes",Office Supplies,Fasteners,5396,
OFF-FA-10004606,"Stockwell Staples, 12 Pack",Office Supplies,Fasteners,5397,
OFF-FA-10004626,"Advantus Staples, Assorted Sizes",Office Supplies,Fasteners,5398,
OFF-FA-10004637,"Accos Thumb Tacks, Metal",Office Supplies,Fasteners,5399,
OFF-FA-10004649,"Advantus Clamps, 12 Pack",Office Supplies,Fasteners,5400,
OFF-FA-10004657,"Stockwell Thumb Tacks, Metal",Office Supplies,Fasteners,5401,
OFF-FA-10004659,"Stockwell Thumb Tacks, 12 Pack",Office Supplies,Fasteners,5402,
OFF-FA-10004664,"Advantus Push Pins, Bulk Pack",Office Supplies,Fasteners,5403,
OFF-FA-10004665,"Stockwell Paper Clips, Metal",Office Supplies,Fasteners,5404,
OFF-FA-10004684,"Advantus Thumb Tacks, Metal",Office Supplies,Fasteners,5405,
OFF-FA-10004687,"Advantus Thumb Tacks, Bulk Pack",Office Supplies,Fasteners,5406,
OFF-FA-10004698,"Stockwell Staples, Metal",Office Supplies,Fasteners,5407,
OFF-FA-10004705,"OIC Thumb Tacks, 12 Pack",Office Supplies,Fasteners,5408,
OFF-FA-10004709,"Stockwell Clamps, Assorted Sizes",Office Supplies,Fasteners,5409,
OFF-FA-10004734,"Advantus Rubber Bands, Bulk Pack",Office Supplies,Fasteners,5410,
OFF-FA-10004739,"Accos Rubber Bands, Bulk Pack",Office Supplies,Fasteners,5411,
OFF-FA-10004754,"Advantus Rubber Bands, 12 Pack",Office Supplies,Fasteners,5412,
OFF-FA-10004775,"Accos Staples, 12 Pack",Office Supplies,Fasteners,5413,
OFF-FA-10004781,"Stockwell Thumb Tacks, Metal",Office Supplies,Fasteners,5414,
OFF-FA-10004792,"Advantus Staples, Bulk Pack",Office Supplies,Fasteners,5415,
OFF-FA-10004795,"Advantus Paper Clips, Assorted Sizes",Office Supplies,Fasteners,5416,
OFF-FA-10004799,"Advantus Thumb Tacks, Bulk Pack",Office Supplies,Fasteners,5417,
OFF-FA-10004813,"Stockwell Rubber Bands, Bulk Pack",Office Supplies,Fasteners,5418,
OFF-FA-10004813,"Advantus Clamps, Metal",Office Supplies,Fasteners,5419,
OFF-FA-10004824,"Stockwell Rubber Bands, Bulk Pack",Office Supplies,Fasteners,5420,
OFF-FA-10004838,"Super Bands, 12/Pack",Office Supplies,Fasteners,5421,
OFF-FA-10004839,"Accos Clamps, Metal",Office Supplies,Fasteners,5422,
OFF-FA-10004854,"Vinyl Coated Wire Paper Clips in Organizer Box, 800/Box",Office Supplies,Fasteners,5423,
OFF-FA-10004878,"Stockwell Clamps, Bulk Pack",Office Supplies,Fasteners,5424,
OFF-FA-10004880,"Accos Rubber Bands, Bulk Pack",Office Supplies,Fasteners,5425,
OFF-FA-10004899,"OIC Clamps, 12 Pack",Office Supplies,Fasteners,5426,
OFF-FA-10004910,"Advantus Staples, Assorted Sizes",Office Supplies,Fasteners,5427,
OFF-FA-10004920,"Accos Rubber Bands, Metal",Office Supplies,Fasteners,5428,
OFF-FA-10004924,"Stockwell Paper Clips, Assorted Sizes",Office Supplies,Fasteners,5429,
OFF-FA-10004931,"OIC Clamps, Bulk Pack",Office Supplies,Fasteners,5430,
OFF-FA-10004942,"OIC Clamps, Metal",Office Supplies,Fasteners,5431,
OFF-FA-10004946,"Advantus Staples, Metal",Office Supplies,Fasteners,5432,
OFF-FA-10004968,Rubber Band Ball,Office Supplies,Fasteners,5433,
OFF-FA-10004993,"OIC Paper Clips, Metal",Office Supplies,Fasteners,5434,
OFF-FA-10004997,"Accos Paper Clips, Bulk Pack",Office Supplies,Fasteners,5435,
OFF-OIC-10000121,"OIC Paper Clips, 12 Pack",Office Supplies,Fasteners,6248,
OFF-OIC-10000189,"OIC Clamps, Metal",Office Supplies,Fasteners,6249,
OFF-OIC-10000492,"OIC Push Pins, 12 Pack",Office Supplies,Fasteners,6250,
OFF-OIC-10000855,"OIC Thumb Tacks, Metal",Office Supplies,Fasteners,6251,
OFF-OIC-10000988,"OIC Rubber Bands, Metal",Office Supplies,Fasteners,6252,
OFF-OIC-10001056,"OIC Clamps, 12 Pack",Office Supplies,Fasteners,6253,
OFF-OIC-10001155,"OIC Paper Clips, Bulk Pack",Office Supplies,Fasteners,6254,
OFF-OIC-10001477,"OIC Push Pins, Bulk Pack",Office Supplies,Fasteners,6255,
OFF-OIC-10001921,"OIC Clamps, Assorted Sizes",Office Supplies,Fasteners,6256,
OFF-OIC-10002160,"OIC Rubber Bands, 12 Pack",Office Supplies,Fasteners,6257,
OFF-OIC-10002161,"OIC Push Pins, Assorted Sizes",Office Supplies,Fasteners,6258,
OFF-OIC-10002266,"OIC Staples, 12 Pack",Office Supplies,Fasteners,6259,
OFF-OIC-10002625,"OIC Thumb Tacks, 12 Pack",Office Supplies,Fasteners,6260,
OFF-OIC-10003028,"OIC Staples, Bulk Pack",Office Supplies,Fasteners,6261,
OFF-OIC-10003366,"OIC Staples, Metal",Office Supplies,Fasteners,6262,
OFF-OIC-10003518,"OIC Rubber Bands, Assorted Sizes",Office Supplies,Fasteners,6263,
OFF-OIC-10003879,"OIC Clamps, Bulk Pack",Office Supplies,Fasteners,6264,
OFF-OIC-10003978,"OIC Staples, Assorted Sizes",Office Supplies,Fasteners,6265,
OFF-OIC-10004253,"OIC Rubber Bands, Bulk Pack",Office Supplies,Fasteners,6266,
OFF-OIC-10004255,"OIC Paper Clips, Assorted Sizes",Office Supplies,Fasteners,6267,
OFF-OIC-10004536,"OIC Thumb Tacks, Assorted Sizes",Office Supplies,Fasteners,6268,
OFF-OIC-10004622,"OIC Thumb Tacks, Bulk Pack",Office Supplies,Fasteners,6269,
OFF-OIC-10004810,"OIC Paper Clips, Metal",Office Supplies,Fasteners,6270,
OFF-OIC-10004999,"OIC Push Pins, Metal",Office Supplies,Fasteners,6271,
OFF-STO-10000007,"Stockwell Staples, Bulk Pack",Office Supplies,Fasteners,7710,
OFF-STO-10000041,"Stockwell Staples, 12 Pack",Office Supplies,Fasteners,7711,
OFF-STO-10000128,"Stockwell Push Pins, Metal",Office Supplies,Fasteners,7712,
OFF-STO-10000347,"Stockwell Clamps, Assorted Sizes",Office Supplies,Fasteners,7713,
OFF-STO-10000631,"Stockwell Push Pins, Assorted Sizes",Office Supplies,Fasteners,7714,
OFF-STO-10000683,"Stockwell Thumb Tacks, Assorted Sizes",Office Supplies,Fasteners,7715,
OFF-STO-10000753,"Stockwell Thumb Tacks, 12 Pack",Office Supplies,Fasteners,7716,
OFF-STO-10000876,"Stockwell Push Pins, 12 Pack",Office Supplies,Fasteners,7717,
OFF-STO-10000923,"Stockwell Staples, Bulk Pack",Office Supplies,Fasteners,7718,
OFF-STO-10000924,"Stockwell Rubber Bands, Metal",Office Supplies,Fasteners,7719,
OFF-STO-10001142,"Stockwell Push Pins, Metal",Office Supplies,Fasteners,7720,
OFF-STO-10001150,"Stockwell Rubber Bands, 12 Pack",Office Supplies,Fasteners,7721,
OFF-STO-10001173,"Stockwell Thumb Tacks, Assorted Sizes",Office Supplies,Fasteners,7722,
OFF-STO-10001239,"Stockwell Clamps, Metal",Office Supplies,Fasteners,7723,
OFF-STO-10001310,"Stockwell Rubber Bands, Bulk Pack",Office Supplies,Fasteners,7724,
OFF-STO-10001671,"Stockwell Staples, Assorted Sizes",Office Supplies,Fasteners,7725,
OFF-STO-10001693,"Stockwell Paper Clips, Assorted Sizes",Office Supplies,Fasteners,7726,
OFF-STO-10001791,"Stockwell Clamps, Bulk Pack",Office Supplies,Fasteners,7727,
OFF-STO-10001839,"Stockwell Rubber Bands, Bulk Pack",Office Supplies,Fasteners,7728,
OFF-STO-10001916,"Stockwell Clamps, Metal",Office Supplies,Fasteners,7729,
OFF-STO-10002026,"Stockwell Clamps, Bulk Pack",Office Supplies,Fasteners,7730,
OFF-STO-10002042,"Stockwell Staples, Metal",Office Supplies,Fasteners,7731,
OFF-STO-10002449,"Stockwell Rubber Bands, 12 Pack",Office Supplies,Fasteners,7732,
OFF-STO-10002661,"Stockwell Staples, 12 Pack",Office Supplies,Fasteners,7733,
OFF-STO-10002708,"Stockwell Thumb Tacks, Bulk Pack",Office Supplies,Fasteners,7734,
OFF-STO-10002803,"Stockwell Clamps, 12 Pack",Office Supplies,Fasteners,7735,
OFF-STO-10002857,"Stockwell Push Pins, 12 Pack",Office Supplies,Fasteners,7736,
OFF-STO-10003021,"Stockwell Thumb Tacks, 12 Pack",Office Supplies,Fasteners,7737,
OFF-STO-10003082,"Stockwell Staples, Assorted Sizes",Office Supplies,Fasteners,7738,
OFF-STO-10003098,"Stockwell Thumb Tacks, Metal",Office Supplies,Fasteners,7739,
OFF-STO-10003329,"Stockwell Thumb Tacks, Metal",Office Supplies,Fasteners,7740,
OFF-STO-10003342,"Stockwell Rubber Bands, Assorted Sizes",Office Supplies,Fasteners,7741,
OFF-STO-10003395,"Stockwell Rubber Bands, Metal",Office Supplies,Fasteners,7742,
OFF-STO-10003604,"Stockwell Staples, Metal",Office Supplies,Fasteners,7743,
OFF-STO-10003605,"Stockwell Paper Clips, Metal",Office Supplies,Fasteners,7744,
OFF-STO-10003728,"Stockwell Paper Clips, Assorted Sizes",Office Supplies,Fasteners,7745,
OFF-STO-10003802,"Stockwell Rubber Bands, Assorted Sizes",Office Supplies,Fasteners,7746,
OFF-STO-10003878,"Stockwell Clamps, Assorted Sizes",Office Supplies,Fasteners,7747,
OFF-STO-10004302,"Stockwell Paper Clips, Bulk Pack",Office Supplies,Fasteners,7748,
OFF-STO-10004363,"Stockwell Paper Clips, Bulk Pack",Office Supplies,Fasteners,7749,
OFF-STO-10004495,"Stockwell Thumb Tacks, Bulk Pack",Office Supplies,Fasteners,7750,
OFF-STO-10004496,"Stockwell Push Pins, Bulk Pack",Office Supplies,Fasteners,7751,
OFF-STO-10004503,"Stockwell Paper Clips, Metal",Office Supplies,Fasteners,7752,
OFF-STO-10004779,"Stockwell Push Pins, Bulk Pack",Office Supplies,Fasteners,7753,
OFF-STO-10004841,"Stockwell Paper Clips, Assorted Sizes",Office Supplies,Fasteners,7754,
OFF-STO-10004910,"Stockwell Clamps, 12 Pack",Office Supplies,Fasteners,7755,
OFF-STO-10004940,"Stockwell Push Pins, Assorted Sizes",Office Supplies,Fasteners,7756,
OFF-STO-10004971,"Stockwell Paper Clips, Assorted Sizes",Office Supplies,Fasteners,7757,
OFF-ACM-10000277,"Acme Ruler, High Speed",Office Supplies,Supplies,2379,
OFF-ACM-10000476,"Acme Letter Opener, Easy Grip",Office Supplies,Supplies,2380,
OFF-ACM-10000570,"Acme Letter Opener, High Speed",Office Supplies,Supplies,2381,
OFF-ACM-10000671,"Acme Ruler, Steel",Office Supplies,Supplies,2382,
OFF-ACM-10000777,"Acme Scissors, Serrated",Office Supplies,Supplies,2383,
OFF-ACM-10001029,"Acme Box Cutter, Serrated",Office Supplies,Supplies,2384,
OFF-ACM-10001112,"Acme Shears, Steel",Office Supplies,Supplies,2385,
OFF-ACM-10001587,"Acme Box Cutter, Easy Grip",Office Supplies,Supplies,2386,
OFF-ACM-10001704,"Acme Letter Opener, Serrated",Office Supplies,Supplies,2387,
OFF-ACM-10002045,"Acme Shears, High Speed",Office Supplies,Supplies,2388,
OFF-ACM-10002131,"Acme Ruler, Easy Grip",Office Supplies,Supplies,2389,
OFF-ACM-10002301,"Acme Trimmer, Serrated",Office Supplies,Supplies,2390,
OFF-ACM-10002713,"Acme Box Cutter, Steel",Office Supplies,Supplies,2391,
OFF-ACM-10002816,"Acme Letter Opener, Steel",Office Supplies,Supplies,2392,
OFF-ACM-10003278,"Acme Trimmer, Easy Grip",Office Supplies,Supplies,2393,
OFF-ACM-10003510,"Acme Scissors, High Speed",Office Supplies,Supplies,2394,
OFF-ACM-10003591,"Acme Trimmer, Steel",Office Supplies,Supplies,2395,
OFF-ACM-10003715,"Acme Shears, Serrated",Office Supplies,Supplies,2396,
OFF-ACM-10003978,"Acme Trimmer, High Speed",Office Supplies,Supplies,2397,
OFF-ACM-10004150,"Acme Ruler, Serrated",Office Supplies,Supplies,2398,
OFF-ACM-10004587,"Acme Scissors, Steel",Office Supplies,Supplies,2399,
OFF-ACM-10004669,"Acme Shears, Easy Grip",Office Supplies,Supplies,2400,
OFF-ACM-10004895,"Acme Scissors, Easy Grip",Office Supplies,Supplies,2401,
OFF-ELI-10000044,"Elite Ruler, Serrated",Office Supplies,Supplies,4429,
OFF-ELI-10000443,"Elite Shears, Steel",Office Supplies,Supplies,4430,
OFF-ELI-10000541,"Elite Trimmer, High Speed",Office Supplies,Supplies,4431,
OFF-ELI-10000711,"Elite Scissors, Serrated",Office Supplies,Supplies,4432,
OFF-ELI-10000797,"Elite Ruler, High Speed",Office Supplies,Supplies,4433,
OFF-ELI-10001057,"Elite Trimmer, Serrated",Office Supplies,Supplies,4434,
OFF-ELI-10001176,"Elite Box Cutter, Easy Grip",Office Supplies,Supplies,4435,
OFF-ELI-10001351,"Elite Trimmer, Easy Grip",Office Supplies,Supplies,4436,
OFF-ELI-10001507,"Elite Scissors, Steel",Office Supplies,Supplies,4437,
OFF-ELI-10001685,"Elite Ruler, Steel",Office Supplies,Supplies,4438,
OFF-ELI-10001705,"Elite Trimmer, Steel",Office Supplies,Supplies,4439,
OFF-ELI-10001812,"Elite Shears, Easy Grip",Office Supplies,Supplies,4440,
OFF-ELI-10001904,"Elite Letter Opener, Steel",Office Supplies,Supplies,4441,
OFF-ELI-10002160,"Elite Scissors, Easy Grip",Office Supplies,Supplies,4442,
OFF-ELI-10002337,"Elite Box Cutter, High Speed",Office Supplies,Supplies,4443,
OFF-ELI-10002935,"Elite Shears, High Speed",Office Supplies,Supplies,4444,
OFF-ELI-10003004,"Elite Ruler, Easy Grip",Office Supplies,Supplies,4445,
OFF-ELI-10003179,"Elite Scissors, High Speed",Office Supplies,Supplies,4446,
OFF-ELI-10003277,"Elite Letter Opener, High Speed",Office Supplies,Supplies,4447,
OFF-ELI-10003732,"Elite Letter Opener, Easy Grip",Office Supplies,Supplies,4448,
OFF-ELI-10003911,"Elite Shears, Serrated",Office Supplies,Supplies,4449,
OFF-ELI-10004427,"Elite Box Cutter, Serrated",Office Supplies,Supplies,4450,
OFF-ELI-10004597,"Elite Box Cutter, Steel",Office Supplies,Supplies,4451,
OFF-FIS-10000063,"Fiskars Box Cutter, Easy Grip",Office Supplies,Supplies,5460,
OFF-FIS-10000063,"Fiskars Shears, High Speed",Office Supplies,Supplies,5461,
OFF-FIS-10000628,"Fiskars Ruler, Easy Grip",Office Supplies,Supplies,5462,
OFF-FIS-10000670,"Fiskars Scissors, Steel",Office Supplies,Supplies,5463,
OFF-FIS-10001399,"Fiskars Ruler, Serrated",Office Supplies,Supplies,5464,
OFF-FIS-10001549,"Fiskars Shears, Serrated",Office Supplies,Supplies,5465,
OFF-FIS-10001591,"Fiskars Trimmer, High Speed",Office Supplies,Supplies,5466,
OFF-FIS-10001797,"Fiskars Trimmer, Steel",Office Supplies,Supplies,5467,
OFF-FIS-10002661,"Fiskars Shears, Steel",Office Supplies,Supplies,5468,
OFF-FIS-10002703,"Fiskars Letter Opener, Easy Grip",Office Supplies,Supplies,5469,
OFF-FIS-10002759,"Fiskars Letter Opener, High Speed",Office Supplies,Supplies,5470,
OFF-FIS-10002784,"Fiskars Box Cutter, High Speed",Office Supplies,Supplies,5471,
OFF-FIS-10002924,"Fiskars Scissors, High Speed",Office Supplies,Supplies,5472,
OFF-FIS-10002949,"Fiskars Ruler, High Speed",Office Supplies,Supplies,5473,
OFF-FIS-10003234,"Fiskars Trimmer, Serrated",Office Supplies,Supplies,5474,
OFF-FIS-10003463,"Fiskars Letter Opener, Easy Grip",Office Supplies,Supplies,5475,
OFF-FIS-10004067,"Fiskars Ruler, Steel",Office Supplies,Supplies,5476,
OFF-FIS-10004155,"Fiskars Letter Opener, Steel",Office Supplies,Supplies,5477,
OFF-FIS-10004183,"Fiskars Scissors, Serrated",Office Supplies,Supplies,5478,
OFF-FIS-10004721,"Fiskars Box Cutter, Serrated",Office Supplies,Supplies,5479,
OFF-FIS-10004787,"Fiskars Box Cutter, Steel",Office Supplies,Supplies,5480,
OFF-FIS-10004882,"Fiskars Shears, Easy Grip",Office Supplies,Supplies,5481,
OFF-FIS-10004915,"Fiskars Trimmer, Easy Grip",Office Supplies,Supplies,5482,
OFF-KLE-10000050,"Kleencut Trimmer, High Speed",Office Supplies,Supplies,5695,
OFF-KLE-10000228,"Kleencut Shears, High Speed",Office Supplies,Supplies,5696,
OFF-KLE-10000296,"Kleencut Letter Opener, Steel",Office Supplies,Supplies,5697,
OFF-KLE-10000466,"Kleencut Letter Opener, Easy Grip",Office Supplies,Supplies,5698,
OFF-KLE-10000527,"Kleencut Scissors, High Speed",Office Supplies,Supplies,5699,
OFF-KLE-10000552,"Kleencut Shears, Steel",Office Supplies,Supplies,5700,
OFF-KLE-10001317,"Kleencut Ruler, Easy Grip",Office Supplies,Supplies,5701,
OFF-KLE-10001381,"Kleencut Scissors, Easy Grip",Office Supplies,Supplies,5702,
OFF-KLE-10001644,"Kleencut Trimmer, Steel",Office Supplies,Supplies,5703,
OFF-KLE-10001699,"Kleencut Letter Opener, Easy Grip",Office Supplies,Supplies,5704,
OFF-KLE-10001794,"Kleencut Box Cutter, High Speed",Office Supplies,Supplies,5705,
OFF-KLE-10002118,"Kleencut Ruler, Serrated",Office Supplies,Supplies,5706,
OFF-KLE-10002292,"Kleencut Scissors, Steel",Office Supplies,Supplies,5707,
OFF-KLE-10002340,"Kleencut Shears, Easy Grip",Office Supplies,Supplies,5708,
OFF-KLE-10002550,"Kleencut Scissors, Serrated",Office Supplies,Supplies,5709,
OFF-KLE-10002869,"Kleencut Letter Opener, High Speed",Office Supplies,Supplies,5710,
OFF-KLE-10003227,"Kleencut Ruler, Steel",Office Supplies,Supplies,5711,
OFF-KLE-10003497,"Kleencut Box Cutter, Steel",Office Supplies,Supplies,5712,
OFF-KLE-10004112,"Kleencut Trimmer, Serrated",Office Supplies,Supplies,5713,
OFF-KLE-10004543,"Kleencut Ruler, High Speed",Office Supplies,Supplies,5714,
OFF-KLE-10004581,"Kleencut Trimmer, Easy Grip",Office Supplies,Supplies,5715,
OFF-KLE-10004673,"Kleencut Box Cutter, Serrated",Office Supplies,Supplies,5716,
OFF-KLE-10004771,"Kleencut Shears, Serrated",Office Supplies,Supplies,5717,
OFF-STI-10000114,"Stiletto Letter Opener, High Speed",Office Supplies,Supplies,7686,
OFF-STI-10000144,"Stiletto Box Cutter, Steel",Office Supplies,Supplies,7687,
OFF-STI-10000286,"Stiletto Ruler, Steel",Office Supplies,Supplies,7688,
OFF-STI-10000305,"Stiletto Shears, High Speed",Office Supplies,Supplies,7689,
OFF-STI-10000388,"Stiletto Scissors, Serrated",Office Supplies,Supplies,7690,
OFF-STI-10000697,"Stiletto Ruler, High Speed",Office Supplies,Supplies,7691,
OFF-STI-10000856,"Stiletto Shears, Easy Grip",Office Supplies,Supplies,7692,
OFF-STI-10000937,"Stiletto Scissors, High Speed",Office Supplies,Supplies,7693,
OFF-STI-10001136,"Stiletto Letter Opener, Easy Grip",Office Supplies,Supplies,7694,
OFF-STI-10001162,"Stiletto Letter Opener, Steel",Office Supplies,Supplies,7695,
OFF-STI-10001171,"Stiletto Letter Opener, Easy Grip",Office Supplies,Supplies,7696,
OFF-STI-10001651,"Stiletto Shears, Steel",Office Supplies,Supplies,7697,
OFF-STI-10001743,"Stiletto Scissors, Easy Grip",Office Supplies,Supplies,7698,
OFF-STI-10001955,"Stiletto Box Cutter, Easy Grip",Office Supplies,Supplies,7699,
OFF-STI-10001957,"Stiletto Ruler, Serrated",Office Supplies,Supplies,7700,
OFF-STI-10002040,"Stiletto Ruler, Easy Grip",Office Supplies,Supplies,7701,
OFF-STI-10002245,"Stiletto Shears, Serrated",Office Supplies,Supplies,7702,
OFF-STI-10002262,"Stiletto Box Cutter, High Speed",Office Supplies,Supplies,7703,
OFF-STI-10002519,"Stiletto Trimmer, High Speed",Office Supplies,Supplies,7704,
OFF-STI-10002716,"Stiletto Box Cutter, Serrated",Office Supplies,Supplies,7705,
OFF-STI-10003148,"Stiletto Trimmer, Serrated",Office Supplies,Supplies,7706,
OFF-STI-10003234,"Stiletto Trimmer, Steel",Office Supplies,Supplies,7707,
OFF-STI-10003510,"Stiletto Trimmer, Easy Grip",Office Supplies,Supplies,7708,
OFF-STI-10004202,"Stiletto Scissors, Steel",Office Supplies,Supplies,7709,
OFF-SU-10000047,"Kleencut Box Cutter, Steel",Office Supplies,Supplies,7758,
OFF-SU-10000062,"Stiletto Scissors, High Speed",Office Supplies,Supplies,7759,
OFF-SU-10000066,"Acme Box Cutter, Serrated",Office Supplies,Supplies,7760,
OFF-SU-10000076,"Acme Trimmer, Easy Grip",Office Supplies,Supplies,7761,
OFF-SU-10000079,"Fiskars Trimmer, Serrated",Office Supplies,Supplies,7762,
OFF-SU-10000085,"Kleencut Trimmer, Steel",Office Supplies,Supplies,7763,
OFF-SU-10000087,"Stiletto Ruler, High Speed",Office Supplies,Supplies,7764,
OFF-SU-10000102,"Stiletto Box Cutter, Easy Grip",Office Supplies,Supplies,7765,
OFF-SU-10000105,"Fiskars Shears, Easy Grip",Office Supplies,Supplies,7766,
OFF-SU-10000113,"Acme Shears, Easy Grip",Office Supplies,Supplies,7767,
OFF-SU-10000130,"Fiskars Ruler, High Speed",Office Supplies,Supplies,7768,
OFF-SU-10000148,"Stiletto Ruler, Serrated",Office Supplies,Supplies,7769,
OFF-SU-10000150,"Stiletto Ruler, Steel",Office Supplies,Supplies,7770,
OFF-SU-10000151,High Speed Automatic Electric Letter Opener,Office Supplies,Supplies,7771,
OFF-SU-10000153,"Acme Shears, High Speed",Office Supplies,Supplies,7772,
OFF-SU-10000157,Compact Automatic Electric Letter Opener,Office Supplies,Supplies,7773,
OFF-SU-10000164,"Kleencut Box Cutter, High Speed",Office Supplies,Supplies,7774,
OFF-SU-10000171,"Elite Trimmer, Easy Grip",Office Supplies,Supplies,7775,
OFF-SU-10000171,"Stiletto Shears, Easy Grip",Office Supplies,Supplies,7776,
OFF-SU-10000175,"Elite Scissors, Easy Grip",Office Supplies,Supplies,7777,
OFF-SU-10000178,"Acme Ruler, Easy Grip",Office Supplies,Supplies,7778,
OFF-SU-10000180,"Acme Shears, Serrated",Office Supplies,Supplies,7779,
OFF-SU-10000192,"Elite Trimmer, High Speed",Office Supplies,Supplies,7780,
OFF-SU-10000198,"Fiskars Scissors, Steel",Office Supplies,Supplies,7781,
OFF-SU-10000207,"Kleencut Box Cutter, High Speed",Office Supplies,Supplies,7782,
OFF-SU-10000213,"Kleencut Shears, Easy Grip",Office Supplies,Supplies,7783,
OFF-SU-10000216,"Stiletto Ruler, Steel",Office Supplies,Supplies,7784,
OFF-SU-10000255,"Elite Box Cutter, High Speed",Office Supplies,Supplies,7785,
OFF-SU-10000256,"Acme Scissors, Steel",Office Supplies,Supplies,7786,
OFF-SU-10000272,"Stiletto Letter Opener, Easy Grip",Office Supplies,Supplies,7787,
OFF-SU-10000283,"Stiletto Letter Opener, Easy Grip",Office Supplies,Supplies,7788,
OFF-SU-10000289,"Kleencut Ruler, Easy Grip",Office Supplies,Supplies,7789,
OFF-SU-10000294,"Elite Trimmer, Serrated",Office Supplies,Supplies,7790,
OFF-SU-10000304,"Kleencut Ruler, Serrated",Office Supplies,Supplies,7791,
OFF-SU-10000320,"Fiskars Shears, High Speed",Office Supplies,Supplies,7792,
OFF-SU-10000343,"Stiletto Trimmer, Serrated",Office Supplies,Supplies,7793,
OFF-SU-10000375,"Kleencut Box Cutter, Steel",Office Supplies,Supplies,7794,
OFF-SU-10000378,"Kleencut Scissors, High Speed",Office Supplies,Supplies,7795,
OFF-SU-10000381,Acme Forged Steel Scissors with Black Enamel Handles,Office Supplies,Supplies,7796,
OFF-SU-10000388,"Acme Ruler, Serrated",Office Supplies,Supplies,7797,
OFF-SU-10000411,"Stiletto Box Cutter, Easy Grip",Office Supplies,Supplies,7798,
OFF-SU-10000427,"Fiskars Trimmer, Steel",Office Supplies,Supplies,7799,
OFF-SU-10000429,"Elite Ruler, Easy Grip",Office Supplies,Supplies,7800,
OFF-SU-10000432,Acco Side-Punched Conventional Columnar Pads,Office Supplies,Supplies,7801,
OFF-SU-10000452,"Fiskars Letter Opener, Steel",Office Supplies,Supplies,7802,
OFF-SU-10000480,"Elite Box Cutter, Serrated",Office Supplies,Supplies,7803,
OFF-SU-10000484,"Kleencut Ruler, High Speed",Office Supplies,Supplies,7804,
OFF-SU-10000496,"Fiskars Scissors, Steel",Office Supplies,Supplies,7805,
OFF-SU-10000514,"Kleencut Shears, High Speed",Office Supplies,Supplies,7806,
OFF-SU-10000556,"Kleencut Shears, Steel",Office Supplies,Supplies,7807,
OFF-SU-10000573,"Acme Ruler, High Speed",Office Supplies,Supplies,7808,
OFF-SU-10000596,"Stiletto Trimmer, Steel",Office Supplies,Supplies,7809,
OFF-SU-10000618,"Acme Trimmer, High Speed",Office Supplies,Supplies,7810,
OFF-SU-10000646,Premier Automatic Letter Opener,Office Supplies,Supplies,7811,
OFF-SU-10000649,"Fiskars Box Cutter, High Speed",Office Supplies,Supplies,7812,
OFF-SU-10000650,"Acme Shears, Steel",Office Supplies,Supplies,7813,
OFF-SU-10000695,"Kleencut Trimmer, Serrated",Office Supplies,Supplies,7814,
OFF-SU-10000697,"Kleencut Ruler, Serrated",Office Supplies,Supplies,7815,
OFF-SU-10000705,"Stiletto Shears, High Speed",Office Supplies,Supplies,7816,
OFF-SU-10000706,"Fiskars Ruler, Steel",Office Supplies,Supplies,7817,
OFF-SU-10000707,"Stiletto Shears, Serrated",Office Supplies,Supplies,7818,
OFF-SU-10000723,"Kleencut Shears, Steel",Office Supplies,Supplies,7819,
OFF-SU-10000738,"Acme Shears, Steel",Office Supplies,Supplies,7820,
OFF-SU-10000776,"Elite Letter Opener, Steel",Office Supplies,Supplies,7821,
OFF-SU-10000782,"Fiskars Shears, Serrated",Office Supplies,Supplies,7822,
OFF-SU-10000789,"Kleencut Box Cutter, Serrated",Office Supplies,Supplies,7823,
OFF-SU-10000810,"Kleencut Letter Opener, Steel",Office Supplies,Supplies,7824,
OFF-SU-10000817,"Acme Box Cutter, Serrated",Office Supplies,Supplies,7825,
OFF-SU-10000822,"Fiskars Letter Opener, Steel",Office Supplies,Supplies,7826,
OFF-SU-10000835,"Acme Box Cutter, Steel",Office Supplies,Supplies,7827,
OFF-SU-10000866,"Elite Trimmer, Serrated",Office Supplies,Supplies,7828,
OFF-SU-10000877,"Acme Scissors, Easy Grip",Office Supplies,Supplies,7829,
OFF-SU-10000885,"Elite Box Cutter, Steel",Office Supplies,Supplies,7830,
OFF-SU-10000898,"Acme Hot Forged Carbon Steel Scissors with Nickel-Plated Handles, 3 7/8"" Cut, 8""L",Office Supplies,Supplies,7831,
OFF-SU-10000906,"Fiskars Shears, High Speed",Office Supplies,Supplies,7832,
OFF-SU-10000914,"Kleencut Scissors, Serrated",Office Supplies,Supplies,7833,
OFF-SU-10000925,"Fiskars Box Cutter, High Speed",Office Supplies,Supplies,7834,
OFF-SU-10000925,"Acme Shears, Easy Grip",Office Supplies,Supplies,7835,
OFF-SU-10000926,"Acme Trimmer, Easy Grip",Office Supplies,Supplies,7836,
OFF-SU-10000932,"Elite Shears, Steel",Office Supplies,Supplies,7837,
OFF-SU-10000932,"Fiskars Ruler, High Speed",Office Supplies,Supplies,7838,
OFF-SU-10000946,Staples,Office Supplies,Supplies,7839,
OFF-SU-10000952,Fiskars Home & Office Scissors,Office Supplies,Supplies,7840,
OFF-SU-10000954,"Acme Scissors, High Speed",Office Supplies,Supplies,7841,
OFF-SU-10000969,"Fiskars Box Cutter, Serrated",Office Supplies,Supplies,7842,
OFF-SU-10000970,"Elite Box Cutter, Easy Grip",Office Supplies,Supplies,7843,
OFF-SU-10000979,"Acme Letter Opener, Easy Grip",Office Supplies,Supplies,7844,
OFF-SU-10000997,"Fiskars Shears, Easy Grip",Office Supplies,Supplies,7845,
OFF-SU-10001021,"Fiskars Box Cutter, Serrated",Office Supplies,Supplies,7846,
OFF-SU-10001066,"Acme Letter Opener, Steel",Office Supplies,Supplies,7847,
OFF-SU-10001066,"Kleencut Box Cutter, Easy Grip",Office Supplies,Supplies,7848,
OFF-SU-10001074,"Fiskars Letter Opener, Easy Grip",Office Supplies,Supplies,7849,
OFF-SU-10001080,"Acme Letter Opener, High Speed",Office Supplies,Supplies,7850,
OFF-SU-10001086,"Fiskars Scissors, Easy Grip",Office Supplies,Supplies,7851,
OFF-SU-10001087,"Kleencut Box Cutter, Serrated",Office Supplies,Supplies,7852,
OFF-SU-10001087,"Elite Shears, Easy Grip",Office Supplies,Supplies,7853,
OFF-SU-10001124,"Acme Trimmer, High Speed",Office Supplies,Supplies,7854,
OFF-SU-10001125,"Stiletto Letter Opener, High Speed",Office Supplies,Supplies,7855,
OFF-SU-10001132,"Fiskars Trimmer, Serrated",Office Supplies,Supplies,7856,
OFF-SU-10001133,"Acme Box Cutter, Steel",Office Supplies,Supplies,7857,
OFF-SU-10001137,"Kleencut Scissors, High Speed",Office Supplies,Supplies,7858,
OFF-SU-10001165,Acme Elite Stainless Steel Scissors,Office Supplies,Supplies,7859,
OFF-SU-10001173,"Stiletto Trimmer, Easy Grip",Office Supplies,Supplies,7860,
OFF-SU-10001185,"Acme Letter Opener, Steel",Office Supplies,Supplies,7861,
OFF-SU-10001212,Kleencut Forged Office Shears by Acme United Corporation,Office Supplies,Supplies,7862,
OFF-SU-10001218,Fiskars Softgrip Scissors,Office Supplies,Supplies,7863,
OFF-SU-10001225,Staples,Office Supplies,Supplies,7864,
OFF-SU-10001233,"Stiletto Trimmer, Serrated",Office Supplies,Supplies,7865,
OFF-SU-10001308,"Fiskars Trimmer, Serrated",Office Supplies,Supplies,7866,
OFF-SU-10001337,"Fiskars Box Cutter, Easy Grip",Office Supplies,Supplies,7867,
OFF-SU-10001343,"Elite Scissors, High Speed",Office Supplies,Supplies,7868,
OFF-SU-10001346,"Stiletto Shears, Steel",Office Supplies,Supplies,7869,
OFF-SU-10001351,"Stiletto Letter Opener, Steel",Office Supplies,Supplies,7870,
OFF-SU-10001368,"Fiskars Ruler, Serrated",Office Supplies,Supplies,7871,
OFF-SU-10001382,"Elite Trimmer, Steel",Office Supplies,Supplies,7872,
OFF-SU-10001382,"Acme Trimmer, Serrated",Office Supplies,Supplies,7873,
OFF-SU-10001397,"Acme Box Cutter, Steel",Office Supplies,Supplies,7874,
OFF-SU-10001406,"Fiskars Box Cutter, High Speed",Office Supplies,Supplies,7875,
OFF-SU-10001407,"Fiskars Trimmer, Easy Grip",Office Supplies,Supplies,7876,
OFF-SU-10001409,"Stiletto Scissors, Serrated",Office Supplies,Supplies,7877,
OFF-SU-10001412,"Fiskars Scissors, High Speed",Office Supplies,Supplies,7878,
OFF-SU-10001421,"Acme Shears, Easy Grip",Office Supplies,Supplies,7879,
OFF-SU-10001442,"Acme Scissors, Steel",Office Supplies,Supplies,7880,
OFF-SU-10001455,"Acme Box Cutter, Easy Grip",Office Supplies,Supplies,7881,
OFF-SU-10001476,"Fiskars Scissors, Easy Grip",Office Supplies,Supplies,7882,
OFF-SU-10001488,"Stiletto Scissors, Steel",Office Supplies,Supplies,7883,
OFF-SU-10001500,"Kleencut Box Cutter, Serrated",Office Supplies,Supplies,7884,
OFF-SU-10001506,"Kleencut Letter Opener, Steel",Office Supplies,Supplies,7885,
OFF-SU-10001512,"Stiletto Shears, Easy Grip",Office Supplies,Supplies,7886,
OFF-SU-10001515,"Kleencut Box Cutter, Easy Grip",Office Supplies,Supplies,7887,
OFF-SU-10001535,"Elite Box Cutter, High Speed",Office Supplies,Supplies,7888,
OFF-SU-10001535,"Stiletto Trimmer, Easy Grip",Office Supplies,Supplies,7889,
OFF-SU-10001552,"Kleencut Trimmer, Easy Grip",Office Supplies,Supplies,7890,
OFF-SU-10001554,"Acme Trimmer, Serrated",Office Supplies,Supplies,7891,
OFF-SU-10001573,"Kleencut Shears, Serrated",Office Supplies,Supplies,7892,
OFF-SU-10001574,Acme Value Line Scissors,Office Supplies,Supplies,7893,
OFF-SU-10001578,"Stiletto Shears, High Speed",Office Supplies,Supplies,7894,
OFF-SU-10001586,"Kleencut Trimmer, Steel",Office Supplies,Supplies,7895,
OFF-SU-10001592,"Kleencut Letter Opener, Easy Grip",Office Supplies,Supplies,7896,
OFF-SU-10001595,"Kleencut Shears, Serrated",Office Supplies,Supplies,7897,
OFF-SU-10001618,"Kleencut Letter Opener, Easy Grip",Office Supplies,Supplies,7898,
OFF-SU-10001624,"Kleencut Ruler, High Speed",Office Supplies,Supplies,7899,
OFF-SU-10001633,"Stiletto Letter Opener, Easy Grip",Office Supplies,Supplies,7900,
OFF-SU-10001657,"Acme Box Cutter, High Speed",Office Supplies,Supplies,7901,
OFF-SU-10001664,Acme Office Executive Series Stainless Steel Trimmers,Office Supplies,Supplies,7902,
OFF-SU-10001682,"Kleencut Letter Opener, High Speed",Office Supplies,Supplies,7903,
OFF-SU-10001683,"Kleencut Ruler, Steel",Office Supplies,Supplies,7904,
OFF-SU-10001686,"Kleencut Trimmer, Easy Grip",Office Supplies,Supplies,7905,
OFF-SU-10001689,"Acme Box Cutter, Easy Grip",Office Supplies,Supplies,7906,
OFF-SU-10001690,"Kleencut Box Cutter, Steel",Office Supplies,Supplies,7907,
OFF-SU-10001697,"Fiskars Scissors, Easy Grip",Office Supplies,Supplies,7908,
OFF-SU-10001698,"Stiletto Box Cutter, Steel",Office Supplies,Supplies,7909,
OFF-SU-10001703,"Fiskars Box Cutter, High Speed",Office Supplies,Supplies,7910,
OFF-SU-10001709,"Kleencut Scissors, High Speed",Office Supplies,Supplies,7911,
OFF-SU-10001722,"Stiletto Box Cutter, Easy Grip",Office Supplies,Supplies,7912,
OFF-SU-10001731,"Elite Letter Opener, High Speed",Office Supplies,Supplies,7913,
OFF-SU-10001731,"Acme Letter Opener, Serrated",Office Supplies,Supplies,7914,
OFF-SU-10001750,"Stiletto Trimmer, High Speed",Office Supplies,Supplies,7915,
OFF-SU-10001762,"Stiletto Shears, Easy Grip",Office Supplies,Supplies,7916,
OFF-SU-10001770,"Acme Scissors, Easy Grip",Office Supplies,Supplies,7917,
OFF-SU-10001791,"Elite Box Cutter, Serrated",Office Supplies,Supplies,7918,
OFF-SU-10001794,"Elite Ruler, Steel",Office Supplies,Supplies,7919,
OFF-SU-10001808,"Elite Shears, High Speed",Office Supplies,Supplies,7920,
OFF-SU-10001813,"Kleencut Ruler, Easy Grip",Office Supplies,Supplies,7921,
OFF-SU-10001831,"Stiletto Scissors, High Speed",Office Supplies,Supplies,7922,
OFF-SU-10001840,"Stiletto Box Cutter, High Speed",Office Supplies,Supplies,7923,
OFF-SU-10001848,"Kleencut Ruler, Easy Grip",Office Supplies,Supplies,7924,
OFF-SU-10001851,"Stiletto Ruler, Steel",Office Supplies,Supplies,7925,
OFF-SU-10001868,"Elite Box Cutter, Steel",Office Supplies,Supplies,7926,
OFF-SU-10001869,"Stiletto Scissors, Steel",Office Supplies,Supplies,7927,
OFF-SU-10001877,"Elite Ruler, High Speed",Office Supplies,Supplies,7928,
OFF-SU-10001879,"Acme Trimmer, High Speed",Office Supplies,Supplies,7929,
OFF-SU-10001886,"Acme Box Cutter, Serrated",Office Supplies,Supplies,7930,
OFF-SU-10001889,"Kleencut Letter Opener, Easy Grip",Office Supplies,Supplies,7931,
OFF-SU-10001891,"Acme Ruler, Easy Grip",Office Supplies,Supplies,7932,
OFF-SU-10001891,"Stiletto Box Cutter, Easy Grip",Office Supplies,Supplies,7933,
OFF-SU-10001892,"Elite Box Cutter, High Speed",Office Supplies,Supplies,7934,
OFF-SU-10001894,"Elite Scissors, Steel",Office Supplies,Supplies,7935,
OFF-SU-10001909,"Fiskars Scissors, Steel",Office Supplies,Supplies,7936,
OFF-SU-10001923,"Kleencut Letter Opener, Easy Grip",Office Supplies,Supplies,7937,
OFF-SU-10001935,Staples,Office Supplies,Supplies,7938,
OFF-SU-10001968,"Kleencut Letter Opener, Easy Grip",Office Supplies,Supplies,7939,
OFF-SU-10001968,"Acme Scissors, Steel",Office Supplies,Supplies,7940,
OFF-SU-10001980,"Acme Letter Opener, High Speed",Office Supplies,Supplies,7941,
OFF-SU-10001983,"Stiletto Box Cutter, Steel",Office Supplies,Supplies,7942,
OFF-SU-10001992,"Stiletto Ruler, Serrated",Office Supplies,Supplies,7943,
OFF-SU-10002002,"Fiskars Scissors, Steel",Office Supplies,Supplies,7944,
OFF-SU-10002027,"Stiletto Letter Opener, High Speed",Office Supplies,Supplies,7945,
OFF-SU-10002032,"Stiletto Scissors, Easy Grip",Office Supplies,Supplies,7946,
OFF-SU-10002032,"Fiskars Ruler, Steel",Office Supplies,Supplies,7947,
OFF-SU-10002094,"Acme Letter Opener, Steel",Office Supplies,Supplies,7948,
OFF-SU-10002131,"Elite Scissors, Serrated",Office Supplies,Supplies,7949,
OFF-SU-10002135,"Fiskars Shears, Easy Grip",Office Supplies,Supplies,7950,
OFF-SU-10002152,"Fiskars Shears, Serrated",Office Supplies,Supplies,7951,
OFF-SU-10002161,"Elite Ruler, Steel",Office Supplies,Supplies,7952,
OFF-SU-10002169,"Fiskars Letter Opener, High Speed",Office Supplies,Supplies,7953,
OFF-SU-10002189,Acme Rosewood Handle Letter Opener,Office Supplies,Supplies,7954,
OFF-SU-10002189,"Fiskars Shears, Easy Grip",Office Supplies,Supplies,7955,
OFF-SU-10002214,"Kleencut Letter Opener, Easy Grip",Office Supplies,Supplies,7956,
OFF-SU-10002214,"Stiletto Box Cutter, Serrated",Office Supplies,Supplies,7957,
OFF-SU-10002215,"Elite Ruler, High Speed",Office Supplies,Supplies,7958,
OFF-SU-10002227,"Elite Letter Opener, High Speed",Office Supplies,Supplies,7959,
OFF-SU-10002230,"Fiskars Trimmer, Serrated",Office Supplies,Supplies,7960,
OFF-SU-10002301,Serrated Blade or Curved Handle Hand Letter Openers,Office Supplies,Supplies,7961,
OFF-SU-10002306,"Elite Scissors, Steel",Office Supplies,Supplies,7962,
OFF-SU-10002323,"Elite Shears, Steel",Office Supplies,Supplies,7963,
OFF-SU-10002325,"Stiletto Trimmer, High Speed",Office Supplies,Supplies,7964,
OFF-SU-10002327,"Fiskars Ruler, Easy Grip",Office Supplies,Supplies,7965,
OFF-SU-10002337,"Elite Trimmer, High Speed",Office Supplies,Supplies,7966,
OFF-SU-10002342,"Kleencut Scissors, Steel",Office Supplies,Supplies,7967,
OFF-SU-10002344,"Stiletto Box Cutter, Serrated",Office Supplies,Supplies,7968,
OFF-SU-10002346,"Elite Ruler, High Speed",Office Supplies,Supplies,7969,
OFF-SU-10002357,"Kleencut Trimmer, High Speed",Office Supplies,Supplies,7970,
OFF-SU-10002362,"Acme Ruler, Serrated",Office Supplies,Supplies,7971,
OFF-SU-10002363,"Fiskars Letter Opener, Easy Grip",Office Supplies,Supplies,7972,
OFF-SU-10002379,"Fiskars Letter Opener, High Speed",Office Supplies,Supplies,7973,
OFF-SU-10002388,"Elite Shears, Easy Grip",Office Supplies,Supplies,7974,
OFF-SU-10002402,"Stiletto Box Cutter, Steel",Office Supplies,Supplies,7975,
OFF-SU-10002412,"Stiletto Letter Opener, Steel",Office Supplies,Supplies,7976,
OFF-SU-10002414,"Stiletto Ruler, Easy Grip",Office Supplies,Supplies,7977,
OFF-SU-10002419,"Fiskars Letter Opener, Easy Grip",Office Supplies,Supplies,7978,
OFF-SU-10002423,"Acme Shears, Steel",Office Supplies,Supplies,7979,
OFF-SU-10002429,"Fiskars Box Cutter, Steel",Office Supplies,Supplies,7980,
OFF-SU-10002445,"Fiskars Trimmer, High Speed",Office Supplies,Supplies,7981,
OFF-SU-10002448,"Stiletto Trimmer, High Speed",Office Supplies,Supplies,7982,
OFF-SU-10002451,"Elite Letter Opener, High Speed",Office Supplies,Supplies,7983,
OFF-SU-10002466,"Elite Shears, Easy Grip",Office Supplies,Supplies,7984,
OFF-SU-10002498,"Stiletto Letter Opener, High Speed",Office Supplies,Supplies,7985,
OFF-SU-10002503,Acme Preferred Stainless Steel Scissors,Office Supplies,Supplies,7986,
OFF-SU-10002521,"Kleencut Box Cutter, Steel",Office Supplies,Supplies,7987,
OFF-SU-10002522,Acme Kleen Earth Office Shears,Office Supplies,Supplies,7988,
OFF-SU-10002537,Acme Box Cutter Scissors,Office Supplies,Supplies,7989,
OFF-SU-10002543,"Stiletto Scissors, Easy Grip",Office Supplies,Supplies,7990,
OFF-SU-10002544,"Kleencut Box Cutter, Serrated",Office Supplies,Supplies,7991,
OFF-SU-10002547,"Acme Ruler, Steel",Office Supplies,Supplies,7992,
OFF-SU-10002550,"Kleencut Scissors, Steel",Office Supplies,Supplies,7993,
OFF-SU-10002557,Fiskars Spring-Action Scissors,Office Supplies,Supplies,7994,
OFF-SU-10002566,"Stiletto Trimmer, Steel",Office Supplies,Supplies,7995,
OFF-SU-10002573,"Acme 10"" Easy Grip Assistive Scissors",Office Supplies,Supplies,7996,
OFF-SU-10002599,"Stiletto Letter Opener, Easy Grip",Office Supplies,Supplies,7997,
OFF-SU-10002611,"Fiskars Ruler, Serrated",Office Supplies,Supplies,7998,
OFF-SU-10002627,"Kleencut Scissors, Serrated",Office Supplies,Supplies,7999,
OFF-SU-10002649,"Elite Shears, Serrated",Office Supplies,Supplies,8000,
OFF-SU-10002653,"Kleencut Letter Opener, High Speed",Office Supplies,Supplies,8001,
OFF-SU-10002670,"Stiletto Box Cutter, High Speed",Office Supplies,Supplies,8002,
OFF-SU-10002709,"Fiskars Letter Opener, Easy Grip",Office Supplies,Supplies,8003,
OFF-SU-10002710,"Fiskars Trimmer, High Speed",Office Supplies,Supplies,8004,
OFF-SU-10002715,"Elite Trimmer, High Speed",Office Supplies,Supplies,8005,
OFF-SU-10002732,"Acme Box Cutter, High Speed",Office Supplies,Supplies,8006,
OFF-SU-10002742,"Stiletto Trimmer, Serrated",Office Supplies,Supplies,8007,
OFF-SU-10002750,"Kleencut Box Cutter, Steel",Office Supplies,Supplies,8008,
OFF-SU-10002775,"Fiskars Box Cutter, Steel",Office Supplies,Supplies,8009,
OFF-SU-10002785,"Fiskars Trimmer, Serrated",Office Supplies,Supplies,8010,
OFF-SU-10002816,"Kleencut Shears, Serrated",Office Supplies,Supplies,8011,
OFF-SU-10002831,"Acme Scissors, High Speed",Office Supplies,Supplies,8012,
OFF-SU-10002849,"Kleencut Ruler, Serrated",Office Supplies,Supplies,8013,
OFF-SU-10002881,Martin Yale Chadless Opener Electric Letter Opener,Office Supplies,Supplies,8014,
OFF-SU-10002900,"Kleencut Trimmer, Easy Grip",Office Supplies,Supplies,8015,
OFF-SU-10002909,"Fiskars Ruler, Easy Grip",Office Supplies,Supplies,8016,
OFF-SU-10002911,"Acme Scissors, Serrated",Office Supplies,Supplies,8017,
OFF-SU-10002934,"Elite Shears, Serrated",Office Supplies,Supplies,8018,
OFF-SU-10002961,"Kleencut Ruler, Serrated",Office Supplies,Supplies,8019,
OFF-SU-10002962,"Acme Scissors, Serrated",Office Supplies,Supplies,8020,
OFF-SU-10002983,"Acme Trimmer, High Speed",Office Supplies,Supplies,8021,
OFF-SU-10002993,"Fiskars Trimmer, High Speed",Office Supplies,Supplies,8022,
OFF-SU-10003002,Letter Slitter,Office Supplies,Supplies,8023,
OFF-SU-10003019,"Acme Letter Opener, Serrated",Office Supplies,Supplies,8024,
OFF-SU-10003040,"Stiletto Box Cutter, Serrated",Office Supplies,Supplies,8025,
OFF-SU-10003046,"Elite Letter Opener, Steel",Office Supplies,Supplies,8026,
OFF-SU-10003072,"Elite Trimmer, Serrated",Office Supplies,Supplies,8027,
OFF-SU-10003082,"Acme Box Cutter, Easy Grip",Office Supplies,Supplies,8028,
OFF-SU-10003085,"Stiletto Ruler, Easy Grip",Office Supplies,Supplies,8029,
OFF-SU-10003098,"Kleencut Scissors, Easy Grip",Office Supplies,Supplies,8030,
OFF-SU-10003105,"Fiskars Shears, Steel",Office Supplies,Supplies,8031,
OFF-SU-10003115,"Acme Scissors, Serrated",Office Supplies,Supplies,8032,
OFF-SU-10003118,"Acme Shears, Easy Grip",Office Supplies,Supplies,8033,
OFF-SU-10003126,"Acme Shears, Serrated",Office Supplies,Supplies,8034,
OFF-SU-10003130,"Acme Trimmer, Serrated",Office Supplies,Supplies,8035,
OFF-SU-10003137,"Fiskars Letter Opener, Steel",Office Supplies,Supplies,8036,
OFF-SU-10003157,"Elite Letter Opener, Steel",Office Supplies,Supplies,8037,
OFF-SU-10003160,"Acme Ruler, High Speed",Office Supplies,Supplies,8038,
OFF-SU-10003162,"Acme Letter Opener, Steel",Office Supplies,Supplies,8039,
OFF-SU-10003173,"Acme Ruler, Serrated",Office Supplies,Supplies,8040,
OFF-SU-10003191,"Stiletto Scissors, Easy Grip",Office Supplies,Supplies,8041,
OFF-SU-10003209,"Elite Scissors, Easy Grip",Office Supplies,Supplies,8042,
OFF-SU-10003211,"Acme Ruler, Steel",Office Supplies,Supplies,8043,
OFF-SU-10003221,"Acme Trimmer, Easy Grip",Office Supplies,Supplies,8044,
OFF-SU-10003229,"Stiletto Trimmer, Easy Grip",Office Supplies,Supplies,8045,
OFF-SU-10003234,"Acme Box Cutter, Easy Grip",Office Supplies,Supplies,8046,
OFF-SU-10003236,"Fiskars Scissors, High Speed",Office Supplies,Supplies,8047,
OFF-SU-10003252,"Fiskars Trimmer, Steel",Office Supplies,Supplies,8048,
OFF-SU-10003259,"Elite Trimmer, Easy Grip",Office Supplies,Supplies,8049,
OFF-SU-10003267,"Stiletto Scissors, Easy Grip",Office Supplies,Supplies,8050,
OFF-SU-10003277,"Elite Ruler, Serrated",Office Supplies,Supplies,8051,
OFF-SU-10003332,"Elite Letter Opener, Steel",Office Supplies,Supplies,8052,
OFF-SU-10003343,"Fiskars Scissors, Serrated",Office Supplies,Supplies,8053,
OFF-SU-10003343,"Kleencut Shears, Steel",Office Supplies,Supplies,8054,
OFF-SU-10003355,"Acme Trimmer, Steel",Office Supplies,Supplies,8055,
OFF-SU-10003357,"Fiskars Shears, Steel",Office Supplies,Supplies,8056,
OFF-SU-10003371,"Elite Shears, Serrated",Office Supplies,Supplies,8057,
OFF-SU-10003371,"Kleencut Trimmer, High Speed",Office Supplies,Supplies,8058,
OFF-SU-10003428,"Kleencut Box Cutter, High Speed",Office Supplies,Supplies,8059,
OFF-SU-10003456,"Elite Letter Opener, Easy Grip",Office Supplies,Supplies,8060,
OFF-SU-10003473,"Elite Trimmer, Steel",Office Supplies,Supplies,8061,
OFF-SU-10003474,"Elite Box Cutter, Easy Grip",Office Supplies,Supplies,8062,
OFF-SU-10003483,"Fiskars Letter Opener, Easy Grip",Office Supplies,Supplies,8063,
OFF-SU-10003485,"Elite Letter Opener, Easy Grip",Office Supplies,Supplies,8064,
OFF-SU-10003505,Premier Electric Letter Opener,Office Supplies,Supplies,8065,
OFF-SU-10003509,"Stiletto Ruler, Easy Grip",Office Supplies,Supplies,8066,
OFF-SU-10003511,"Kleencut Ruler, High Speed",Office Supplies,Supplies,8067,
OFF-SU-10003515,"Acme Shears, Serrated",Office Supplies,Supplies,8068,
OFF-SU-10003522,"Elite Box Cutter, Serrated",Office Supplies,Supplies,8069,
OFF-SU-10003527,"Elite Ruler, Easy Grip",Office Supplies,Supplies,8070,
OFF-SU-10003535,"Elite Box Cutter, Easy Grip",Office Supplies,Supplies,8071,
OFF-SU-10003537,"Stiletto Letter Opener, Easy Grip",Office Supplies,Supplies,8072,
OFF-SU-10003537,"Kleencut Scissors, Steel",Office Supplies,Supplies,8073,
OFF-SU-10003540,"Acme Shears, Serrated",Office Supplies,Supplies,8074,
OFF-SU-10003544,"Kleencut Scissors, High Speed",Office Supplies,Supplies,8075,
OFF-SU-10003545,"Fiskars Box Cutter, Serrated",Office Supplies,Supplies,8076,
OFF-SU-10003556,"Fiskars Trimmer, Easy Grip",Office Supplies,Supplies,8077,
OFF-SU-10003559,"Kleencut Ruler, Steel",Office Supplies,Supplies,8078,
OFF-SU-10003567,Stiletto Hand Letter Openers,Office Supplies,Supplies,8079,
OFF-SU-10003582,"Elite Scissors, High Speed",Office Supplies,Supplies,8080,
OFF-SU-10003592,"Acme Ruler, High Speed",Office Supplies,Supplies,8081,
OFF-SU-10003624,"Stiletto Scissors, High Speed",Office Supplies,Supplies,8082,
OFF-SU-10003629,"Fiskars Letter Opener, Easy Grip",Office Supplies,Supplies,8083,
OFF-SU-10003629,"Fiskars Ruler, Steel",Office Supplies,Supplies,8084,
OFF-SU-10003629,"Fiskars Letter Opener, High Speed",Office Supplies,Supplies,8085,
OFF-SU-10003632,"Acme Letter Opener, Easy Grip",Office Supplies,Supplies,8086,
OFF-SU-10003632,"Stiletto Ruler, High Speed",Office Supplies,Supplies,8087,
OFF-SU-10003651,"Elite Ruler, Serrated",Office Supplies,Supplies,8088,
OFF-SU-10003659,"Fiskars Trimmer, Steel",Office Supplies,Supplies,8089,
OFF-SU-10003665,"Kleencut Trimmer, Serrated",Office Supplies,Supplies,8090,
OFF-SU-10003665,"Stiletto Letter Opener, Steel",Office Supplies,Supplies,8091,
OFF-SU-10003671,"Fiskars Scissors, High Speed",Office Supplies,Supplies,8092,
OFF-SU-10003683,"Kleencut Ruler, Easy Grip",Office Supplies,Supplies,8093,
OFF-SU-10003688,"Acme Shears, High Speed",Office Supplies,Supplies,8094,
OFF-SU-10003697,"Elite Scissors, High Speed",Office Supplies,Supplies,8095,
OFF-SU-10003701,"Stiletto Ruler, Easy Grip",Office Supplies,Supplies,8096,
OFF-SU-10003717,"Stiletto Ruler, Serrated",Office Supplies,Supplies,8097,
OFF-SU-10003719,"Stiletto Scissors, Steel",Office Supplies,Supplies,8098,
OFF-SU-10003723,"Elite Shears, High Speed",Office Supplies,Supplies,8099,
OFF-SU-10003739,"Elite Box Cutter, Steel",Office Supplies,Supplies,8100,
OFF-SU-10003739,"Elite Scissors, Easy Grip",Office Supplies,Supplies,8101,
OFF-SU-10003749,"Fiskars Box Cutter, Easy Grip",Office Supplies,Supplies,8102,
OFF-SU-10003758,"Fiskars Scissors, High Speed",Office Supplies,Supplies,8103,
OFF-SU-10003780,"Elite Ruler, High Speed",Office Supplies,Supplies,8104,
OFF-SU-10003789,"Fiskars Box Cutter, Steel",Office Supplies,Supplies,8105,
OFF-SU-10003801,"Elite Box Cutter, Easy Grip",Office Supplies,Supplies,8106,
OFF-SU-10003803,"Acme Trimmer, Steel",Office Supplies,Supplies,8107,
OFF-SU-10003804,"Kleencut Shears, Easy Grip",Office Supplies,Supplies,8108,
OFF-SU-10003834,"Stiletto Shears, High Speed",Office Supplies,Supplies,8109,
OFF-SU-10003863,"Kleencut Letter Opener, High Speed",Office Supplies,Supplies,8110,
OFF-SU-10003866,"Acme Ruler, Easy Grip",Office Supplies,Supplies,8111,
OFF-SU-10003879,"Kleencut Shears, High Speed",Office Supplies,Supplies,8112,
OFF-SU-10003892,"Acme Box Cutter, High Speed",Office Supplies,Supplies,8113,
OFF-SU-10003897,"Stiletto Ruler, High Speed",Office Supplies,Supplies,8114,
OFF-SU-10003907,"Stiletto Letter Opener, Easy Grip",Office Supplies,Supplies,8115,
OFF-SU-10003924,"Elite Trimmer, Steel",Office Supplies,Supplies,8116,
OFF-SU-10003936,Acme Serrated Blade Letter Opener,Office Supplies,Supplies,8117,
OFF-SU-10003951,"Elite Shears, Easy Grip",Office Supplies,Supplies,8118,
OFF-SU-10003966,"Kleencut Trimmer, Serrated",Office Supplies,Supplies,8119,
OFF-SU-10003973,"Elite Trimmer, Easy Grip",Office Supplies,Supplies,8120,
OFF-SU-10003991,"Fiskars Shears, Steel",Office Supplies,Supplies,8121,
OFF-SU-10004008,"Kleencut Letter Opener, Steel",Office Supplies,Supplies,8122,
OFF-SU-10004048,"Kleencut Shears, High Speed",Office Supplies,Supplies,8123,
OFF-SU-10004077,"Acme Letter Opener, Easy Grip",Office Supplies,Supplies,8124,
OFF-SU-10004087,"Elite Scissors, Steel",Office Supplies,Supplies,8125,
OFF-SU-10004091,"Elite Ruler, Serrated",Office Supplies,Supplies,8126,
OFF-SU-10004095,"Fiskars Shears, Serrated",Office Supplies,Supplies,8127,
OFF-SU-10004110,"Stiletto Scissors, Serrated",Office Supplies,Supplies,8128,
OFF-SU-10004115,Acme Stainless Steel Office Snips,Office Supplies,Supplies,8129,
OFF-SU-10004119,"Acme Trimmer, Steel",Office Supplies,Supplies,8130,
OFF-SU-10004177,"Fiskars Box Cutter, Easy Grip",Office Supplies,Supplies,8131,
OFF-SU-10004192,"Fiskars Ruler, Easy Grip",Office Supplies,Supplies,8132,
OFF-SU-10004198,"Kleencut Scissors, Easy Grip",Office Supplies,Supplies,8133,
OFF-SU-10004230,"Kleencut Scissors, Serrated",Office Supplies,Supplies,8134,
OFF-SU-10004231,Acme Tagit Stainless Steel Antibacterial Scissors,Office Supplies,Supplies,8135,
OFF-SU-10004236,"Stiletto Letter Opener, Steel",Office Supplies,Supplies,8136,
OFF-SU-10004244,"Fiskars Ruler, High Speed",Office Supplies,Supplies,8137,
OFF-SU-10004244,"Elite Letter Opener, Easy Grip",Office Supplies,Supplies,8138,
OFF-SU-10004246,"Fiskars Letter Opener, Easy Grip",Office Supplies,Supplies,8139,
OFF-SU-10004249,"Stiletto Shears, High Speed",Office Supplies,Supplies,8140,
OFF-SU-10004261,"Fiskars 8"" Scissors, 2/Pack",Office Supplies,Supplies,8141,
OFF-SU-10004279,"Kleencut Shears, Serrated",Office Supplies,Supplies,8142,
OFF-SU-10004283,"Elite Shears, Steel",Office Supplies,Supplies,8143,
OFF-SU-10004290,"Acme Design Line 8"" Stainless Steel Bent Scissors w/Champagne Handles, 3-1/8"" Cut",Office Supplies,Supplies,8144,
OFF-SU-10004299,"Stiletto Trimmer, High Speed",Office Supplies,Supplies,8145,
OFF-SU-10004304,"Elite Letter Opener, Easy Grip",Office Supplies,Supplies,8146,
OFF-SU-10004306,"Kleencut Trimmer, Steel",Office Supplies,Supplies,8147,
OFF-SU-10004316,"Elite Shears, High Speed",Office Supplies,Supplies,8148,
OFF-SU-10004317,"Kleencut Box Cutter, Easy Grip",Office Supplies,Supplies,8149,
OFF-SU-10004361,"Kleencut Trimmer, High Speed",Office Supplies,Supplies,8150,
OFF-SU-10004373,"Kleencut Scissors, Steel",Office Supplies,Supplies,8151,
OFF-SU-10004401,"Acme Shears, High Speed",Office Supplies,Supplies,8152,
OFF-SU-10004434,"Kleencut Box Cutter, Easy Grip",Office Supplies,Supplies,8153,
OFF-SU-10004435,"Stiletto Shears, Serrated",Office Supplies,Supplies,8154,
OFF-SU-10004446,"Acme Scissors, Steel",Office Supplies,Supplies,8155,
OFF-SU-10004446,"Acme Ruler, Steel",Office Supplies,Supplies,8156,
OFF-SU-10004452,"Elite Ruler, Steel",Office Supplies,Supplies,8157,
OFF-SU-10004461,"Stiletto Box Cutter, High Speed",Office Supplies,Supplies,8158,
OFF-SU-10004462,"Stiletto Scissors, Serrated",Office Supplies,Supplies,8159,
OFF-SU-10004480,"Fiskars Box Cutter, Serrated",Office Supplies,Supplies,8160,
OFF-SU-10004481,"Stiletto Shears, Serrated",Office Supplies,Supplies,8161,
OFF-SU-10004496,"Kleencut Scissors, Easy Grip",Office Supplies,Supplies,8162,
OFF-SU-10004497,"Elite Scissors, Serrated",Office Supplies,Supplies,8163,
OFF-SU-10004498,Martin-Yale Premier Letter Opener,Office Supplies,Supplies,8164,
OFF-SU-10004514,"Elite Letter Opener, Easy Grip",Office Supplies,Supplies,8165,
OFF-SU-10004524,"Kleencut Box Cutter, High Speed",Office Supplies,Supplies,8166,
OFF-SU-10004575,"Fiskars Letter Opener, Steel",Office Supplies,Supplies,8167,
OFF-SU-10004589,"Elite Shears, Serrated",Office Supplies,Supplies,8168,
OFF-SU-10004627,"Stiletto Box Cutter, High Speed",Office Supplies,Supplies,8169,
OFF-SU-10004630,"Acme Shears, Steel",Office Supplies,Supplies,8170,
OFF-SU-10004643,"Elite Trimmer, Easy Grip",Office Supplies,Supplies,8171,
OFF-SU-10004650,"Acme Scissors, High Speed",Office Supplies,Supplies,8172,
OFF-SU-10004655,"Stiletto Trimmer, Steel",Office Supplies,Supplies,8173,
OFF-SU-10004658,"Stiletto Letter Opener, Easy Grip",Office Supplies,Supplies,8174,
OFF-SU-10004659,"Elite Letter Opener, Easy Grip",Office Supplies,Supplies,8175,
OFF-SU-10004661,Acme Titanium Bonded Scissors,Office Supplies,Supplies,8176,
OFF-SU-10004662,"Elite Scissors, Serrated",Office Supplies,Supplies,8177,
OFF-SU-10004662,"Fiskars Trimmer, Easy Grip",Office Supplies,Supplies,8178,
OFF-SU-10004663,"Kleencut Letter Opener, Easy Grip",Office Supplies,Supplies,8179,
OFF-SU-10004664,Acme Softgrip Scissors,Office Supplies,Supplies,8180,
OFF-SU-10004691,"Fiskars Scissors, Serrated",Office Supplies,Supplies,8181,
OFF-SU-10004696,"Acme Shears, Easy Grip",Office Supplies,Supplies,8182,
OFF-SU-10004705,"Fiskars Ruler, Serrated",Office Supplies,Supplies,8183,
OFF-SU-10004711,"Acme Trimmer, Serrated",Office Supplies,Supplies,8184,
OFF-SU-10004727,"Stiletto Letter Opener, Easy Grip",Office Supplies,Supplies,8185,
OFF-SU-10004737,Acme Design Stainless Steel Bent Scissors,Office Supplies,Supplies,8186,
OFF-SU-10004762,"Fiskars Ruler, Steel",Office Supplies,Supplies,8187,
OFF-SU-10004766,"Kleencut Shears, Easy Grip",Office Supplies,Supplies,8188,
OFF-SU-10004768,Acme Kleencut Forged Steel Scissors,Office Supplies,Supplies,8189,
OFF-SU-10004771,"Elite Ruler, Easy Grip",Office Supplies,Supplies,8190,
OFF-SU-10004780,"Fiskars Box Cutter, Steel",Office Supplies,Supplies,8191,
OFF-SU-10004782,"Elite 5"" Scissors",Office Supplies,Supplies,8192,
OFF-SU-10004784,"Elite Trimmer, Steel",Office Supplies,Supplies,8193,
OFF-SU-10004791,"Fiskars Letter Opener, Easy Grip",Office Supplies,Supplies,8194,
OFF-SU-10004794,"Stiletto Shears, Steel",Office Supplies,Supplies,8195,
OFF-SU-10004799,"Elite Ruler, Steel",Office Supplies,Supplies,8196,
OFF-SU-10004802,"Stiletto Shears, Serrated",Office Supplies,Supplies,8197,
OFF-SU-10004814,"Fiskars Shears, High Speed",Office Supplies,Supplies,8198,
OFF-SU-10004818,"Stiletto Trimmer, Steel",Office Supplies,Supplies,8199,
OFF-SU-10004822,"Acme Letter Opener, Serrated",Office Supplies,Supplies,8200,
OFF-SU-10004846,"Acme Box Cutter, Serrated",Office Supplies,Supplies,8201,
OFF-SU-10004848,"Kleencut Shears, High Speed",Office Supplies,Supplies,8202,
OFF-SU-10004872,"Elite Letter Opener, Easy Grip",Office Supplies,Supplies,8203,
OFF-SU-10004873,"Fiskars Box Cutter, Easy Grip",Office Supplies,Supplies,8204,
OFF-SU-10004884,Acme Galleria Hot Forged Steel Scissors with Colored Handles,Office Supplies,Supplies,8205,
OFF-SU-10004888,"Stiletto Shears, Steel",Office Supplies,Supplies,8206,
OFF-SU-10004899,"Acme Scissors, Easy Grip",Office Supplies,Supplies,8207,
OFF-SU-10004902,"Fiskars Ruler, Easy Grip",Office Supplies,Supplies,8208,
OFF-SU-10004904,"Fiskars Scissors, Serrated",Office Supplies,Supplies,8209,
OFF-SU-10004911,"Acme Shears, High Speed",Office Supplies,Supplies,8210,
OFF-SU-10004919,"Acme Letter Opener, High Speed",Office Supplies,Supplies,8211,
OFF-SU-10004932,"Stiletto Ruler, Easy Grip",Office Supplies,Supplies,8212,
OFF-SU-10004938,"Fiskars Trimmer, Steel",Office Supplies,Supplies,8213,
OFF-SU-10004980,"Acme Trimmer, Steel",Office Supplies,Supplies,8214,
TEC-EPS-10000053,"Epson Receipt Printer, Red",Technology,Machines,9430,
TEC-EPS-10000689,"Epson Card Printer, Wireless",Technology,Machines,9431,
TEC-EPS-10000774,"Epson Phone, Red",Technology,Machines,9432,
TEC-EPS-10001129,"Epson Inkjet, White",Technology,Machines,9433,
TEC-EPS-10001323,"Epson Calculator, Wireless",Technology,Machines,9434,
TEC-EPS-10001341,"Epson Calculator, White",Technology,Machines,9435,
TEC-EPS-10001473,"Epson Calculator, Durable",Technology,Machines,9436,
TEC-EPS-10001644,"Epson Phone, Durable",Technology,Machines,9437,
TEC-EPS-10001651,"Epson Phone, White",Technology,Machines,9438,
TEC-EPS-10002212,"Epson Receipt Printer, White",Technology,Machines,9439,
TEC-EPS-10002523,"Epson Card Printer, White",Technology,Machines,9440,
TEC-EPS-10002711,"Epson Card Printer, Red",Technology,Machines,9441,
TEC-EPS-10002920,"Epson Printer, Red",Technology,Machines,9442,
TEC-EPS-10002958,"Epson Receipt Printer, Wireless",Technology,Machines,9443,
TEC-EPS-10003277,"Epson Printer, White",Technology,Machines,9444,
TEC-EPS-10003473,"Epson Phone, Wireless",Technology,Machines,9445,
TEC-EPS-10003568,"Epson Receipt Printer, Durable",Technology,Machines,9446,
TEC-EPS-10003962,"Epson Card Printer, Durable",Technology,Machines,9447,
TEC-EPS-10004111,"Epson Inkjet, Wireless",Technology,Machines,9448,
TEC-EPS-10004171,"Epson Calculator, Red",Technology,Machines,9449,
TEC-EPS-10004328,"Epson Printer, Durable",Technology,Machines,9450,
TEC-EPS-10004558,"Epson Inkjet, Durable",Technology,Machines,9451,
TEC-EPS-10004965,"Epson Inkjet, Wireless",Technology,Machines,9452,
TEC-KON-10000005,"Konica Phone, Durable",Technology,Machines,9499,
TEC-KON-10000091,"Konica Calculator, Red",Technology,Machines,9500,
TEC-KON-10000302,"Konica Phone, White",Technology,Machines,9501,
TEC-KON-10000562,"Konica Phone, Wireless",Technology,Machines,9502,
TEC-KON-10000837,"Konica Printer, Durable",Technology,Machines,9503,
TEC-KON-10001017,"Konica Receipt Printer, White",Technology,Machines,9504,
TEC-KON-10001388,"Konica Printer, Red",Technology,Machines,9505,
TEC-KON-10001507,"Konica Card Printer, Durable",Technology,Machines,9506,
TEC-KON-10001519,"Konica Calculator, White",Technology,Machines,9507,
TEC-KON-10001624,"Konica Receipt Printer, Durable",Technology,Machines,9508,
TEC-KON-10002034,"Konica Receipt Printer, Wireless",Technology,Machines,9509,
TEC-KON-10002050,"Konica Printer, Wireless",Technology,Machines,9510,
TEC-KON-10002052,"Konica Inkjet, Wireless",Technology,Machines,9511,
TEC-KON-10002194,"Konica Printer, White",Technology,Machines,9512,
TEC-KON-10002309,"Konica Inkjet, Wireless",Technology,Machines,9513,
TEC-KON-10002482,"Konica Phone, Red",Technology,Machines,9514,
TEC-KON-10003077,"Konica Calculator, Wireless",Technology,Machines,9515,
TEC-KON-10003116,"Konica Receipt Printer, Red",Technology,Machines,9516,
TEC-KON-10003211,"Konica Inkjet, White",Technology,Machines,9517,
TEC-KON-10003726,"Konica Card Printer, Wireless",Technology,Machines,9518,
TEC-KON-10004519,"Konica Card Printer, Red",Technology,Machines,9519,
TEC-KON-10004735,"Konica Card Printer, White",Technology,Machines,9520,
TEC-KON-10004774,"Konica Inkjet, Durable",Technology,Machines,9521,
TEC-MA-10000002,"Epson Card Printer, Durable",Technology,Machines,9546,
TEC-MA-10000003,"Konica Phone, Durable",Technology,Machines,9547,
TEC-MA-10000010,Hewlett-Packard Deskjet 3050a All-in-One Color Inkjet Printer,Technology,Machines,9548,
TEC-MA-10000029,"Epson WorkForce WF-2530 All-in-One Printer, Copier Scanner",Technology,Machines,9549,
TEC-MA-10000045,Zebra ZM400 Thermal Label Printer,Technology,Machines,9550,
TEC-MA-10000087,"StarTech Calculator, White",Technology,Machines,9551,
TEC-MA-10000110,"StarTech Phone, Wireless",Technology,Machines,9552,
TEC-MA-10000112,Panasonic KX MB2061 Multifunction Printer,Technology,Machines,9553,
TEC-MA-10000122,"Okidata Calculator, Red",Technology,Machines,9554,
TEC-MA-10000124,"Konica Card Printer, White",Technology,Machines,9555,
TEC-MA-10000154,"Panasonic Receipt Printer, Red",Technology,Machines,9556,
TEC-MA-10000161,"Okidata Inkjet, Wireless",Technology,Machines,9557,
TEC-MA-10000161,"Konica Receipt Printer, Durable",Technology,Machines,9558,
TEC-MA-10000170,"Okidata Receipt Printer, White",Technology,Machines,9559,
TEC-MA-10000172,"StarTech Inkjet, Wireless",Technology,Machines,9560,
TEC-MA-10000199,"Okidata Inkjet, White",Technology,Machines,9561,
TEC-MA-10000232,"Konica Card Printer, Durable",Technology,Machines,9562,
TEC-MA-10000240,"Okidata Inkjet, Wireless",Technology,Machines,9563,
TEC-MA-10000258,"Panasonic Inkjet, Wireless",Technology,Machines,9564,
TEC-MA-10000261,"StarTech Calculator, Red",Technology,Machines,9565,
TEC-MA-10000317,"StarTech Receipt Printer, Red",Technology,Machines,9566,
TEC-MA-10000327,"Epson Phone, Durable",Technology,Machines,9567,
TEC-MA-10000331,"Okidata Printer, White",Technology,Machines,9568,
TEC-MA-10000334,"Panasonic Printer, Wireless",Technology,Machines,9569,
TEC-MA-10000345,"Konica Phone, Red",Technology,Machines,9570,
TEC-MA-10000354,"StarTech Calculator, Wireless",Technology,Machines,9571,
TEC-MA-10000366,"Epson Card Printer, Red",Technology,Machines,9572,
TEC-MA-10000374,"Konica Receipt Printer, Red",Technology,Machines,9573,
TEC-MA-10000379,"Okidata Phone, Wireless",Technology,Machines,9574,
TEC-MA-10000418,Cubify CubeX 3D Printer Double Head Print,Technology,Machines,9575,
TEC-MA-10000423,Texas Instruments TI-34 Scientific Calculator,Technology,Machines,9576,
TEC-MA-10000429,"Konica Card Printer, Red",Technology,Machines,9577,
TEC-MA-10000433,"Epson Inkjet, Durable",Technology,Machines,9578,
TEC-MA-10000461,"Epson Inkjet, Wireless",Technology,Machines,9579,
TEC-MA-10000473,"Konica Phone, Red",Technology,Machines,9580,
TEC-MA-10000473,"Epson Receipt Printer, Durable",Technology,Machines,9581,
TEC-MA-10000488,Bady BDG101FRU Card Printer,Technology,Machines,9582,
TEC-MA-10000555,"Panasonic Card Printer, Red",Technology,Machines,9583,
TEC-MA-10000559,"Epson Card Printer, Red",Technology,Machines,9584,
TEC-MA-10000560,"StarTech Inkjet, Wireless",Technology,Machines,9585,
TEC-MA-10000572,"Epson Card Printer, Red",Technology,Machines,9586,
TEC-MA-10000597,Lexmark S315 Color Inkjet Printer,Technology,Machines,9587,
TEC-MA-10000605,"Epson Card Printer, Wireless",Technology,Machines,9588,
TEC-MA-10000606,"Epson Phone, Wireless",Technology,Machines,9589,
TEC-MA-10000606,"Okidata Printer, White",Technology,Machines,9590,
TEC-MA-10000684,"Okidata Calculator, White",Technology,Machines,9591,
TEC-MA-10000686,"Epson Phone, Wireless",Technology,Machines,9592,
TEC-MA-10000687,"Konica Calculator, Red",Technology,Machines,9593,
TEC-MA-10000697,"StarTech Card Printer, Wireless",Technology,Machines,9594,
TEC-MA-10000711,"StarTech Receipt Printer, Durable",Technology,Machines,9595,
TEC-MA-10000742,"Konica Inkjet, White",Technology,Machines,9596,
TEC-MA-10000752,Texas Instrument TI-15 Fraction Calculator,Technology,Machines,9597,
TEC-MA-10000753,"Epson Printer, Red",Technology,Machines,9598,
TEC-MA-10000755,"Panasonic Phone, Durable",Technology,Machines,9599,
TEC-MA-10000765,"Okidata Phone, Wireless",Technology,Machines,9600,
TEC-MA-10000768,"Epson Card Printer, White",Technology,Machines,9601,
TEC-MA-10000772,"Okidata Phone, Durable",Technology,Machines,9602,
TEC-MA-10000772,"StarTech Printer, Red",Technology,Machines,9603,
TEC-MA-10000776,"Okidata Calculator, Wireless",Technology,Machines,9604,
TEC-MA-10000811,"Okidata Phone, Durable",Technology,Machines,9605,
TEC-MA-10000822,Lexmark MX611dhe Monochrome Laser Printer,Technology,Machines,9606,
TEC-MA-10000843,"Konica Phone, Red",Technology,Machines,9607,
TEC-MA-10000858,"Panasonic Printer, White",Technology,Machines,9608,
TEC-MA-10000864,Cisco 9971 IP Video Phone Charcoal,Technology,Machines,9609,
TEC-MA-10000868,"Panasonic Phone, Wireless",Technology,Machines,9610,
TEC-MA-10000875,"Okidata Inkjet, Wireless",Technology,Machines,9611,
TEC-MA-10000888,"Okidata Phone, White",Technology,Machines,9612,
TEC-MA-10000904,"Brother MFC-9340CDW LED All-In-One Printer, Copier Scanner",Technology,Machines,9613,
TEC-MA-10000946,"Panasonic Calculator, Red",Technology,Machines,9614,
TEC-MA-10000964,"Okidata Calculator, Red",Technology,Machines,9615,
TEC-MA-10000982,"Konica Inkjet, Wireless",Technology,Machines,9616,
TEC-MA-10000984,Okidata MB760 Printer,Technology,Machines,9617,
TEC-MA-10001009,"Panasonic Inkjet, Red",Technology,Machines,9618,
TEC-MA-10001015,"StarTech Card Printer, Durable",Technology,Machines,9619,
TEC-MA-10001016,Canon PC170 Desktop Personal Copier,Technology,Machines,9620,
TEC-MA-10001031,Socket Bluetooth Cordless Hand Scanner (CHS),Technology,Machines,9621,
TEC-MA-10001047,"3D Systems Cube Printer, 2nd Generation, Magenta",Technology,Machines,9622,
TEC-MA-10001080,"Epson Phone, Red",Technology,Machines,9623,
TEC-MA-10001098,"StarTech Printer, Durable",Technology,Machines,9624,
TEC-MA-10001127,"HP Designjet T520 Inkjet Large Format Printer - 24"" Color",Technology,Machines,9625,
TEC-MA-10001127,"Epson Inkjet, Wireless",Technology,Machines,9626,
TEC-MA-10001128,"StarTech Card Printer, White",Technology,Machines,9627,
TEC-MA-10001139,"Okidata Receipt Printer, Wireless",Technology,Machines,9628,
TEC-MA-10001142,"Epson Card Printer, Wireless",Technology,Machines,9629,
TEC-MA-10001148,Swingline SM12-08 MicroCut Jam Free Shredder,Technology,Machines,9630,
TEC-MA-10001148,Okidata MB491 Multifunction Printer,Technology,Machines,9631,
TEC-MA-10001187,"Okidata Calculator, Wireless",Technology,Machines,9632,
TEC-MA-10001197,"StarTech Phone, Red",Technology,Machines,9633,
TEC-MA-10001210,"Okidata Calculator, Durable",Technology,Machines,9634,
TEC-MA-10001248,"StarTech Inkjet, Wireless",Technology,Machines,9635,
TEC-MA-10001259,"StarTech Inkjet, White",Technology,Machines,9636,
TEC-MA-10001261,"Konica Printer, Wireless",Technology,Machines,9637,
TEC-MA-10001267,"Epson Calculator, Red",Technology,Machines,9638,
TEC-MA-10001279,"Panasonic Calculator, Wireless",Technology,Machines,9639,
TEC-MA-10001290,"Panasonic Printer, White",Technology,Machines,9640,
TEC-MA-10001296,"Epson Calculator, White",Technology,Machines,9641,
TEC-MA-10001298,"StarTech Receipt Printer, Wireless",Technology,Machines,9642,
TEC-MA-10001302,"Panasonic Calculator, Durable",Technology,Machines,9643,
TEC-MA-10001305,"Okidata Card Printer, White",Technology,Machines,9644,
TEC-MA-10001308,"Okidata Printer, Durable",Technology,Machines,9645,
TEC-MA-10001311,"Epson Printer, Wireless",Technology,Machines,9646,
TEC-MA-10001330,"Konica Card Printer, Red",Technology,Machines,9647,
TEC-MA-10001335,"Epson Printer, Durable",Technology,Machines,9648,
TEC-MA-10001358,"StarTech Phone, Wireless",Technology,Machines,9649,
TEC-MA-10001360,"Okidata Receipt Printer, White",Technology,Machines,9650,
TEC-MA-10001372,"Konica Card Printer, White",Technology,Machines,9651,
TEC-MA-10001403,"Panasonic Calculator, White",Technology,Machines,9652,
TEC-MA-10001411,"Epson Calculator, Wireless",Technology,Machines,9653,
TEC-MA-10001447,"Konica Phone, Red",Technology,Machines,9654,
TEC-MA-10001475,"StarTech Receipt Printer, Wireless",Technology,Machines,9655,
TEC-MA-10001494,"Okidata Inkjet, Durable",Technology,Machines,9656,
TEC-MA-10001527,"Panasonic Calculator, White",Technology,Machines,9657,
TEC-MA-10001546,"Okidata Phone, Red",Technology,Machines,9658,
TEC-MA-10001569,"Okidata Phone, Red",Technology,Machines,9659,
TEC-MA-10001570,Cisco Desktop Collaboration Experience DX650 IP Video Phone,Technology,Machines,9660,
TEC-MA-10001598,"Panasonic Card Printer, Wireless",Technology,Machines,9661,
TEC-MA-10001607,"Konica Phone, Durable",Technology,Machines,9662,
TEC-MA-10001622,"Okidata Card Printer, Red",Technology,Machines,9663,
TEC-MA-10001624,"Panasonic Phone, Red",Technology,Machines,9664,
TEC-MA-10001627,"Konica Printer, White",Technology,Machines,9665,
TEC-MA-10001681,Lexmark MarkNet N8150 Wireless Print Server,Technology,Machines,9666,
TEC-MA-10001695,Zebra GK420t Direct Thermal/Thermal Transfer Printer,Technology,Machines,9667,
TEC-MA-10001711,"Konica Phone, White",Technology,Machines,9668,
TEC-MA-10001726,"Epson Receipt Printer, White",Technology,Machines,9669,
TEC-MA-10001727,"Konica Receipt Printer, Wireless",Technology,Machines,9670,
TEC-MA-10001731,"Okidata Card Printer, White",Technology,Machines,9671,
TEC-MA-10001752,"Konica Printer, Durable",Technology,Machines,9672,
TEC-MA-10001777,"Okidata Printer, Red",Technology,Machines,9673,
TEC-MA-10001792,"Epson Inkjet, White",Technology,Machines,9674,
TEC-MA-10001811,"Okidata Card Printer, Durable",Technology,Machines,9675,
TEC-MA-10001825,"Epson Calculator, Durable",Technology,Machines,9676,
TEC-MA-10001831,"Konica Card Printer, Durable",Technology,Machines,9677,
TEC-MA-10001832,"Okidata Card Printer, Durable",Technology,Machines,9678,
TEC-MA-10001841,"Konica Printer, White",Technology,Machines,9679,
TEC-MA-10001856,Okidata C610n Printer,Technology,Machines,9680,
TEC-MA-10001859,"Okidata Printer, Wireless",Technology,Machines,9681,
TEC-MA-10001881,"Konica Card Printer, Red",Technology,Machines,9682,
TEC-MA-10001922,"Konica Calculator, Wireless",Technology,Machines,9683,
TEC-MA-10001934,"StarTech Printer, Red",Technology,Machines,9684,
TEC-MA-10001940,"Okidata Card Printer, Wireless",Technology,Machines,9685,
TEC-MA-10001966,"Epson Card Printer, Durable",Technology,Machines,9686,
TEC-MA-10001972,Okidata C331dn Printer,Technology,Machines,9687,
TEC-MA-10001991,"Konica Calculator, White",Technology,Machines,9688,
TEC-MA-10002029,"StarTech Receipt Printer, Durable",Technology,Machines,9689,
TEC-MA-10002039,"Panasonic Calculator, Wireless",Technology,Machines,9690,
TEC-MA-10002040,"Panasonic Card Printer, Durable",Technology,Machines,9691,
TEC-MA-10002043,"Epson Receipt Printer, White",Technology,Machines,9692,
TEC-MA-10002055,"Epson Calculator, Wireless",Technology,Machines,9693,
TEC-MA-10002073,"3D Systems Cube Printer, 2nd Generation, White",Technology,Machines,9694,
TEC-MA-10002080,"Epson Printer, Durable",Technology,Machines,9695,
TEC-MA-10002093,"StarTech Card Printer, Durable",Technology,Machines,9696,
TEC-MA-10002109,"HP Officejet Pro 8600 e-All-In-One Printer, Copier, Scanner, Fax",Technology,Machines,9697,
TEC-MA-10002118,"Konica Printer, Red",Technology,Machines,9698,
TEC-MA-10002134,"Konica Inkjet, Wireless",Technology,Machines,9699,
TEC-MA-10002135,"Epson Printer, White",Technology,Machines,9700,
TEC-MA-10002148,"Epson Printer, Durable",Technology,Machines,9701,
TEC-MA-10002149,"Panasonic Receipt Printer, Durable",Technology,Machines,9702,
TEC-MA-10002155,"Panasonic Receipt Printer, Durable",Technology,Machines,9703,
TEC-MA-10002165,"Konica Card Printer, Red",Technology,Machines,9704,
TEC-MA-10002178,Cisco CP-7937G Unified IP Conference Station Phone,Technology,Machines,9705,
TEC-MA-10002193,"Panasonic Card Printer, Red",Technology,Machines,9706,
TEC-MA-10002195,"Epson Receipt Printer, Red",Technology,Machines,9707,
TEC-MA-10002210,Epson TM-T88V Direct Thermal Printer - Monochrome - Desktop,Technology,Machines,9708,
TEC-MA-10002226,"Epson Phone, Red",Technology,Machines,9709,
TEC-MA-10002242,"StarTech Calculator, Durable",Technology,Machines,9710,
TEC-MA-10002249,"StarTech Calculator, Wireless",Technology,Machines,9711,
TEC-MA-10002263,"Panasonic Inkjet, White",Technology,Machines,9712,
TEC-MA-10002264,"Panasonic Printer, Durable",Technology,Machines,9713,
TEC-MA-10002267,"Konica Calculator, White",Technology,Machines,9714,
TEC-MA-10002268,"StarTech Receipt Printer, White",Technology,Machines,9715,
TEC-MA-10002306,"Epson Phone, White",Technology,Machines,9716,
TEC-MA-10002316,"Konica Printer, Durable",Technology,Machines,9717,
TEC-MA-10002340,"Konica Receipt Printer, White",Technology,Machines,9718,
TEC-MA-10002368,"Panasonic Receipt Printer, White",Technology,Machines,9719,
TEC-MA-10002389,"StarTech Receipt Printer, White",Technology,Machines,9720,
TEC-MA-10002392,"Konica Card Printer, Wireless",Technology,Machines,9721,
TEC-MA-10002412,Cisco TelePresence System EX90 Videoconferencing Unit,Technology,Machines,9722,
TEC-MA-10002413,"Panasonic Card Printer, Durable",Technology,Machines,9723,
TEC-MA-10002424,"StarTech Phone, Durable",Technology,Machines,9724,
TEC-MA-10002428,Fellowes Powershred HS-440 4-Sheet High Security Shredder,Technology,Machines,9725,
TEC-MA-10002435,"Epson Receipt Printer, Wireless",Technology,Machines,9726,
TEC-MA-10002459,"StarTech Printer, White",Technology,Machines,9727,
TEC-MA-10002464,"Panasonic Printer, Durable",Technology,Machines,9728,
TEC-MA-10002468,"Panasonic Inkjet, White",Technology,Machines,9729,
TEC-MA-10002471,"Epson Phone, Durable",Technology,Machines,9730,
TEC-MA-10002520,"Panasonic Receipt Printer, White",Technology,Machines,9731,
TEC-MA-10002521,"Okidata Card Printer, Wireless",Technology,Machines,9732,
TEC-MA-10002525,"StarTech Phone, Durable",Technology,Machines,9733,
TEC-MA-10002538,"Okidata Phone, Wireless",Technology,Machines,9734,
TEC-MA-10002571,"Konica Phone, Durable",Technology,Machines,9735,
TEC-MA-10002614,"Okidata Receipt Printer, Wireless",Technology,Machines,9736,
TEC-MA-10002629,"Konica Inkjet, Wireless",Technology,Machines,9737,
TEC-MA-10002633,"StarTech Inkjet, Durable",Technology,Machines,9738,
TEC-MA-10002660,"Epson Phone, White",Technology,Machines,9739,
TEC-MA-10002680,"Konica Inkjet, White",Technology,Machines,9740,
TEC-MA-10002686,"Okidata Card Printer, White",Technology,Machines,9741,
TEC-MA-10002694,Hewlett-Packard Deskjet F4180 All-in-One Color Ink-jet - Printer / copier / scanner,Technology,Machines,9742,
TEC-MA-10002701,"Konica Inkjet, Durable",Technology,Machines,9743,
TEC-MA-10002710,"Okidata Printer, Durable",Technology,Machines,9744,
TEC-MA-10002711,"Epson Card Printer, Durable",Technology,Machines,9745,
TEC-MA-10002712,"Okidata Printer, Wireless",Technology,Machines,9746,
TEC-MA-10002722,"Epson Receipt Printer, Wireless",Technology,Machines,9747,
TEC-MA-10002729,"StarTech Receipt Printer, Red",Technology,Machines,9748,
TEC-MA-10002771,"StarTech Inkjet, White",Technology,Machines,9749,
TEC-MA-10002779,"Panasonic Receipt Printer, Red",Technology,Machines,9750,
TEC-MA-10002780,"Okidata Inkjet, Wireless",Technology,Machines,9751,
TEC-MA-10002790,NeatDesk Desktop Scanner & Digital Filing System,Technology,Machines,9752,
TEC-MA-10002827,"StarTech Printer, Red",Technology,Machines,9753,
TEC-MA-10002844,"Okidata Receipt Printer, White",Technology,Machines,9754,
TEC-MA-10002844,"Konica Calculator, Durable",Technology,Machines,9755,
TEC-MA-10002859,Ativa MDM8000 8-Sheet Micro-Cut Shredder,Technology,Machines,9756,
TEC-MA-10002864,"Okidata Calculator, White",Technology,Machines,9757,
TEC-MA-10002864,"Panasonic Card Printer, Durable",Technology,Machines,9758,
TEC-MA-10002871,"Panasonic Receipt Printer, Red",Technology,Machines,9759,
TEC-MA-10002874,"Epson Receipt Printer, Wireless",Technology,Machines,9760,
TEC-MA-10002898,"StarTech Printer, Durable",Technology,Machines,9761,
TEC-MA-10002910,"Panasonic Inkjet, Red",Technology,Machines,9762,
TEC-MA-10002918,"StarTech Card Printer, White",Technology,Machines,9763,
TEC-MA-10002927,Canon imageCLASS MF7460 Monochrome Digital Laser Multifunction Copier,Technology,Machines,9764,
TEC-MA-10002930,Ricoh - Ink Collector Unit for GX3000 Series Printers,Technology,Machines,9765,
TEC-MA-10002931,"Okidata Calculator, Durable",Technology,Machines,9766,
TEC-MA-10002931,"Konica Receipt Printer, Red",Technology,Machines,9767,
TEC-MA-10002937,"Canon Color ImageCLASS MF8580Cdw Wireless Laser All-In-One Printer, Copier, Scanner",Technology,Machines,9768,
TEC-MA-10002941,"Okidata Card Printer, Red",Technology,Machines,9769,
TEC-MA-10002952,"StarTech Calculator, White",Technology,Machines,9770,
TEC-MA-10002981,I.R.I.S IRISCard Anywhere 5 Card Scanner,Technology,Machines,9771,
TEC-MA-10002989,"Panasonic Printer, White",Technology,Machines,9772,
TEC-MA-10002992,"Konica Card Printer, Wireless",Technology,Machines,9773,
TEC-MA-10002998,"Okidata Receipt Printer, Durable",Technology,Machines,9774,
TEC-MA-10003066,Wasp CCD Handheld Bar Code Reader,Technology,Machines,9775,
TEC-MA-10003078,"Epson Printer, White",Technology,Machines,9776,
TEC-MA-10003079,"Panasonic Card Printer, Wireless",Technology,Machines,9777,
TEC-MA-10003084,"Okidata Receipt Printer, Red",Technology,Machines,9778,
TEC-MA-10003101,"Panasonic Receipt Printer, Wireless",Technology,Machines,9779,
TEC-MA-10003101,"Panasonic Printer, Red",Technology,Machines,9780,
TEC-MA-10003112,"StarTech Phone, Durable",Technology,Machines,9781,
TEC-MA-10003121,"StarTech Card Printer, Wireless",Technology,Machines,9782,
TEC-MA-10003146,"Okidata Inkjet, Durable",Technology,Machines,9783,
TEC-MA-10003154,"Panasonic Printer, Red",Technology,Machines,9784,
TEC-MA-10003170,"Konica Calculator, Wireless",Technology,Machines,9785,
TEC-MA-10003173,Hewlett-Packard 300S Scientific Calculator,Technology,Machines,9786,
TEC-MA-10003176,Okidata B400 Printer,Technology,Machines,9787,
TEC-MA-10003176,"Panasonic Inkjet, Wireless",Technology,Machines,9788,
TEC-MA-10003178,"Okidata Receipt Printer, Wireless",Technology,Machines,9789,
TEC-MA-10003183,DYMO CardScan Personal V9 Business Card Scanner,Technology,Machines,9790,
TEC-MA-10003185,"Epson Phone, Red",Technology,Machines,9791,
TEC-MA-10003198,"Konica Phone, White",Technology,Machines,9792,
TEC-MA-10003223,"StarTech Inkjet, Durable",Technology,Machines,9793,
TEC-MA-10003230,Okidata C610n Printer,Technology,Machines,9794,
TEC-MA-10003246,Hewlett-Packard Deskjet D4360 Printer,Technology,Machines,9795,
TEC-MA-10003251,"Konica Phone, White",Technology,Machines,9796,
TEC-MA-10003261,"Panasonic Phone, Durable",Technology,Machines,9797,
TEC-MA-10003280,"Panasonic Receipt Printer, White",Technology,Machines,9798,
TEC-MA-10003298,"Konica Card Printer, Wireless",Technology,Machines,9799,
TEC-MA-10003314,"Epson Phone, White",Technology,Machines,9800,
TEC-MA-10003315,"Panasonic Card Printer, Red",Technology,Machines,9801,
TEC-MA-10003326,"StarTech Calculator, Durable",Technology,Machines,9802,
TEC-MA-10003326,"Epson Printer, Red",Technology,Machines,9803,
TEC-MA-10003329,"Vtech AT&T CL2940 Corded Speakerphone, Black",Technology,Machines,9804,
TEC-MA-10003330,"Panasonic Receipt Printer, Wireless",Technology,Machines,9805,
TEC-MA-10003332,"Panasonic Receipt Printer, Durable",Technology,Machines,9806,
TEC-MA-10003337,Okidata B401 Printer,Technology,Machines,9807,
TEC-MA-10003338,"Panasonic Phone, Red",Technology,Machines,9808,
TEC-MA-10003349,"Panasonic Calculator, Wireless",Technology,Machines,9809,
TEC-MA-10003351,"Okidata Card Printer, White",Technology,Machines,9810,
TEC-MA-10003353,Xerox WorkCentre 6505DN Laser Multifunction Printer,Technology,Machines,9811,
TEC-MA-10003356,Panasonic KX MC6040 Color Laser Multifunction Printer,Technology,Machines,9812,
TEC-MA-10003361,"Konica Printer, Red",Technology,Machines,9813,
TEC-MA-10003366,"Epson Card Printer, White",Technology,Machines,9814,
TEC-MA-10003390,"Okidata Printer, Durable",Technology,Machines,9815,
TEC-MA-10003400,"Panasonic Printer, Durable",Technology,Machines,9816,
TEC-MA-10003404,"Konica Card Printer, Durable",Technology,Machines,9817,
TEC-MA-10003422,"Panasonic Calculator, Red",Technology,Machines,9818,
TEC-MA-10003441,"Okidata Inkjet, Wireless",Technology,Machines,9819,
TEC-MA-10003461,"Epson Calculator, Red",Technology,Machines,9820,
TEC-MA-10003471,"StarTech Phone, Wireless",Technology,Machines,9821,
TEC-MA-10003478,"StarTech Receipt Printer, Durable",Technology,Machines,9822,
TEC-MA-10003486,"StarTech Phone, White",Technology,Machines,9823,
TEC-MA-10003492,"Okidata Printer, Wireless",Technology,Machines,9824,
TEC-MA-10003493,Penpower WorldCard Pro Card Scanner,Technology,Machines,9825,
TEC-MA-10003515,"Panasonic Printer, Red",Technology,Machines,9826,
TEC-MA-10003536,"Konica Calculator, Red",Technology,Machines,9827,
TEC-MA-10003553,"Epson Printer, Red",Technology,Machines,9828,
TEC-MA-10003557,"Panasonic Inkjet, Durable",Technology,Machines,9829,
TEC-MA-10003558,"Panasonic Calculator, Durable",Technology,Machines,9830,
TEC-MA-10003589,Cisco 8961 IP Phone Charcoal,Technology,Machines,9831,
TEC-MA-10003607,"Okidata Receipt Printer, Red",Technology,Machines,9832,
TEC-MA-10003624,"StarTech Inkjet, Wireless",Technology,Machines,9833,
TEC-MA-10003625,"Panasonic Inkjet, White",Technology,Machines,9834,
TEC-MA-10003626,Hewlett-Packard Deskjet 6540 Color Inkjet Printer,Technology,Machines,9835,
TEC-MA-10003630,"Epson Calculator, White",Technology,Machines,9836,
TEC-MA-10003631,"Okidata Card Printer, Wireless",Technology,Machines,9837,
TEC-MA-10003632,"Epson Calculator, Wireless",Technology,Machines,9838,
TEC-MA-10003673,Hewlett-Packard Desktjet 6988DT Refurbished Printer,Technology,Machines,9839,
TEC-MA-10003674,Hewlett-Packard Deskjet 5550 Printer,Technology,Machines,9840,
TEC-MA-10003682,"Panasonic Phone, White",Technology,Machines,9841,
TEC-MA-10003698,"Okidata Phone, White",Technology,Machines,9842,
TEC-MA-10003704,"StarTech Printer, Wireless",Technology,Machines,9843,
TEC-MA-10003730,"StarTech Card Printer, White",Technology,Machines,9844,
TEC-MA-10003743,"StarTech Printer, Durable",Technology,Machines,9845,
TEC-MA-10003757,"Panasonic Printer, Red",Technology,Machines,9846,
TEC-MA-10003773,"Panasonic Card Printer, Wireless",Technology,Machines,9847,
TEC-MA-10003779,"Konica Printer, Durable",Technology,Machines,9848,
TEC-MA-10003780,"Epson Card Printer, White",Technology,Machines,9849,
TEC-MA-10003787,"Panasonic Inkjet, Wireless",Technology,Machines,9850,
TEC-MA-10003796,"Konica Calculator, Durable",Technology,Machines,9851,
TEC-MA-10003801,"StarTech Card Printer, Red",Technology,Machines,9852,
TEC-MA-10003812,"Panasonic Printer, Wireless",Technology,Machines,9853,
TEC-MA-10003816,"Epson Calculator, White",Technology,Machines,9854,
TEC-MA-10003856,"Okidata Calculator, Red",Technology,Machines,9855,
TEC-MA-10003868,"StarTech Phone, Durable",Technology,Machines,9856,
TEC-MA-10003885,"Okidata Calculator, Wireless",Technology,Machines,9857,
TEC-MA-10003886,"Panasonic Phone, Wireless",Technology,Machines,9858,
TEC-MA-10003909,"StarTech Calculator, Red",Technology,Machines,9859,
TEC-MA-10003923,"Okidata Receipt Printer, Durable",Technology,Machines,9860,
TEC-MA-10003927,"StarTech Inkjet, Wireless",Technology,Machines,9861,
TEC-MA-10003936,"Epson Printer, White",Technology,Machines,9862,
TEC-MA-10003953,"Epson Inkjet, Durable",Technology,Machines,9863,
TEC-MA-10003975,"Epson Phone, Wireless",Technology,Machines,9864,
TEC-MA-10003979,Ativa V4110MDD Micro-Cut Shredder,Technology,Machines,9865,
TEC-MA-10003986,"Konica Receipt Printer, Wireless",Technology,Machines,9866,
TEC-MA-10003990,"Panasonic Card Printer, White",Technology,Machines,9867,
TEC-MA-10003998,"Epson Card Printer, Wireless",Technology,Machines,9868,
TEC-MA-10004002,Zebra GX420t Direct Thermal/Thermal Transfer Printer,Technology,Machines,9869,
TEC-MA-10004023,"Konica Phone, Wireless",Technology,Machines,9870,
TEC-MA-10004049,"Epson Printer, White",Technology,Machines,9871,
TEC-MA-10004059,"Epson Inkjet, White",Technology,Machines,9872,
TEC-MA-10004063,"Okidata Printer, Durable",Technology,Machines,9873,
TEC-MA-10004064,"Panasonic Calculator, Red",Technology,Machines,9874,
TEC-MA-10004086,Plantronics Single Ear Headset,Technology,Machines,9875,
TEC-MA-10004116,"StarTech Inkjet, Wireless",Technology,Machines,9876,
TEC-MA-10004125,Cubify CubeX 3D Printer Triple Head Print,Technology,Machines,9877,
TEC-MA-10004143,"Konica Calculator, Wireless",Technology,Machines,9878,
TEC-MA-10004168,"Panasonic Card Printer, Wireless",Technology,Machines,9879,
TEC-MA-10004172,"Konica Printer, Red",Technology,Machines,9880,
TEC-MA-10004198,"Panasonic Card Printer, White",Technology,Machines,9881,
TEC-MA-10004212,Cisco SPA525G2 5-Line IP Phone,Technology,Machines,9882,
TEC-MA-10004224,"StarTech Inkjet, Wireless",Technology,Machines,9883,
TEC-MA-10004236,"StarTech Inkjet, Durable",Technology,Machines,9884,
TEC-MA-10004241,Star Micronics TSP800 TSP847IIU Receipt Printer,Technology,Machines,9885,
TEC-MA-10004249,"Epson Calculator, Durable",Technology,Machines,9886,
TEC-MA-10004255,Konica Minolta magicolor 1690MF Multifunction Printer,Technology,Machines,9887,
TEC-MA-10004295,"Panasonic Phone, Red",Technology,Machines,9888,
TEC-MA-10004298,"Panasonic Calculator, Durable",Technology,Machines,9889,
TEC-MA-10004303,"Panasonic Receipt Printer, Durable",Technology,Machines,9890,
TEC-MA-10004323,"Panasonic Phone, White",Technology,Machines,9891,
TEC-MA-10004323,"Konica Calculator, Durable",Technology,Machines,9892,
TEC-MA-10004408,"Konica Inkjet, Durable",Technology,Machines,9893,
TEC-MA-10004414,"Okidata Phone, Red",Technology,Machines,9894,
TEC-MA-10004421,"Konica Inkjet, Wireless",Technology,Machines,9895,
TEC-MA-10004423,"StarTech Card Printer, White",Technology,Machines,9896,
TEC-MA-10004424,"Panasonic Phone, Durable",Technology,Machines,9897,
TEC-MA-10004428,"Panasonic Card Printer, Durable",Technology,Machines,9898,
TEC-MA-10004446,"StarTech Printer, Wireless",Technology,Machines,9899,
TEC-MA-10004452,"Epson Receipt Printer, Durable",Technology,Machines,9900,
TEC-MA-10004458,Lexmark X 9575 Professional All-in-One Color Printer,Technology,Machines,9901,
TEC-MA-10004482,"Panasonic Card Printer, White",Technology,Machines,9902,
TEC-MA-10004482,"StarTech Card Printer, Red",Technology,Machines,9903,
TEC-MA-10004486,"StarTech Phone, Red",Technology,Machines,9904,
TEC-MA-10004502,"Epson Inkjet, Wireless",Technology,Machines,9905,
TEC-MA-10004521,Epson Perfection V600 Photo Scanner,Technology,Machines,9906,
TEC-MA-10004533,"Konica Receipt Printer, Durable",Technology,Machines,9907,
TEC-MA-10004534,"Konica Printer, Wireless",Technology,Machines,9908,
TEC-MA-10004535,"Konica Printer, White",Technology,Machines,9909,
TEC-MA-10004552,Star Micronics TSP100 TSP143LAN Receipt Printer,Technology,Machines,9910,
TEC-MA-10004553,"Epson Receipt Printer, Red",Technology,Machines,9911,
TEC-MA-10004584,"Epson Calculator, Wireless",Technology,Machines,9912,
TEC-MA-10004587,"Konica Inkjet, White",Technology,Machines,9913,
TEC-MA-10004603,"Okidata Printer, Durable",Technology,Machines,9914,
TEC-MA-10004609,"Epson Phone, Durable",Technology,Machines,9915,
TEC-MA-10004609,"Okidata Inkjet, White",Technology,Machines,9916,
TEC-MA-10004613,"Okidata Phone, White",Technology,Machines,9917,
TEC-MA-10004615,"Okidata Calculator, Durable",Technology,Machines,9918,
TEC-MA-10004617,"Konica Receipt Printer, Wireless",Technology,Machines,9919,
TEC-MA-10004626,Lexmark 20R1285 X6650 Wireless All-in-One Printer,Technology,Machines,9920,
TEC-MA-10004655,"Konica Receipt Printer, White",Technology,Machines,9921,
TEC-MA-10004666,"Panasonic Inkjet, Red",Technology,Machines,9922,
TEC-MA-10004669,"Epson Inkjet, Wireless",Technology,Machines,9923,
TEC-MA-10004679,StarTech.com 10/100 VDSL2 Ethernet Extender Kit,Technology,Machines,9924,
TEC-MA-10004684,"StarTech Phone, White",Technology,Machines,9925,
TEC-MA-10004693,"Panasonic Calculator, White",Technology,Machines,9926,
TEC-MA-10004772,"Konica Inkjet, White",Technology,Machines,9927,
TEC-MA-10004814,"Panasonic Inkjet, White",Technology,Machines,9928,
TEC-MA-10004820,"Okidata Card Printer, Wireless",Technology,Machines,9929,
TEC-MA-10004822,"Epson Calculator, Durable",Technology,Machines,9930,
TEC-MA-10004842,"Konica Calculator, Red",Technology,Machines,9931,
TEC-MA-10004857,"Konica Calculator, White",Technology,Machines,9932,
TEC-MA-10004896,"StarTech Phone, White",Technology,Machines,9933,
TEC-MA-10004897,"StarTech Calculator, White",Technology,Machines,9934,
TEC-MA-10004902,"Konica Phone, Wireless",Technology,Machines,9935,
TEC-MA-10004929,"Panasonic Printer, White",Technology,Machines,9936,
TEC-MA-10004933,"Konica Phone, Wireless",Technology,Machines,9937,
TEC-MA-10004954,"StarTech Calculator, Red",Technology,Machines,9938,
TEC-MA-10004955,"Okidata Card Printer, Durable",Technology,Machines,9939,
TEC-MA-10004956,"Konica Card Printer, Red",Technology,Machines,9940,
TEC-MA-10004975,"Konica Calculator, White",Technology,Machines,9941,
TEC-MA-10004985,"StarTech Card Printer, Durable",Technology,Machines,9942,
TEC-MA-10004993,"Konica Inkjet, Wireless",Technology,Machines,9943,
TEC-MA-10004997,"Konica Receipt Printer, Red",Technology,Machines,9944,
TEC-OKI-10000372,"Okidata Inkjet, Durable",Technology,Machines,10015,
TEC-OKI-10000592,"Okidata Phone, White",Technology,Machines,10016,
TEC-OKI-10000616,"Okidata Card Printer, Durable",Technology,Machines,10017,
TEC-OKI-10000794,"Okidata Calculator, White",Technology,Machines,10018,
TEC-OKI-10001062,"Okidata Printer, White",Technology,Machines,10019,
TEC-OKI-10001385,"Okidata Inkjet, White",Technology,Machines,10020,
TEC-OKI-10001433,"Okidata Calculator, Red",Technology,Machines,10021,
TEC-OKI-10001454,"Okidata Calculator, Durable",Technology,Machines,10022,
TEC-OKI-10002547,"Okidata Phone, Durable",Technology,Machines,10023,
TEC-OKI-10002736,"Okidata Card Printer, Red",Technology,Machines,10024,
TEC-OKI-10002750,"Okidata Inkjet, Wireless",Technology,Machines,10025,
TEC-OKI-10002752,"Okidata Phone, Wireless",Technology,Machines,10026,
TEC-OKI-10003050,"Okidata Card Printer, White",Technology,Machines,10027,
TEC-OKI-10003124,"Okidata Inkjet, Wireless",Technology,Machines,10028,
TEC-OKI-10003221,"Okidata Receipt Printer, Red",Technology,Machines,10029,
TEC-OKI-10003433,"Okidata Card Printer, Wireless",Technology,Machines,10030,
TEC-OKI-10003655,"Okidata Calculator, Wireless",Technology,Machines,10031,
TEC-OKI-10003770,"Okidata Receipt Printer, Durable",Technology,Machines,10032,
TEC-OKI-10003868,"Okidata Printer, Wireless",Technology,Machines,10033,
TEC-OKI-10004199,"Okidata Receipt Printer, White",Technology,Machines,10034,
TEC-OKI-10004464,"Okidata Printer, Red",Technology,Machines,10035,
TEC-OKI-10004735,"Okidata Receipt Printer, Wireless",Technology,Machines,10036,
TEC-PAN-10000092,"Panasonic Inkjet, Red",Technology,Machines,10037,
TEC-PAN-10000131,"Panasonic Receipt Printer, Red",Technology,Machines,10038,
TEC-PAN-10000377,"Panasonic Inkjet, Durable",Technology,Machines,10039,
TEC-PAN-10000391,"Panasonic Printer, Red",Technology,Machines,10040,
TEC-PAN-10000577,"Panasonic Inkjet, White",Technology,Machines,10041,
TEC-PAN-10000878,"Panasonic Phone, Wireless",Technology,Machines,10042,
TEC-PAN-10000979,"Panasonic Receipt Printer, Wireless",Technology,Machines,10043,
TEC-PAN-10001172,"Panasonic Receipt Printer, Durable",Technology,Machines,10044,
TEC-PAN-10001593,"Panasonic Calculator, Durable",Technology,Machines,10045,
TEC-PAN-10001674,"Panasonic Receipt Printer, White",Technology,Machines,10046,
TEC-PAN-10002365,"Panasonic Printer, White",Technology,Machines,10047,
TEC-PAN-10002454,"Panasonic Phone, Red",Technology,Machines,10048,
TEC-PAN-10002583,"Panasonic Calculator, Wireless",Technology,Machines,10049,
TEC-PAN-10002613,"Panasonic Printer, Durable",Technology,Machines,10050,
TEC-PAN-10002690,"Panasonic Card Printer, Wireless",Technology,Machines,10051,
TEC-PAN-10002756,"Panasonic Card Printer, White",Technology,Machines,10052,
TEC-PAN-10002884,"Panasonic Inkjet, Wireless",Technology,Machines,10053,
TEC-PAN-10003382,"Panasonic Card Printer, Durable",Technology,Machines,10054,
TEC-PAN-10003688,"Panasonic Printer, Wireless",Technology,Machines,10055,
TEC-PAN-10004279,"Panasonic Phone, Durable",Technology,Machines,10056,
TEC-PAN-10004360,"Panasonic Calculator, White",Technology,Machines,10057,
TEC-PAN-10004404,"Panasonic Calculator, Red",Technology,Machines,10058,
TEC-PAN-10004651,"Panasonic Phone, White",Technology,Machines,10059,
TEC-STA-10000008,"StarTech Calculator, Wireless",Technology,Machines,10745,
TEC-STA-10000546,"StarTech Calculator, Red",Technology,Machines,10746,
TEC-STA-10000699,"StarTech Phone, Red",Technology,Machines,10747,
TEC-STA-10000893,"StarTech Inkjet, White",Technology,Machines,10748,
TEC-STA-10001232,"StarTech Phone, Durable",Technology,Machines,10749,
TEC-STA-10001407,"StarTech Phone, Wireless",Technology,Machines,10750,
TEC-STA-10001487,"StarTech Calculator, White",Technology,Machines,10751,
TEC-STA-10001994,"StarTech Printer, Wireless",Technology,Machines,10752,
TEC-STA-10002286,"StarTech Receipt Printer, White",Technology,Machines,10753,
TEC-STA-10002459,"StarTech Printer, Durable",Technology,Machines,10754,
TEC-STA-10002497,"StarTech Card Printer, White",Technology,Machines,10755,
TEC-STA-10002650,"StarTech Card Printer, Wireless",Technology,Machines,10756,
TEC-STA-10003065,"StarTech Receipt Printer, Durable",Technology,Machines,10757,
TEC-STA-10003081,"StarTech Phone, White",Technology,Machines,10758,
TEC-STA-10003330,"StarTech Printer, Red",Technology,Machines,10759,
TEC-STA-10003386,"StarTech Inkjet, Wireless",Technology,Machines,10760,
TEC-STA-10003447,"StarTech Printer, White",Technology,Machines,10761,
TEC-STA-10003550,"StarTech Card Printer, Red",Technology,Machines,10762,
TEC-STA-10003925,"StarTech Card Printer, Durable",Technology,Machines,10763,
TEC-STA-10004181,"StarTech Inkjet, Durable",Technology,Machines,10764,
TEC-STA-10004536,"StarTech Inkjet, Wireless",Technology,Machines,10765,
TEC-STA-10004542,"StarTech Calculator, Durable",Technology,Machines,10766,
TEC-STA-10004834,"StarTech Receipt Printer, Red",Technology,Machines,10767,
TEC-STA-10004927,"StarTech Receipt Printer, Wireless",Technology,Machines,10768,
TEC-BRO-10000348,"Brother Copy Machine, High-Speed",Technology,Copiers,8914,
TEC-BRO-10000374,"Brother Ink, Laser",Technology,Copiers,8915,
TEC-BRO-10000381,"Brother Fax and Copier, Laser",Technology,Copiers,8916,
TEC-BRO-10000463,"Brother Copy Machine, Color",Technology,Copiers,8917,
TEC-BRO-10000663,"Brother Fax and Copier, Color",Technology,Copiers,8918,
TEC-BRO-10000773,"Brother Personal Copier, High-Speed",Technology,Copiers,8919,
TEC-BRO-10000917,"Brother Fax Machine, Digital",Technology,Copiers,8920,
TEC-BRO-10001293,"Brother Personal Copier, Laser",Technology,Copiers,8921,
TEC-BRO-10001568,"Brother Wireless Fax, Digital",Technology,Copiers,8922,
TEC-BRO-10001852,"Brother Fax and Copier, Digital",Technology,Copiers,8923,
TEC-BRO-10001938,"Brother Wireless Fax, High-Speed",Technology,Copiers,8924,
TEC-BRO-10002103,"Brother Ink, Color",Technology,Copiers,8925,
TEC-BRO-10002345,"Brother Ink, Digital",Technology,Copiers,8926,
TEC-BRO-10002579,"Brother Copy Machine, Laser",Technology,Copiers,8927,
TEC-BRO-10003380,"Brother Copy Machine, Color",Technology,Copiers,8928,
TEC-BRO-10003401,"Brother Fax and Copier, High-Speed",Technology,Copiers,8929,
TEC-BRO-10003555,"Brother Ink, High-Speed",Technology,Copiers,8930,
TEC-BRO-10003876,"Brother Fax Machine, Laser",Technology,Copiers,8931,
TEC-BRO-10003986,"Brother Personal Copier, Color",Technology,Copiers,8932,
TEC-BRO-10004178,"Brother Wireless Fax, Laser",Technology,Copiers,8933,
TEC-BRO-10004184,"Brother Wireless Fax, Color",Technology,Copiers,8934,
TEC-BRO-10004328,"Brother Fax Machine, Color",Technology,Copiers,8935,
TEC-BRO-10004802,"Brother Fax Machine, High-Speed",Technology,Copiers,8936,
TEC-CAN-10000030,"Canon Fax Machine, Laser",Technology,Copiers,8937,
TEC-CAN-10000932,"Canon Fax Machine, Color",Technology,Copiers,8938,
TEC-CAN-10001256,"Canon Wireless Fax, High-Speed",Technology,Copiers,8939,
TEC-CAN-10001376,"Canon Fax and Copier, High-Speed",Technology,Copiers,8940,
TEC-CAN-10001378,"Canon Personal Copier, High-Speed",Technology,Copiers,8941,
TEC-CAN-10001437,"Canon Wireless Fax, Laser",Technology,Copiers,8942,
TEC-CAN-10001571,"Canon Personal Copier, Laser",Technology,Copiers,8943,
TEC-CAN-10001789,"Canon Copy Machine, Digital",Technology,Copiers,8944,
TEC-CAN-10001853,"Canon Fax Machine, High-Speed",Technology,Copiers,8945,
TEC-CAN-10001981,"Canon Ink, High-Speed",Technology,Copiers,8946,
TEC-CAN-10002337,"Canon Ink, Color",Technology,Copiers,8947,
TEC-CAN-10002363,"Canon Fax Machine, Digital",Technology,Copiers,8948,
TEC-CAN-10002802,"Canon Personal Copier, Digital",Technology,Copiers,8949,
TEC-CAN-10002843,"Canon Ink, Digital",Technology,Copiers,8950,
TEC-CAN-10002879,"Canon Copy Machine, High-Speed",Technology,Copiers,8951,
TEC-CAN-10003392,"Canon Copy Machine, Color",Technology,Copiers,8952,
TEC-CAN-10004166,"Canon Personal Copier, Color",Technology,Copiers,8953,
TEC-CAN-10004214,"Canon Fax and Copier, Color",Technology,Copiers,8954,
TEC-CAN-10004291,"Canon Wireless Fax, Digital",Technology,Copiers,8955,
TEC-CAN-10004354,"Canon Ink, Laser",Technology,Copiers,8956,
TEC-CAN-10004556,"Canon Fax and Copier, Laser",Technology,Copiers,8957,
TEC-CAN-10004697,"Canon Fax and Copier, Digital",Technology,Copiers,8958,
TEC-CAN-10004839,"Canon Wireless Fax, Color",Technology,Copiers,8959,
TEC-CAN-10004913,"Canon Copy Machine, Laser",Technology,Copiers,8960,
TEC-CO-10000011,"HP Personal Copier, High-Speed",Technology,Copiers,8985,
TEC-CO-10000013,"Brother Fax Machine, Laser",Technology,Copiers,8986,
TEC-CO-10000043,"Brother Fax Machine, Laser",Technology,Copiers,8987,
TEC-CO-10000051,"Sharp Wireless Fax, Color",Technology,Copiers,8988,
TEC-CO-10000070,"Hewlett Copy Machine, High-Speed",Technology,Copiers,8989,
TEC-CO-10000082,"Canon Fax and Copier, Digital",Technology,Copiers,8990,
TEC-CO-10000119,"HP Fax Machine, Color",Technology,Copiers,8991,
TEC-CO-10000129,"Brother Fax and Copier, Color",Technology,Copiers,8992,
TEC-CO-10000135,"HP Wireless Fax, High-Speed",Technology,Copiers,8993,
TEC-CO-10000137,"Canon Wireless Fax, Color",Technology,Copiers,8994,
TEC-CO-10000172,"Hewlett Ink, Digital",Technology,Copiers,8995,
TEC-CO-10000178,"Hewlett Ink, Laser",Technology,Copiers,8996,
TEC-CO-10000208,"Brother Wireless Fax, Color",Technology,Copiers,8997,
TEC-CO-10000222,"Sharp Fax and Copier, Color",Technology,Copiers,8998,
TEC-CO-10000228,"Hewlett Personal Copier, Laser",Technology,Copiers,8999,
TEC-CO-10000243,"Canon Fax and Copier, Digital",Technology,Copiers,9000,
TEC-CO-10000259,"Hewlett Ink, Color",Technology,Copiers,9001,
TEC-CO-10000262,"Brother Ink, Laser",Technology,Copiers,9002,
TEC-CO-10000263,"Hewlett Fax Machine, Digital",Technology,Copiers,9003,
TEC-CO-10000266,"Canon Copy Machine, Color",Technology,Copiers,9004,
TEC-CO-10000269,"HP Ink, Laser",Technology,Copiers,9005,
TEC-CO-10000270,"Hewlett Fax Machine, High-Speed",Technology,Copiers,9006,
TEC-CO-10000279,"Hewlett Personal Copier, High-Speed",Technology,Copiers,9007,
TEC-CO-10000296,"Canon Fax and Copier, Digital",Technology,Copiers,9008,
TEC-CO-10000338,"Hewlett Fax and Copier, High-Speed",Technology,Copiers,9009,
TEC-CO-10000344,"Hewlett Copy Machine, Color",Technology,Copiers,9010,
TEC-CO-10000372,"Brother Ink, High-Speed",Technology,Copiers,9011,
TEC-CO-10000387,"Hewlett Fax Machine, Color",Technology,Copiers,9012,
TEC-CO-10000388,"Canon Fax Machine, Color",Technology,Copiers,9013,
TEC-CO-10000395,"Hewlett Fax Machine, Laser",Technology,Copiers,9014,
TEC-CO-10000405,"Canon Fax Machine, Digital",Technology,Copiers,9015,
TEC-CO-10000407,"HP Copy Machine, Color",Technology,Copiers,9016,
TEC-CO-10000415,"Brother Ink, Color",Technology,Copiers,9017,
TEC-CO-10000422,"Brother Personal Copier, Digital",Technology,Copiers,9018,
TEC-CO-10000427,"HP Fax Machine, Color",Technology,Copiers,9019,
TEC-CO-10000447,"Canon Wireless Fax, Color",Technology,Copiers,9020,
TEC-CO-10000452,"HP Copy Machine, Laser",Technology,Copiers,9021,
TEC-CO-10000500,"Canon Fax and Copier, High-Speed",Technology,Copiers,9022,
TEC-CO-10000534,"Sharp Copy Machine, Color",Technology,Copiers,9023,
TEC-CO-10000556,"HP Wireless Fax, Laser",Technology,Copiers,9024,
TEC-CO-10000560,"Hewlett Ink, High-Speed",Technology,Copiers,9025,
TEC-CO-10000562,"HP Wireless Fax, Digital",Technology,Copiers,9026,
TEC-CO-10000565,"Canon Fax and Copier, Color",Technology,Copiers,9027,
TEC-CO-10000594,"Hewlett Fax and Copier, Laser",Technology,Copiers,9028,
TEC-CO-10000601,"Brother Ink, Laser",Technology,Copiers,9029,
TEC-CO-10000620,"Brother Wireless Fax, Digital",Technology,Copiers,9030,
TEC-CO-10000660,"Hewlett Copy Machine, Color",Technology,Copiers,9031,
TEC-CO-10000660,"Brother Fax and Copier, Laser",Technology,Copiers,9032,
TEC-CO-10000663,"HP Fax Machine, High-Speed",Technology,Copiers,9033,
TEC-CO-10000666,"Hewlett Copy Machine, Laser",Technology,Copiers,9034,
TEC-CO-10000679,"Hewlett Personal Copier, High-Speed",Technology,Copiers,9035,
TEC-CO-10000764,"Brother Fax Machine, Color",Technology,Copiers,9036,
TEC-CO-10000771,"Canon Wireless Fax, Laser",Technology,Copiers,9037,
TEC-CO-10000775,"Sharp Fax and Copier, Laser",Technology,Copiers,9038,
TEC-CO-10000777,"Brother Personal Copier, Laser",Technology,Copiers,9039,
TEC-CO-10000778,"Sharp Fax and Copier, Color",Technology,Copiers,9040,
TEC-CO-10000786,"Canon Fax Machine, Color",Technology,Copiers,9041,
TEC-CO-10000791,"Sharp Personal Copier, Laser",Technology,Copiers,9042,
TEC-CO-10000794,"Hewlett Wireless Fax, High-Speed",Technology,Copiers,9043,
TEC-CO-10000821,"Canon Ink, High-Speed",Technology,Copiers,9044,
TEC-CO-10000825,"Brother Ink, Color",Technology,Copiers,9045,
TEC-CO-10000847,"Canon Personal Copier, Laser",Technology,Copiers,9046,
TEC-CO-10000854,"Canon Personal Copier, Color",Technology,Copiers,9047,
TEC-CO-10000865,"Brother Fax Machine, High-Speed",Technology,Copiers,9048,
TEC-CO-10000887,"Hewlett Copy Machine, High-Speed",Technology,Copiers,9049,
TEC-CO-10000915,"Hewlett Ink, High-Speed",Technology,Copiers,9050,
TEC-CO-10000917,"Hewlett Copy Machine, Color",Technology,Copiers,9051,
TEC-CO-10000953,"HP Wireless Fax, Laser",Technology,Copiers,9052,
TEC-CO-10000956,"Sharp Copy Machine, Laser",Technology,Copiers,9053,
TEC-CO-10000961,"Canon Copy Machine, Color",Technology,Copiers,9054,
TEC-CO-10000967,"HP Fax Machine, Laser",Technology,Copiers,9055,
TEC-CO-10000971,Hewlett Packard 310 Color Digital Copier,Technology,Copiers,9056,
TEC-CO-10000972,"Sharp Fax and Copier, Digital",Technology,Copiers,9057,
TEC-CO-10001001,"HP Fax Machine, Digital",Technology,Copiers,9058,
TEC-CO-10001008,"Canon Fax and Copier, Laser",Technology,Copiers,9059,
TEC-CO-10001037,"Hewlett Personal Copier, High-Speed",Technology,Copiers,9060,
TEC-CO-10001040,"Canon Personal Copier, Laser",Technology,Copiers,9061,
TEC-CO-10001042,"Sharp Fax and Copier, High-Speed",Technology,Copiers,9062,
TEC-CO-10001046,Canon Imageclass D680 Copier / Fax,Technology,Copiers,9063,
TEC-CO-10001087,"Hewlett Ink, Laser",Technology,Copiers,9064,
TEC-CO-10001093,"HP Personal Copier, Digital",Technology,Copiers,9065,
TEC-CO-10001142,"Brother Ink, Digital",Technology,Copiers,9066,
TEC-CO-10001145,"Canon Personal Copier, Digital",Technology,Copiers,9067,
TEC-CO-10001157,"Hewlett Personal Copier, Color",Technology,Copiers,9068,
TEC-CO-10001162,"Canon Wireless Fax, Laser",Technology,Copiers,9069,
TEC-CO-10001162,"HP Fax and Copier, Color",Technology,Copiers,9070,
TEC-CO-10001166,"HP Personal Copier, Digital",Technology,Copiers,9071,
TEC-CO-10001177,"HP Fax and Copier, Color",Technology,Copiers,9072,
TEC-CO-10001191,"Sharp Wireless Fax, High-Speed",Technology,Copiers,9073,
TEC-CO-10001192,"HP Personal Copier, Digital",Technology,Copiers,9074,
TEC-CO-10001196,"Brother Fax Machine, Color",Technology,Copiers,9075,
TEC-CO-10001204,"Canon Fax Machine, High-Speed",Technology,Copiers,9076,
TEC-CO-10001204,"Sharp Copy Machine, Color",Technology,Copiers,9077,
TEC-CO-10001221,"Brother Fax and Copier, Laser",Technology,Copiers,9078,
TEC-CO-10001222,"Sharp Fax Machine, Laser",Technology,Copiers,9079,
TEC-CO-10001234,"Canon Fax Machine, Digital",Technology,Copiers,9080,
TEC-CO-10001264,"Canon Ink, Color",Technology,Copiers,9081,
TEC-CO-10001271,"Sharp Personal Copier, Color",Technology,Copiers,9082,
TEC-CO-10001275,"Brother Fax and Copier, Digital",Technology,Copiers,9083,
TEC-CO-10001301,"Sharp Copy Machine, Laser",Technology,Copiers,9084,
TEC-CO-10001309,"Hewlett Wireless Fax, Laser",Technology,Copiers,9085,
TEC-CO-10001317,"Sharp Fax Machine, Digital",Technology,Copiers,9086,
TEC-CO-10001342,"HP Wireless Fax, Digital",Technology,Copiers,9087,
TEC-CO-10001343,"Canon Fax Machine, Digital",Technology,Copiers,9088,
TEC-CO-10001352,"HP Ink, Digital",Technology,Copiers,9089,
TEC-CO-10001371,"Sharp Fax and Copier, Laser",Technology,Copiers,9090,
TEC-CO-10001375,"Brother Copy Machine, Color",Technology,Copiers,9091,
TEC-CO-10001382,"HP Personal Copier, Laser",Technology,Copiers,9092,
TEC-CO-10001391,"Sharp Ink, Color",Technology,Copiers,9093,
TEC-CO-10001407,"Canon Ink, Digital",Technology,Copiers,9094,
TEC-CO-10001410,"Canon Personal Copier, High-Speed",Technology,Copiers,9095,
TEC-CO-10001413,"Hewlett Wireless Fax, High-Speed",Technology,Copiers,9096,
TEC-CO-10001419,"Hewlett Copy Machine, Color",Technology,Copiers,9097,
TEC-CO-10001425,"HP Personal Copier, Color",Technology,Copiers,9098,
TEC-CO-10001445,"Brother Personal Copier, High-Speed",Technology,Copiers,9099,
TEC-CO-10001449,Hewlett Packard LaserJet 3310 Copier,Technology,Copiers,9100,
TEC-CO-10001450,"Canon Personal Copier, High-Speed",Technology,Copiers,9101,
TEC-CO-10001468,"Brother Fax Machine, Digital",Technology,Copiers,9102,
TEC-CO-10001472,"Sharp Copy Machine, Laser",Technology,Copiers,9103,
TEC-CO-10001482,"Sharp Ink, High-Speed",Technology,Copiers,9104,
TEC-CO-10001487,"Canon Ink, Digital",Technology,Copiers,9105,
TEC-CO-10001501,"Canon Fax and Copier, Laser",Technology,Copiers,9106,
TEC-CO-10001523,"HP Copy Machine, High-Speed",Technology,Copiers,9107,
TEC-CO-10001531,"Hewlett Fax and Copier, Color",Technology,Copiers,9108,
TEC-CO-10001560,"Hewlett Ink, Color",Technology,Copiers,9109,
TEC-CO-10001567,"Brother Copy Machine, Laser",Technology,Copiers,9110,
TEC-CO-10001571,Sharp 1540cs Digital Laser Copier,Technology,Copiers,9111,
TEC-CO-10001580,"HP Ink, Digital",Technology,Copiers,9112,
TEC-CO-10001589,"Hewlett Wireless Fax, Digital",Technology,Copiers,9113,
TEC-CO-10001595,"Brother Copy Machine, Color",Technology,Copiers,9114,
TEC-CO-10001596,"Brother Wireless Fax, Color",Technology,Copiers,9115,
TEC-CO-10001626,"Brother Copy Machine, Color",Technology,Copiers,9116,
TEC-CO-10001628,"Sharp Personal Copier, Digital",Technology,Copiers,9117,
TEC-CO-10001629,"Sharp Copy Machine, Color",Technology,Copiers,9118,
TEC-CO-10001630,"Canon Personal Copier, Digital",Technology,Copiers,9119,
TEC-CO-10001633,"Sharp Fax Machine, High-Speed",Technology,Copiers,9120,
TEC-CO-10001654,"Hewlett Wireless Fax, Digital",Technology,Copiers,9121,
TEC-CO-10001674,"Sharp Personal Copier, Color",Technology,Copiers,9122,
TEC-CO-10001678,"Brother Fax Machine, Digital",Technology,Copiers,9123,
TEC-CO-10001703,"Brother Fax and Copier, High-Speed",Technology,Copiers,9124,
TEC-CO-10001703,"Brother Copy Machine, Laser",Technology,Copiers,9125,
TEC-CO-10001725,"Canon Ink, High-Speed",Technology,Copiers,9126,
TEC-CO-10001726,"HP Fax and Copier, High-Speed",Technology,Copiers,9127,
TEC-CO-10001741,"Brother Copy Machine, Color",Technology,Copiers,9128,
TEC-CO-10001742,"Sharp Copy Machine, Color",Technology,Copiers,9129,
TEC-CO-10001756,"Canon Personal Copier, Color",Technology,Copiers,9130,
TEC-CO-10001766,Canon PC940 Copier,Technology,Copiers,9131,
TEC-CO-10001766,"Canon Fax Machine, Digital",Technology,Copiers,9132,
TEC-CO-10001775,"Sharp Wireless Fax, Laser",Technology,Copiers,9133,
TEC-CO-10001787,"HP Fax and Copier, Laser",Technology,Copiers,9134,
TEC-CO-10001795,"Sharp Personal Copier, High-Speed",Technology,Copiers,9135,
TEC-CO-10001818,"Brother Ink, Digital",Technology,Copiers,9136,
TEC-CO-10001818,"Sharp Wireless Fax, Digital",Technology,Copiers,9137,
TEC-CO-10001824,"Sharp Personal Copier, Color",Technology,Copiers,9138,
TEC-CO-10001831,"Sharp Personal Copier, Laser",Technology,Copiers,9139,
TEC-CO-10001831,"Sharp Wireless Fax, High-Speed",Technology,Copiers,9140,
TEC-CO-10001839,"Hewlett Fax and Copier, Laser",Technology,Copiers,9141,
TEC-CO-10001846,"Hewlett Fax and Copier, Digital",Technology,Copiers,9142,
TEC-CO-10001864,"Brother Ink, High-Speed",Technology,Copiers,9143,
TEC-CO-10001869,"Brother Fax and Copier, High-Speed",Technology,Copiers,9144,
TEC-CO-10001893,"HP Wireless Fax, Color",Technology,Copiers,9145,
TEC-CO-10001894,"Sharp Copy Machine, High-Speed",Technology,Copiers,9146,
TEC-CO-10001895,"Sharp Wireless Fax, Color",Technology,Copiers,9147,
TEC-CO-10001919,"Brother Fax Machine, Color",Technology,Copiers,9148,
TEC-CO-10001926,"Hewlett Wireless Fax, Laser",Technology,Copiers,9149,
TEC-CO-10001933,"HP Fax Machine, High-Speed",Technology,Copiers,9150,
TEC-CO-10001937,"Brother Fax and Copier, High-Speed",Technology,Copiers,9151,
TEC-CO-10001943,Canon PC-428 Personal Copier,Technology,Copiers,9152,
TEC-CO-10001952,"Hewlett Personal Copier, Digital",Technology,Copiers,9153,
TEC-CO-10001954,"Brother Wireless Fax, Laser",Technology,Copiers,9154,
TEC-CO-10001968,"Sharp Ink, High-Speed",Technology,Copiers,9155,
TEC-CO-10001968,"Canon Personal Copier, Color",Technology,Copiers,9156,
TEC-CO-10001978,"Hewlett Fax and Copier, High-Speed",Technology,Copiers,9157,
TEC-CO-10002009,"Brother Wireless Fax, High-Speed",Technology,Copiers,9158,
TEC-CO-10002035,"Canon Wireless Fax, High-Speed",Technology,Copiers,9159,
TEC-CO-10002040,"Brother Fax Machine, Digital",Technology,Copiers,9160,
TEC-CO-10002040,"Hewlett Fax and Copier, High-Speed",Technology,Copiers,9161,
TEC-CO-10002043,"Canon Wireless Fax, Digital",Technology,Copiers,9162,
TEC-CO-10002055,"Hewlett Ink, Digital",Technology,Copiers,9163,
TEC-CO-10002057,"Sharp Copy Machine, Color",Technology,Copiers,9164,
TEC-CO-10002062,"Brother Personal Copier, Digital",Technology,Copiers,9165,
TEC-CO-10002063,"Sharp Fax Machine, Color",Technology,Copiers,9166,
TEC-CO-10002065,"HP Fax Machine, High-Speed",Technology,Copiers,9167,
TEC-CO-10002065,"Hewlett Copy Machine, Laser",Technology,Copiers,9168,
TEC-CO-10002083,"HP Fax and Copier, High-Speed",Technology,Copiers,9169,
TEC-CO-10002089,"Brother Personal Copier, Laser",Technology,Copiers,9170,
TEC-CO-10002095,Hewlett Packard 610 Color Digital Copier / Printer,Technology,Copiers,9171,
TEC-CO-10002108,"Brother Personal Copier, Color",Technology,Copiers,9172,
TEC-CO-10002110,"Brother Personal Copier, Color",Technology,Copiers,9173,
TEC-CO-10002113,"Canon Ink, Digital",Technology,Copiers,9174,
TEC-CO-10002119,"Sharp Fax Machine, Digital",Technology,Copiers,9175,
TEC-CO-10002122,"Hewlett Fax Machine, Digital",Technology,Copiers,9176,
TEC-CO-10002150,"Canon Fax and Copier, Digital",Technology,Copiers,9177,
TEC-CO-10002157,"Canon Fax Machine, Laser",Technology,Copiers,9178,
TEC-CO-10002174,"HP Copy Machine, Laser",Technology,Copiers,9179,
TEC-CO-10002197,"Hewlett Fax and Copier, High-Speed",Technology,Copiers,9180,
TEC-CO-10002201,"Sharp Ink, Color",Technology,Copiers,9181,
TEC-CO-10002232,"HP Ink, Laser",Technology,Copiers,9182,
TEC-CO-10002240,"Canon Copy Machine, High-Speed",Technology,Copiers,9183,
TEC-CO-10002242,"Brother Fax and Copier, Color",Technology,Copiers,9184,
TEC-CO-10002244,"Sharp Ink, Laser",Technology,Copiers,9185,
TEC-CO-10002269,"Brother Ink, Color",Technology,Copiers,9186,
TEC-CO-10002271,"Sharp Fax Machine, Laser",Technology,Copiers,9187,
TEC-CO-10002283,"Brother Copy Machine, Color",Technology,Copiers,9188,
TEC-CO-10002284,"Hewlett Copy Machine, Color",Technology,Copiers,9189,
TEC-CO-10002313,Canon PC1080F Personal Copier,Technology,Copiers,9190,
TEC-CO-10002316,"Brother Personal Copier, Laser",Technology,Copiers,9191,
TEC-CO-10002323,"Brother Copy Machine, Color",Technology,Copiers,9192,
TEC-CO-10002326,"Canon Copy Machine, Color",Technology,Copiers,9193,
TEC-CO-10002350,"Canon Wireless Fax, Digital",Technology,Copiers,9194,
TEC-CO-10002376,"Hewlett Fax Machine, Laser",Technology,Copiers,9195,
TEC-CO-10002379,"Canon Copy Machine, Digital",Technology,Copiers,9196,
TEC-CO-10002380,"Canon Fax and Copier, High-Speed",Technology,Copiers,9197,
TEC-CO-10002381,"Brother Personal Copier, High-Speed",Technology,Copiers,9198,
TEC-CO-10002404,"HP Fax Machine, Color",Technology,Copiers,9199,
TEC-CO-10002423,"Canon Personal Copier, High-Speed",Technology,Copiers,9200,
TEC-CO-10002427,"Canon Copy Machine, Laser",Technology,Copiers,9201,
TEC-CO-10002434,"Canon Fax and Copier, Laser",Technology,Copiers,9202,
TEC-CO-10002465,"HP Copy Machine, Color",Technology,Copiers,9203,
TEC-CO-10002466,"Brother Personal Copier, High-Speed",Technology,Copiers,9204,
TEC-CO-10002467,"Sharp Personal Copier, Laser",Technology,Copiers,9205,
TEC-CO-10002493,"Hewlett Personal Copier, Color",Technology,Copiers,9206,
TEC-CO-10002504,"Brother Copy Machine, Laser",Technology,Copiers,9207,
TEC-CO-10002523,"Hewlett Personal Copier, Laser",Technology,Copiers,9208,
TEC-CO-10002526,"Sharp Wireless Fax, Digital",Technology,Copiers,9209,
TEC-CO-10002538,"Brother Fax and Copier, Color",Technology,Copiers,9210,
TEC-CO-10002550,"Sharp Ink, Digital",Technology,Copiers,9211,
TEC-CO-10002567,"Hewlett Fax and Copier, Laser",Technology,Copiers,9212,
TEC-CO-10002571,"Hewlett Personal Copier, Digital",Technology,Copiers,9213,
TEC-CO-10002578,"Canon Copy Machine, Laser",Technology,Copiers,9214,
TEC-CO-10002583,"Canon Fax and Copier, Color",Technology,Copiers,9215,
TEC-CO-10002586,"Brother Ink, Color",Technology,Copiers,9216,
TEC-CO-10002587,"Sharp Fax and Copier, Laser",Technology,Copiers,9217,
TEC-CO-10002601,"Brother Fax and Copier, Digital",Technology,Copiers,9218,
TEC-CO-10002617,"Brother Fax Machine, High-Speed",Technology,Copiers,9219,
TEC-CO-10002657,"Canon Copy Machine, High-Speed",Technology,Copiers,9220,
TEC-CO-10002658,"Hewlett Ink, Laser",Technology,Copiers,9221,
TEC-CO-10002659,"Sharp Fax Machine, Color",Technology,Copiers,9222,
TEC-CO-10002663,"Sharp Wireless Fax, Laser",Technology,Copiers,9223,
TEC-CO-10002673,"Brother Fax and Copier, Laser",Technology,Copiers,9224,
TEC-CO-10002674,"Sharp Fax and Copier, High-Speed",Technology,Copiers,9225,
TEC-CO-10002678,"Brother Wireless Fax, High-Speed",Technology,Copiers,9226,
TEC-CO-10002681,"HP Personal Copier, Digital",Technology,Copiers,9227,
TEC-CO-10002686,"Hewlett Fax Machine, Laser",Technology,Copiers,9228,
TEC-CO-10002696,"Hewlett Personal Copier, Color",Technology,Copiers,9229,
TEC-CO-10002697,"Brother Wireless Fax, High-Speed",Technology,Copiers,9230,
TEC-CO-10002700,"Hewlett Fax and Copier, Digital",Technology,Copiers,9231,
TEC-CO-10002759,"HP Copy Machine, Laser",Technology,Copiers,9232,
TEC-CO-10002768,"Sharp Fax Machine, High-Speed",Technology,Copiers,9233,
TEC-CO-10002769,"HP Fax Machine, Digital",Technology,Copiers,9234,
TEC-CO-10002788,"Hewlett Personal Copier, Digital",Technology,Copiers,9235,
TEC-CO-10002796,"Canon Wireless Fax, Color",Technology,Copiers,9236,
TEC-CO-10002812,"Canon Ink, Color",Technology,Copiers,9237,
TEC-CO-10002817,"Sharp Fax and Copier, Digital",Technology,Copiers,9238,
TEC-CO-10002857,"Sharp Fax and Copier, Color",Technology,Copiers,9239,
TEC-CO-10002872,"Canon Ink, Color",Technology,Copiers,9240,
TEC-CO-10002911,"Hewlett Wireless Fax, Laser",Technology,Copiers,9241,
TEC-CO-10002916,"Hewlett Ink, Color",Technology,Copiers,9242,
TEC-CO-10002937,"Canon Ink, High-Speed",Technology,Copiers,9243,
TEC-CO-10002962,"Sharp Wireless Fax, Color",Technology,Copiers,9244,
TEC-CO-10002981,"HP Wireless Fax, High-Speed",Technology,Copiers,9245,
TEC-CO-10002998,"Sharp Ink, Laser",Technology,Copiers,9246,
TEC-CO-10003002,"Canon Personal Copier, Digital",Technology,Copiers,9247,
TEC-CO-10003007,"Hewlett Fax and Copier, Color",Technology,Copiers,9248,
TEC-CO-10003017,"Sharp Ink, Laser",Technology,Copiers,9249,
TEC-CO-10003019,"Brother Fax Machine, High-Speed",Technology,Copiers,9250,
TEC-CO-10003048,"Hewlett Wireless Fax, Color",Technology,Copiers,9251,
TEC-CO-10003083,"HP Fax Machine, High-Speed",Technology,Copiers,9252,
TEC-CO-10003087,"Canon Wireless Fax, Laser",Technology,Copiers,9253,
TEC-CO-10003102,"Canon Copy Machine, Color",Technology,Copiers,9254,
TEC-CO-10003113,"Hewlett Fax Machine, Color",Technology,Copiers,9255,
TEC-CO-10003124,"Canon Ink, Laser",Technology,Copiers,9256,
TEC-CO-10003135,"Canon Fax and Copier, High-Speed",Technology,Copiers,9257,
TEC-CO-10003142,"Hewlett Fax and Copier, Laser",Technology,Copiers,9258,
TEC-CO-10003158,"Sharp Wireless Fax, Laser",Technology,Copiers,9259,
TEC-CO-10003160,"Brother Wireless Fax, Laser",Technology,Copiers,9260,
TEC-CO-10003166,"Canon Fax Machine, Color",Technology,Copiers,9261,
TEC-CO-10003204,"HP Fax and Copier, High-Speed",Technology,Copiers,9262,
TEC-CO-10003212,"HP Copy Machine, High-Speed",Technology,Copiers,9263,
TEC-CO-10003217,"Canon Wireless Fax, Laser",Technology,Copiers,9264,
TEC-CO-10003226,"Canon Fax Machine, Laser",Technology,Copiers,9265,
TEC-CO-10003228,"Hewlett Copy Machine, Laser",Technology,Copiers,9266,
TEC-CO-10003236,Canon Image Class D660 Copier,Technology,Copiers,9267,
TEC-CO-10003250,"Brother Personal Copier, Digital",Technology,Copiers,9268,
TEC-CO-10003262,"HP Wireless Fax, Laser",Technology,Copiers,9269,
TEC-CO-10003268,"HP Fax and Copier, Color",Technology,Copiers,9270,
TEC-CO-10003298,"Hewlett Wireless Fax, Digital",Technology,Copiers,9271,
TEC-CO-10003307,"Hewlett Fax and Copier, Digital",Technology,Copiers,9272,
TEC-CO-10003318,"Hewlett Ink, Digital",Technology,Copiers,9273,
TEC-CO-10003342,"Canon Fax Machine, High-Speed",Technology,Copiers,9274,
TEC-CO-10003342,"Canon Wireless Fax, High-Speed",Technology,Copiers,9275,
TEC-CO-10003346,"Brother Wireless Fax, Digital",Technology,Copiers,9276,
TEC-CO-10003349,"Hewlett Copy Machine, Color",Technology,Copiers,9277,
TEC-CO-10003353,"HP Personal Copier, High-Speed",Technology,Copiers,9278,
TEC-CO-10003354,"Brother Fax Machine, Laser",Technology,Copiers,9279,
TEC-CO-10003362,"Sharp Fax and Copier, High-Speed",Technology,Copiers,9280,
TEC-CO-10003370,"HP Ink, Color",Technology,Copiers,9281,
TEC-CO-10003393,"Sharp Personal Copier, Digital",Technology,Copiers,9282,
TEC-CO-10003406,"HP Fax and Copier, Laser",Technology,Copiers,9283,
TEC-CO-10003410,"Brother Ink, High-Speed",Technology,Copiers,9284,
TEC-CO-10003420,"Sharp Wireless Fax, High-Speed",Technology,Copiers,9285,
TEC-CO-10003448,"Canon Personal Copier, Laser",Technology,Copiers,9286,
TEC-CO-10003448,"Canon Ink, Laser",Technology,Copiers,9287,
TEC-CO-10003471,"Hewlett Fax and Copier, Color",Technology,Copiers,9288,
TEC-CO-10003474,"Brother Personal Copier, Digital",Technology,Copiers,9289,
TEC-CO-10003496,"Brother Wireless Fax, Digital",Technology,Copiers,9290,
TEC-CO-10003506,"HP Fax Machine, Laser",Technology,Copiers,9291,
TEC-CO-10003516,"Sharp Ink, High-Speed",Technology,Copiers,9292,
TEC-CO-10003522,"Sharp Personal Copier, High-Speed",Technology,Copiers,9293,
TEC-CO-10003523,"Brother Wireless Fax, High-Speed",Technology,Copiers,9294,
TEC-CO-10003525,"Sharp Ink, Color",Technology,Copiers,9295,
TEC-CO-10003534,"HP Fax and Copier, Digital",Technology,Copiers,9296,
TEC-CO-10003541,"HP Copy Machine, Color",Technology,Copiers,9297,
TEC-CO-10003561,"Sharp Copy Machine, Color",Technology,Copiers,9298,
TEC-CO-10003568,"HP Copy Machine, Color",Technology,Copiers,9299,
TEC-CO-10003570,"Sharp Wireless Fax, High-Speed",Technology,Copiers,9300,
TEC-CO-10003574,"Brother Personal Copier, High-Speed",Technology,Copiers,9301,
TEC-CO-10003587,"Hewlett Personal Copier, Laser",Technology,Copiers,9302,
TEC-CO-10003589,"HP Fax Machine, Digital",Technology,Copiers,9303,
TEC-CO-10003597,"Brother Copy Machine, High-Speed",Technology,Copiers,9304,
TEC-CO-10003608,"Canon Fax Machine, Color",Technology,Copiers,9305,
TEC-CO-10003622,"Sharp Ink, Digital",Technology,Copiers,9306,
TEC-CO-10003633,"Canon Ink, Laser",Technology,Copiers,9307,
TEC-CO-10003655,"Hewlett Wireless Fax, High-Speed",Technology,Copiers,9308,
TEC-CO-10003678,"HP Personal Copier, Color",Technology,Copiers,9309,
TEC-CO-10003682,"Sharp Ink, Digital",Technology,Copiers,9310,
TEC-CO-10003694,"Brother Wireless Fax, Color",Technology,Copiers,9311,
TEC-CO-10003702,"Brother Ink, Digital",Technology,Copiers,9312,
TEC-CO-10003759,"Canon Fax Machine, Laser",Technology,Copiers,9313,
TEC-CO-10003763,Canon PC1060 Personal Laser Copier,Technology,Copiers,9314,
TEC-CO-10003777,"Hewlett Copy Machine, Color",Technology,Copiers,9315,
TEC-CO-10003784,"HP Fax Machine, Laser",Technology,Copiers,9316,
TEC-CO-10003800,"Hewlett Wireless Fax, Color",Technology,Copiers,9317,
TEC-CO-10003807,"HP Personal Copier, Laser",Technology,Copiers,9318,
TEC-CO-10003813,"Sharp Ink, Color",Technology,Copiers,9319,
TEC-CO-10003819,"Sharp Copy Machine, High-Speed",Technology,Copiers,9320,
TEC-CO-10003901,"HP Copy Machine, Color",Technology,Copiers,9321,
TEC-CO-10003917,"HP Fax and Copier, Digital",Technology,Copiers,9322,
TEC-CO-10003924,"Hewlett Fax Machine, Digital",Technology,Copiers,9323,
TEC-CO-10003924,"Brother Ink, Digital",Technology,Copiers,9324,
TEC-CO-10003931,"Hewlett Fax Machine, High-Speed",Technology,Copiers,9325,
TEC-CO-10003951,"HP Copy Machine, High-Speed",Technology,Copiers,9326,
TEC-CO-10003964,"Canon Fax Machine, High-Speed",Technology,Copiers,9327,
TEC-CO-10003965,"Brother Ink, Laser",Technology,Copiers,9328,
TEC-CO-10003982,"HP Ink, High-Speed",Technology,Copiers,9329,
TEC-CO-10003992,"HP Ink, Color",Technology,Copiers,9330,
TEC-CO-10004005,"Sharp Copy Machine, Laser",Technology,Copiers,9331,
TEC-CO-10004027,"Sharp Fax Machine, Color",Technology,Copiers,9332,
TEC-CO-10004034,"Canon Fax Machine, High-Speed",Technology,Copiers,9333,
TEC-CO-10004042,"Brother Wireless Fax, Laser",Technology,Copiers,9334,
TEC-CO-10004045,"Hewlett Ink, High-Speed",Technology,Copiers,9335,
TEC-CO-10004078,"Sharp Fax Machine, Laser",Technology,Copiers,9336,
TEC-CO-10004078,"HP Personal Copier, Laser",Technology,Copiers,9337,
TEC-CO-10004081,"HP Personal Copier, High-Speed",Technology,Copiers,9338,
TEC-CO-10004089,"Canon Copy Machine, Laser",Technology,Copiers,9339,
TEC-CO-10004099,"Sharp Fax Machine, Digital",Technology,Copiers,9340,
TEC-CO-10004115,Sharp AL-1530CS Digital Copier,Technology,Copiers,9341,
TEC-CO-10004125,"HP Ink, High-Speed",Technology,Copiers,9342,
TEC-CO-10004125,"Sharp Ink, Laser",Technology,Copiers,9343,
TEC-CO-10004128,"Brother Fax and Copier, Color",Technology,Copiers,9344,
TEC-CO-10004138,"Sharp Wireless Fax, Digital",Technology,Copiers,9345,
TEC-CO-10004143,"HP Personal Copier, Color",Technology,Copiers,9346,
TEC-CO-10004147,"Brother Fax and Copier, High-Speed",Technology,Copiers,9347,
TEC-CO-10004152,"HP Ink, Laser",Technology,Copiers,9348,
TEC-CO-10004154,"Canon Copy Machine, Digital",Technology,Copiers,9349,
TEC-CO-10004169,"HP Ink, Digital",Technology,Copiers,9350,
TEC-CO-10004170,"HP Wireless Fax, High-Speed",Technology,Copiers,9351,
TEC-CO-10004171,"Sharp Fax and Copier, Digital",Technology,Copiers,9352,
TEC-CO-10004182,"Hewlett Wireless Fax, Laser",Technology,Copiers,9353,
TEC-CO-10004185,"Sharp Personal Copier, High-Speed",Technology,Copiers,9354,
TEC-CO-10004191,"HP Ink, Laser",Technology,Copiers,9355,
TEC-CO-10004202,Brother DCP1000 Digital 3 in 1 Multifunction Machine,Technology,Copiers,9356,
TEC-CO-10004234,"Canon Fax Machine, Laser",Technology,Copiers,9357,
TEC-CO-10004252,"HP Ink, Color",Technology,Copiers,9358,
TEC-CO-10004263,"Hewlett Personal Copier, Laser",Technology,Copiers,9359,
TEC-CO-10004267,"Brother Ink, Laser",Technology,Copiers,9360,
TEC-CO-10004306,"HP Copy Machine, Color",Technology,Copiers,9361,
TEC-CO-10004325,"Canon Personal Copier, Laser",Technology,Copiers,9362,
TEC-CO-10004343,"HP Wireless Fax, Color",Technology,Copiers,9363,
TEC-CO-10004365,"HP Wireless Fax, Color",Technology,Copiers,9364,
TEC-CO-10004367,"Canon Wireless Fax, Digital",Technology,Copiers,9365,
TEC-CO-10004377,"Brother Fax Machine, High-Speed",Technology,Copiers,9366,
TEC-CO-10004394,"Canon Wireless Fax, Digital",Technology,Copiers,9367,
TEC-CO-10004398,"Brother Copy Machine, Color",Technology,Copiers,9368,
TEC-CO-10004404,"Brother Copy Machine, High-Speed",Technology,Copiers,9369,
TEC-CO-10004406,"Sharp Fax Machine, Digital",Technology,Copiers,9370,
TEC-CO-10004409,"Hewlett Fax and Copier, High-Speed",Technology,Copiers,9371,
TEC-CO-10004468,"Canon Copy Machine, Digital",Technology,Copiers,9372,
TEC-CO-10004481,"Canon Fax and Copier, Color",Technology,Copiers,9373,
TEC-CO-10004507,"Brother Fax and Copier, Digital",Technology,Copiers,9374,
TEC-CO-10004521,"HP Personal Copier, Laser",Technology,Copiers,9375,
TEC-CO-10004535,"Hewlett Fax Machine, High-Speed",Technology,Copiers,9376,
TEC-CO-10004558,"HP Ink, High-Speed",Technology,Copiers,9377,
TEC-CO-10004563,"HP Copy Machine, Color",Technology,Copiers,9378,
TEC-CO-10004567,"Brother Fax Machine, Color",Technology,Copiers,9379,
TEC-CO-10004570,"Sharp Personal Copier, Digital",Technology,Copiers,9380,
TEC-CO-10004589,"Canon Wireless Fax, High-Speed",Technology,Copiers,9381,
TEC-CO-10004605,"HP Copy Machine, Color",Technology,Copiers,9382,
TEC-CO-10004649,"Brother Copy Machine, High-Speed",Technology,Copiers,9383,
TEC-CO-10004662,"Hewlett Fax Machine, Color",Technology,Copiers,9384,
TEC-CO-10004664,"Hewlett Personal Copier, Color",Technology,Copiers,9385,
TEC-CO-10004689,"Canon Ink, Color",Technology,Copiers,9386,
TEC-CO-10004690,"HP Wireless Fax, Digital",Technology,Copiers,9387,
TEC-CO-10004701,"Sharp Copy Machine, High-Speed",Technology,Copiers,9388,
TEC-CO-10004722,Canon imageCLASS 2200 Advanced Copier,Technology,Copiers,9389,
TEC-CO-10004756,"Sharp Wireless Fax, Digital",Technology,Copiers,9390,
TEC-CO-10004813,"Hewlett Ink, Digital",Technology,Copiers,9391,
TEC-CO-10004831,"Brother Copy Machine, High-Speed",Technology,Copiers,9392,
TEC-CO-10004897,"Sharp Fax Machine, High-Speed",Technology,Copiers,9393,
TEC-CO-10004901,"HP Fax and Copier, Laser",Technology,Copiers,9394,
TEC-CO-10004904,"Sharp Fax Machine, Digital",Technology,Copiers,9395,
TEC-CO-10004928,"Brother Copy Machine, Color",Technology,Copiers,9396,
TEC-CO-10004929,"Canon Personal Copier, Color",Technology,Copiers,9397,
TEC-CO-10004961,"HP Wireless Fax, Color",Technology,Copiers,9398,
TEC-CO-10004976,"Brother Ink, High-Speed",Technology,Copiers,9399,
TEC-CO-10004981,"Canon Copy Machine, High-Speed",Technology,Copiers,9400,
TEC-CO-10004981,"Sharp Personal Copier, Laser",Technology,Copiers,9401,
TEC-CO-10004985,"Hewlett Copy Machine, Color",Technology,Copiers,9402,
TEC-CO-10004997,"Hewlett Wireless Fax, Color",Technology,Copiers,9403,
TEC-CO-10004998,"HP Fax and Copier, Color",Technology,Copiers,9404,
TEC-CO-10004998,"HP Fax and Copier, Digital",Technology,Copiers,9405,
TEC-HEW-10000365,"Hewlett Copy Machine, Laser",Technology,Copiers,9453,
TEC-HEW-10000839,"Hewlett Wireless Fax, Color",Technology,Copiers,9454,
TEC-HEW-10000930,"Hewlett Ink, Digital",Technology,Copiers,9455,
TEC-HEW-10001056,"Hewlett Ink, High-Speed",Technology,Copiers,9456,
TEC-HEW-10001074,"Hewlett Fax Machine, Color",Technology,Copiers,9457,
TEC-HEW-10001558,"Hewlett Personal Copier, High-Speed",Technology,Copiers,9458,
TEC-HEW-10001710,"Hewlett Ink, Laser",Technology,Copiers,9459,
TEC-HEW-10001908,"Hewlett Fax and Copier, Laser",Technology,Copiers,9460,
TEC-HEW-10002302,"Hewlett Copy Machine, Color",Technology,Copiers,9461,
TEC-HEW-10002304,"Hewlett Fax Machine, High-Speed",Technology,Copiers,9462,
TEC-HEW-10002435,"Hewlett Personal Copier, Digital",Technology,Copiers,9463,
TEC-HEW-10002501,"Hewlett Fax Machine, Laser",Technology,Copiers,9464,
TEC-HEW-10003260,"Hewlett Fax and Copier, Digital",Technology,Copiers,9465,
TEC-HEW-10003460,"Hewlett Fax and Copier, Color",Technology,Copiers,9466,
TEC-HEW-10003531,"Hewlett Copy Machine, High-Speed",Technology,Copiers,9467,
TEC-HEW-10003695,"Hewlett Wireless Fax, Digital",Technology,Copiers,9468,
TEC-HEW-10003829,"Hewlett Wireless Fax, High-Speed",Technology,Copiers,9469,
TEC-HEW-10004172,"Hewlett Wireless Fax, Laser",Technology,Copiers,9470,
TEC-HEW-10004522,"Hewlett Copy Machine, Color",Technology,Copiers,9471,
TEC-HEW-10004652,"Hewlett Personal Copier, Laser",Technology,Copiers,9472,
TEC-HEW-10004690,"Hewlett Fax and Copier, High-Speed",Technology,Copiers,9473,
TEC-HEW-10004833,"Hewlett Ink, Color",Technology,Copiers,9474,
TEC-HEW-10004937,"Hewlett Fax Machine, Digital",Technology,Copiers,9475,
TEC-HP -10000081,"HP Ink, Color",Technology,Copiers,9476,
TEC-HP -10000464,"HP Fax and Copier, Color",Technology,Copiers,9477,
TEC-HP -10001115,"HP Ink, Digital",Technology,Copiers,9478,
TEC-HP -10001426,"HP Personal Copier, Color",Technology,Copiers,9479,
TEC-HP -10001574,"HP Fax Machine, Laser",Technology,Copiers,9480,
TEC-HP -10001577,"HP Copy Machine, Laser",Technology,Copiers,9481,
TEC-HP -10001905,"HP Personal Copier, Laser",Technology,Copiers,9482,
TEC-HP -10002095,"HP Copy Machine, Color",Technology,Copiers,9483,
TEC-HP -10002221,"HP Ink, High-Speed",Technology,Copiers,9484,
TEC-HP -10002307,"HP Fax and Copier, Laser",Technology,Copiers,9485,
TEC-HP -10002603,"HP Copy Machine, High-Speed",Technology,Copiers,9486,
TEC-HP -10003248,"HP Fax Machine, High-Speed",Technology,Copiers,9487,
TEC-HP -10003345,"HP Fax and Copier, High-Speed",Technology,Copiers,9488,
TEC-HP -10003559,"HP Wireless Fax, Digital",Technology,Copiers,9489,
TEC-HP -10003618,"HP Fax Machine, Digital",Technology,Copiers,9490,
TEC-HP -10003894,"HP Wireless Fax, Laser",Technology,Copiers,9491,
TEC-HP -10004012,"HP Personal Copier, Digital",Technology,Copiers,9492,
TEC-HP -10004082,"HP Fax and Copier, Digital",Technology,Copiers,9493,
TEC-HP -10004149,"HP Copy Machine, Color",Technology,Copiers,9494,
TEC-HP -10004451,"HP Ink, Laser",Technology,Copiers,9495,
TEC-HP -10004590,"HP Fax Machine, Color",Technology,Copiers,9496,
TEC-HP -10004801,"HP Personal Copier, High-Speed",Technology,Copiers,9497,
TEC-HP -10004971,"HP Wireless Fax, Color",Technology,Copiers,9498,
TEC-SHA-10000052,"Sharp Copy Machine, Color",Technology,Copiers,10722,
TEC-SHA-10000244,"Sharp Fax Machine, Laser",Technology,Copiers,10723,
TEC-SHA-10000306,"Sharp Copy Machine, Color",Technology,Copiers,10724,
TEC-SHA-10000479,"Sharp Personal Copier, Digital",Technology,Copiers,10725,
TEC-SHA-10000501,"Sharp Wireless Fax, High-Speed",Technology,Copiers,10726,
TEC-SHA-10000971,"Sharp Fax Machine, Color",Technology,Copiers,10727,
TEC-SHA-10001103,"Sharp Copy Machine, Laser",Technology,Copiers,10728,
TEC-SHA-10001231,"Sharp Wireless Fax, Color",Technology,Copiers,10729,
TEC-SHA-10001309,"Sharp Fax Machine, Digital",Technology,Copiers,10730,
TEC-SHA-10001413,"Sharp Personal Copier, Color",Technology,Copiers,10731,
TEC-SHA-10001976,"Sharp Ink, High-Speed",Technology,Copiers,10732,
TEC-SHA-10002034,"Sharp Personal Copier, Laser",Technology,Copiers,10733,
TEC-SHA-10002696,"Sharp Ink, Color",Technology,Copiers,10734,
TEC-SHA-10002753,"Sharp Fax and Copier, High-Speed",Technology,Copiers,10735,
TEC-SHA-10003039,"Sharp Fax and Copier, Digital",Technology,Copiers,10736,
TEC-SHA-10003353,"Sharp Copy Machine, High-Speed",Technology,Copiers,10737,
TEC-SHA-10003670,"Sharp Wireless Fax, Laser",Technology,Copiers,10738,
TEC-SHA-10004083,"Sharp Fax and Copier, Laser",Technology,Copiers,10739,
TEC-SHA-10004151,"Sharp Fax and Copier, Color",Technology,Copiers,10740,
TEC-SHA-10004184,"Sharp Personal Copier, High-Speed",Technology,Copiers,10741,
TEC-SHA-10004390,"Sharp Wireless Fax, Digital",Technology,Copiers,10742,
TEC-SHA-10004658,"Sharp Ink, Laser",Technology,Copiers,10743,
TEC-SHA-10004874,"Sharp Fax Machine, High-Speed",Technology,Copiers,10744,
TEC-AC-10000007,"SanDisk Router, USB",Technology,Accessories,8286,
TEC-AC-10000023,"Maxell 74 Minute CD-R Spindle, 50/Pack",Technology,Accessories,8287,
TEC-AC-10000025,"SanDisk Memory Card, Bluetooth",Technology,Accessories,8288,
TEC-AC-10000051,"Logitech Memory Card, USB",Technology,Accessories,8289,
TEC-AC-10000053,"SanDisk Router, USB",Technology,Accessories,8290,
TEC-AC-10000057,Microsoft Natural Ergonomic Keyboard 4000,Technology,Accessories,8291,
TEC-AC-10000086,"Logitech Mouse, USB",Technology,Accessories,8292,
TEC-AC-10000089,"SanDisk Router, Bluetooth",Technology,Accessories,8293,
TEC-AC-10000097,"Belkin Mouse, Programmable",Technology,Accessories,8294,
TEC-AC-10000097,"Memorex Keyboard, Bluetooth",Technology,Accessories,8295,
TEC-AC-10000109,Sony Micro Vault Click 16 GB USB 2.0 Flash Drive,Technology,Accessories,8296,
TEC-AC-10000110,"Belkin Numeric Keypad, Bluetooth",Technology,Accessories,8297,
TEC-AC-10000111,"SanDisk Mouse, USB",Technology,Accessories,8298,
TEC-AC-10000115,"SanDisk Keyboard, USB",Technology,Accessories,8299,
TEC-AC-10000140,"Enermax Numeric Keypad, Bluetooth",Technology,Accessories,8300,
TEC-AC-10000151,"SanDisk Flash Drive, Erganomic",Technology,Accessories,8301,
TEC-AC-10000152,"Logitech Flash Drive, Erganomic",Technology,Accessories,8302,
TEC-AC-10000158,Sony 64GB Class 10 Micro SDHC R40 Memory Card,Technology,Accessories,8303,
TEC-AC-10000170,"Memorex Keyboard, Programmable",Technology,Accessories,8304,
TEC-AC-10000171,"Verbatim 25 GB 6x Blu-ray Single Layer Recordable Disc, 25/Pack",Technology,Accessories,8305,
TEC-AC-10000199,Kingston Digital DataTraveler 8GB USB 2.0,Technology,Accessories,8306,
TEC-AC-10000203,"SanDisk Router, Bluetooth",Technology,Accessories,8307,
TEC-AC-10000212,"SanDisk Memory Card, Erganomic",Technology,Accessories,8308,
TEC-AC-10000218,"SanDisk Numeric Keypad, USB",Technology,Accessories,8309,
TEC-AC-10000221,"Belkin Memory Card, Programmable",Technology,Accessories,8310,
TEC-AC-10000241,"Enermax Numeric Keypad, Bluetooth",Technology,Accessories,8311,
TEC-AC-10000244,"Memorex Router, USB",Technology,Accessories,8312,
TEC-AC-10000254,"Enermax Flash Drive, Bluetooth",Technology,Accessories,8313,
TEC-AC-10000254,"Belkin Keyboard, Programmable",Technology,Accessories,8314,
TEC-AC-10000258,"Belkin Numeric Keypad, Bluetooth",Technology,Accessories,8315,
TEC-AC-10000263,"Belkin Mouse, USB",Technology,Accessories,8316,
TEC-AC-10000264,"Memorex Memory Card, Erganomic",Technology,Accessories,8317,
TEC-AC-10000269,"Memorex Numeric Keypad, USB",Technology,Accessories,8318,
TEC-AC-10000271,"Enermax Router, Erganomic",Technology,Accessories,8319,
TEC-AC-10000284,"Belkin Flash Drive, Bluetooth",Technology,Accessories,8320,
TEC-AC-10000290,Sabrent 4-Port USB 2.0 Hub,Technology,Accessories,8321,
TEC-AC-10000303,Logitech M510 Wireless Mouse,Technology,Accessories,8322,
TEC-AC-10000317,"Logitech Memory Card, Programmable",Technology,Accessories,8323,
TEC-AC-10000332,"Logitech Keyboard, USB",Technology,Accessories,8324,
TEC-AC-10000335,"Belkin Router, Programmable",Technology,Accessories,8325,
TEC-AC-10000336,"Enermax Mouse, Bluetooth",Technology,Accessories,8326,
TEC-AC-10000342,"Logitech Numeric Keypad, Programmable",Technology,Accessories,8327,
TEC-AC-10000354,"Belkin Numeric Keypad, USB",Technology,Accessories,8328,
TEC-AC-10000358,Imation Secure Drive + Hardware Encrypted USB flash drive - 16 GB,Technology,Accessories,8329,
TEC-AC-10000376,"Memorex Router, Bluetooth",Technology,Accessories,8330,
TEC-AC-10000387,KeyTronic KT800P2 - Keyboard - Black,Technology,Accessories,8331,
TEC-AC-10000394,"Belkin Numeric Keypad, Bluetooth",Technology,Accessories,8332,
TEC-AC-10000397,"Perixx PERIBOARD-512B, Ergonomic Split Keyboard",Technology,Accessories,8333,
TEC-AC-10000397,"Enermax Mouse, USB",Technology,Accessories,8334,
TEC-AC-10000398,"SanDisk Memory Card, Programmable",Technology,Accessories,8335,
TEC-AC-10000420,Logitech G500s Laser Gaming Mouse with Adjustable Weight Tuning,Technology,Accessories,8336,
TEC-AC-10000420,"Belkin Router, USB",Technology,Accessories,8337,
TEC-AC-10000422,"Belkin Numeric Keypad, Bluetooth",Technology,Accessories,8338,
TEC-AC-10000431,"Belkin Flash Drive, Bluetooth",Technology,Accessories,8339,
TEC-AC-10000450,"Enermax Keyboard, USB",Technology,Accessories,8340,
TEC-AC-10000462,"Logitech Keyboard, Programmable",Technology,Accessories,8341,
TEC-AC-10000474,"Logitech Flash Drive, USB",Technology,Accessories,8342,
TEC-AC-10000474,Kensington Expert Mouse Optical USB Trackball for PC or Mac,Technology,Accessories,8343,
TEC-AC-10000483,"SanDisk Memory Card, Bluetooth",Technology,Accessories,8344,
TEC-AC-10000487,SanDisk Cruzer 4 GB USB Flash Drive,Technology,Accessories,8345,
TEC-AC-10000494,"Logitech Numeric Keypad, USB",Technology,Accessories,8346,
TEC-AC-10000499,"Memorex Memory Card, USB",Technology,Accessories,8347,
TEC-AC-10000501,"Enermax Router, Programmable",Technology,Accessories,8348,
TEC-AC-10000510,"SanDisk Flash Drive, Bluetooth",Technology,Accessories,8349,
TEC-AC-10000512,"Enermax Keyboard, Bluetooth",Technology,Accessories,8350,
TEC-AC-10000519,"Belkin Keyboard, Programmable",Technology,Accessories,8351,
TEC-AC-10000521,"Verbatim Slim CD and DVD Storage Cases, 50/Pack",Technology,Accessories,8352,
TEC-AC-10000530,"Logitech Memory Card, Bluetooth",Technology,Accessories,8353,
TEC-AC-10000540,"Logitech Mouse, Erganomic",Technology,Accessories,8354,
TEC-AC-10000540,"Memorex Numeric Keypad, USB",Technology,Accessories,8355,
TEC-AC-10000575,"Logitech Keyboard, Programmable",Technology,Accessories,8356,
TEC-AC-10000580,Logitech G13 Programmable Gameboard with LCD Display,Technology,Accessories,8357,
TEC-AC-10000588,"SanDisk Flash Drive, Bluetooth",Technology,Accessories,8358,
TEC-AC-10000596,"Enermax Memory Card, Erganomic",Technology,Accessories,8359,
TEC-AC-10000598,"Belkin Flash Drive, USB",Technology,Accessories,8360,
TEC-AC-10000633,"Enermax Memory Card, USB",Technology,Accessories,8361,
TEC-AC-10000639,"Belkin Router, Bluetooth",Technology,Accessories,8362,
TEC-AC-10000642,"Logitech Flash Drive, Bluetooth",Technology,Accessories,8363,
TEC-AC-10000657,"Enermax Memory Card, Bluetooth",Technology,Accessories,8364,
TEC-AC-10000682,Kensington K72356US Mouse-in-a-Box USB Desktop Mouse,Technology,Accessories,8365,
TEC-AC-10000692,"Logitech Keyboard, Erganomic",Technology,Accessories,8366,
TEC-AC-10000710,Maxell DVD-RAM Discs,Technology,Accessories,8367,
TEC-AC-10000712,"Enermax Router, Programmable",Technology,Accessories,8368,
TEC-AC-10000736,Logitech G600 MMO Gaming Mouse,Technology,Accessories,8369,
TEC-AC-10000742,"SanDisk Flash Drive, Erganomic",Technology,Accessories,8370,
TEC-AC-10000763,"SanDisk Memory Card, USB",Technology,Accessories,8371,
TEC-AC-10000766,"SanDisk Mouse, Bluetooth",Technology,Accessories,8372,
TEC-AC-10000815,"Enermax Flash Drive, Erganomic",Technology,Accessories,8373,
TEC-AC-10000827,"SanDisk Keyboard, Programmable",Technology,Accessories,8374,
TEC-AC-10000844,Logitech Gaming G510s - Keyboard,Technology,Accessories,8375,
TEC-AC-10000857,"Belkin Router, Programmable",Technology,Accessories,8376,
TEC-AC-10000860,"Enermax Numeric Keypad, USB",Technology,Accessories,8377,
TEC-AC-10000861,"SanDisk Router, Erganomic",Technology,Accessories,8378,
TEC-AC-10000863,"Enermax Numeric Keypad, Erganomic",Technology,Accessories,8379,
TEC-AC-10000865,WD My Passport Ultra 500GB Portable External Hard Drive,Technology,Accessories,8380,
TEC-AC-10000865,"Enermax Keyboard, Bluetooth",Technology,Accessories,8381,
TEC-AC-10000866,"Belkin Router, Erganomic",Technology,Accessories,8382,
TEC-AC-10000873,"Belkin Mouse, USB",Technology,Accessories,8383,
TEC-AC-10000883,"Belkin Mouse, Bluetooth",Technology,Accessories,8384,
TEC-AC-10000887,"Enermax Flash Drive, Bluetooth",Technology,Accessories,8385,
TEC-AC-10000890,"Belkin Router, USB",Technology,Accessories,8386,
TEC-AC-10000892,NETGEAR N750 Dual Band Wi-Fi Gigabit Router,Technology,Accessories,8387,
TEC-AC-10000896,"Belkin Numeric Keypad, Erganomic",Technology,Accessories,8388,
TEC-AC-10000926,NETGEAR RangeMax WNR1000 Wireless Router,Technology,Accessories,8389,
TEC-AC-10000927,Anker Ultrathin Bluetooth Wireless Keyboard Aluminum Cover with Stand,Technology,Accessories,8390,
TEC-AC-10000929,"Belkin Mouse, Bluetooth",Technology,Accessories,8391,
TEC-AC-10000957,"Logitech Memory Card, Bluetooth",Technology,Accessories,8392,
TEC-AC-10000990,Imation Bio 2GB USB Flash Drive Imation Corp,Technology,Accessories,8393,
TEC-AC-10000991,Sony Micro Vault Click 8 GB USB 2.0 Flash Drive,Technology,Accessories,8394,
TEC-AC-10001002,"SanDisk Memory Card, USB",Technology,Accessories,8395,
TEC-AC-10001013,Logitech ClearChat Comfort/USB Headset H390,Technology,Accessories,8396,
TEC-AC-10001013,"SanDisk Mouse, USB",Technology,Accessories,8397,
TEC-AC-10001022,"SanDisk Flash Drive, USB",Technology,Accessories,8398,
TEC-AC-10001030,"Memorex Flash Drive, Erganomic",Technology,Accessories,8399,
TEC-AC-10001032,"Enermax Numeric Keypad, Bluetooth",Technology,Accessories,8400,
TEC-AC-10001047,"SanDisk Router, Erganomic",Technology,Accessories,8401,
TEC-AC-10001055,"Enermax Numeric Keypad, Bluetooth",Technology,Accessories,8402,
TEC-AC-10001056,"Belkin Router, USB",Technology,Accessories,8403,
TEC-AC-10001075,"Belkin Keyboard, USB",Technology,Accessories,8404,
TEC-AC-10001076,"Memorex Keyboard, USB",Technology,Accessories,8405,
TEC-AC-10001082,"Enermax Keyboard, Bluetooth",Technology,Accessories,8406,
TEC-AC-10001089,"Enermax Keyboard, Erganomic",Technology,Accessories,8407,
TEC-AC-10001090,Micro Innovations Wireless Classic Keyboard with Mouse,Technology,Accessories,8408,
TEC-AC-10001090,"Enermax Mouse, Programmable",Technology,Accessories,8409,
TEC-AC-10001100,"Logitech Router, Bluetooth",Technology,Accessories,8410,
TEC-AC-10001101,Sony 16GB Class 10 Micro SDHC R40 Memory Card,Technology,Accessories,8411,
TEC-AC-10001106,"Belkin Numeric Keypad, Erganomic",Technology,Accessories,8412,
TEC-AC-10001109,Logitech Trackman Marble Mouse,Technology,Accessories,8413,
TEC-AC-10001114,Microsoft Wireless Mobile Mouse 4000,Technology,Accessories,8414,
TEC-AC-10001142,First Data FD10 PIN Pad,Technology,Accessories,8415,
TEC-AC-10001172,"Logitech Numeric Keypad, Erganomic",Technology,Accessories,8416,
TEC-AC-10001187,"Memorex Keyboard, USB",Technology,Accessories,8417,
TEC-AC-10001197,"Logitech Memory Card, Erganomic",Technology,Accessories,8418,
TEC-AC-10001221,"Memorex Memory Card, USB",Technology,Accessories,8419,
TEC-AC-10001226,"Enermax Mouse, Programmable",Technology,Accessories,8420,
TEC-AC-10001243,"Enermax Mouse, Bluetooth",Technology,Accessories,8421,
TEC-AC-10001246,"Enermax Numeric Keypad, Erganomic",Technology,Accessories,8422,
TEC-AC-10001251,"Belkin Numeric Keypad, Erganomic",Technology,Accessories,8423,
TEC-AC-10001254,"Enermax Memory Card, Programmable",Technology,Accessories,8424,
TEC-AC-10001258,"Belkin Router, Erganomic",Technology,Accessories,8425,
TEC-AC-10001266,Memorex Micro Travel Drive 8 GB,Technology,Accessories,8426,
TEC-AC-10001267,Imation 32GB Pocket Pro USB 3.0 Flash Drive - 32 GB - Black - 1 P ...,Technology,Accessories,8427,
TEC-AC-10001274,"Belkin Memory Card, Bluetooth",Technology,Accessories,8428,
TEC-AC-10001278,"Enermax Flash Drive, USB",Technology,Accessories,8429,
TEC-AC-10001284,Enermax Briskie RF Wireless Keyboard and Mouse Combo,Technology,Accessories,8430,
TEC-AC-10001295,"Memorex Memory Card, Bluetooth",Technology,Accessories,8431,
TEC-AC-10001311,"Belkin Keyboard, Erganomic",Technology,Accessories,8432,
TEC-AC-10001312,"Logitech Numeric Keypad, Erganomic",Technology,Accessories,8433,
TEC-AC-10001314,Case Logic 2.4GHz Wireless Keyboard,Technology,Accessories,8434,
TEC-AC-10001341,"Enermax Memory Card, USB",Technology,Accessories,8435,
TEC-AC-10001348,"Logitech Router, Bluetooth",Technology,Accessories,8436,
TEC-AC-10001352,"SanDisk Numeric Keypad, Bluetooth",Technology,Accessories,8437,
TEC-AC-10001355,"Memorex Router, Programmable",Technology,Accessories,8438,
TEC-AC-10001364,"Logitech Numeric Keypad, Programmable",Technology,Accessories,8439,
TEC-AC-10001383,Logitech Wireless Touch Keyboard K400,Technology,Accessories,8440,
TEC-AC-10001402,"Memorex Numeric Keypad, Bluetooth",Technology,Accessories,8441,
TEC-AC-10001405,"Logitech Router, Bluetooth",Technology,Accessories,8442,
TEC-AC-10001406,"Enermax Memory Card, Programmable",Technology,Accessories,8443,
TEC-AC-10001407,"Belkin Mouse, Erganomic",Technology,Accessories,8444,
TEC-AC-10001410,"Memorex Memory Card, Bluetooth",Technology,Accessories,8445,
TEC-AC-10001432,Enermax Aurora Lite Keyboard,Technology,Accessories,8446,
TEC-AC-10001438,"SanDisk Flash Drive, Programmable",Technology,Accessories,8447,
TEC-AC-10001441,"SanDisk Mouse, Erganomic",Technology,Accessories,8448,
TEC-AC-10001445,Imation USB 2.0 Swivel Flash Drive USB flash drive - 4 GB - Pink,Technology,Accessories,8449,
TEC-AC-10001455,"Logitech Memory Card, Erganomic",Technology,Accessories,8450,
TEC-AC-10001463,"Logitech Numeric Keypad, Programmable",Technology,Accessories,8451,
TEC-AC-10001465,SanDisk Cruzer 64 GB USB Flash Drive,Technology,Accessories,8452,
TEC-AC-10001486,"Belkin Flash Drive, Programmable",Technology,Accessories,8453,
TEC-AC-10001491,"Enermax Flash Drive, Bluetooth",Technology,Accessories,8454,
TEC-AC-10001500,"Logitech Memory Card, Erganomic",Technology,Accessories,8455,
TEC-AC-10001539,Logitech G430 Surround Sound Gaming Headset with Dolby 7.1 Technology,Technology,Accessories,8456,
TEC-AC-10001542,SanDisk Cruzer 16 GB USB Flash Drive,Technology,Accessories,8457,
TEC-AC-10001552,Logitech K350 2.4Ghz Wireless Keyboard,Technology,Accessories,8458,
TEC-AC-10001553,"Memorex 25GB 6X Branded Blu-Ray Recordable Disc, 15/Pack",Technology,Accessories,8459,
TEC-AC-10001564,"Logitech Numeric Keypad, Erganomic",Technology,Accessories,8460,
TEC-AC-10001566,"Logitech Router, Erganomic",Technology,Accessories,8461,
TEC-AC-10001590,Dell Slim USB Multimedia Keyboard,Technology,Accessories,8462,
TEC-AC-10001592,"Enermax Flash Drive, Programmable",Technology,Accessories,8463,
TEC-AC-10001600,"Belkin Numeric Keypad, Bluetooth",Technology,Accessories,8464,
TEC-AC-10001606,Logitech Wireless Performance Mouse MX for PC and Mac,Technology,Accessories,8465,
TEC-AC-10001608,"Memorex Flash Drive, USB",Technology,Accessories,8466,
TEC-AC-10001611,"Memorex Numeric Keypad, Bluetooth",Technology,Accessories,8467,
TEC-AC-10001616,"SanDisk Numeric Keypad, Erganomic",Technology,Accessories,8468,
TEC-AC-10001635,KeyTronic KT400U2 - Keyboard - Black,Technology,Accessories,8469,
TEC-AC-10001636,"Belkin Mouse, Erganomic",Technology,Accessories,8470,
TEC-AC-10001639,"Belkin Flash Drive, Erganomic",Technology,Accessories,8471,
TEC-AC-10001660,"Enermax Flash Drive, USB",Technology,Accessories,8472,
TEC-AC-10001664,"SanDisk Keyboard, USB",Technology,Accessories,8473,
TEC-AC-10001666,"Memorex Numeric Keypad, Erganomic",Technology,Accessories,8474,
TEC-AC-10001688,"Enermax Keyboard, Programmable",Technology,Accessories,8475,
TEC-AC-10001696,"Belkin Flash Drive, Erganomic",Technology,Accessories,8476,
TEC-AC-10001703,"Memorex Keyboard, USB",Technology,Accessories,8477,
TEC-AC-10001705,"Logitech Keyboard, Bluetooth",Technology,Accessories,8478,
TEC-AC-10001714,Logitech MX Performance Wireless Mouse,Technology,Accessories,8479,
TEC-AC-10001719,"Enermax Flash Drive, Erganomic",Technology,Accessories,8480,
TEC-AC-10001720,"Enermax Memory Card, Bluetooth",Technology,Accessories,8481,
TEC-AC-10001728,"SanDisk Flash Drive, Programmable",Technology,Accessories,8482,
TEC-AC-10001735,"Logitech Mouse, Bluetooth",Technology,Accessories,8483,
TEC-AC-10001745,"Memorex Flash Drive, Programmable",Technology,Accessories,8484,
TEC-AC-10001748,"SanDisk Flash Drive, USB",Technology,Accessories,8485,
TEC-AC-10001754,"SanDisk Memory Card, Bluetooth",Technology,Accessories,8486,
TEC-AC-10001756,"Memorex Numeric Keypad, USB",Technology,Accessories,8487,
TEC-AC-10001765,"Enermax Memory Card, Bluetooth",Technology,Accessories,8488,
TEC-AC-10001767,SanDisk Ultra 64 GB MicroSDHC Class 10 Memory Card,Technology,Accessories,8489,
TEC-AC-10001772,Memorex Mini Travel Drive 16 GB USB 2.0 Flash Drive,Technology,Accessories,8490,
TEC-AC-10001791,"Memorex Mouse, Programmable",Technology,Accessories,8491,
TEC-AC-10001792,"Logitech Mouse, Programmable",Technology,Accessories,8492,
TEC-AC-10001830,"Enermax Router, Erganomic",Technology,Accessories,8493,
TEC-AC-10001831,"Memorex Keyboard, Bluetooth",Technology,Accessories,8494,
TEC-AC-10001835,"Belkin Mouse, Programmable",Technology,Accessories,8495,
TEC-AC-10001838,Razer Tiamat Over Ear 7.1 Surround Sound PC Gaming Headset,Technology,Accessories,8496,
TEC-AC-10001840,"SanDisk Mouse, Erganomic",Technology,Accessories,8497,
TEC-AC-10001874,Logitech Wireless Anywhere Mouse MX for PC and Mac,Technology,Accessories,8498,
TEC-AC-10001876,"Logitech Memory Card, USB",Technology,Accessories,8499,
TEC-AC-10001904,"Logitech Mouse, Bluetooth",Technology,Accessories,8500,
TEC-AC-10001907,"SanDisk Flash Drive, Bluetooth",Technology,Accessories,8501,
TEC-AC-10001908,Logitech Wireless Headset h800,Technology,Accessories,8502,
TEC-AC-10001942,"Memorex Flash Drive, Programmable",Technology,Accessories,8503,
TEC-AC-10001948,"Belkin Numeric Keypad, USB",Technology,Accessories,8504,
TEC-AC-10001949,"Enermax Router, Bluetooth",Technology,Accessories,8505,
TEC-AC-10001950,"Belkin Flash Drive, Programmable",Technology,Accessories,8506,
TEC-AC-10001951,"Enermax Memory Card, Erganomic",Technology,Accessories,8507,
TEC-AC-10001956,Microsoft Arc Touch Mouse,Technology,Accessories,8508,
TEC-AC-10001974,"Logitech Memory Card, Bluetooth",Technology,Accessories,8509,
TEC-AC-10001987,"Memorex Numeric Keypad, Bluetooth",Technology,Accessories,8510,
TEC-AC-10001990,"Enermax Router, USB",Technology,Accessories,8511,
TEC-AC-10001990,Kensington Orbit Wireless Mobile Trackball for PC and Mac,Technology,Accessories,8512,
TEC-AC-10001995,"Logitech Router, USB",Technology,Accessories,8513,
TEC-AC-10001998,Logitech LS21 Speaker System - PC Multimedia - 2.1-CH - Wired,Technology,Accessories,8514,
TEC-AC-10002001,Logitech Wireless Gaming Headset G930,Technology,Accessories,8515,
TEC-AC-10002006,Memorex Micro Travel Drive 16 GB,Technology,Accessories,8516,
TEC-AC-10002013,"SanDisk Numeric Keypad, Bluetooth",Technology,Accessories,8517,
TEC-AC-10002014,"Belkin Flash Drive, USB",Technology,Accessories,8518,
TEC-AC-10002015,"Logitech Router, Programmable",Technology,Accessories,8519,
TEC-AC-10002017,"Belkin Memory Card, Erganomic",Technology,Accessories,8520,
TEC-AC-10002018,AmazonBasics 3-Button USB Wired Mouse,Technology,Accessories,8521,
TEC-AC-10002025,"Memorex Flash Drive, Bluetooth",Technology,Accessories,8522,
TEC-AC-10002048,"Enermax Flash Drive, Bluetooth",Technology,Accessories,8523,
TEC-AC-10002049,Plantronics Savi W720 Multi-Device Wireless Headset System,Technology,Accessories,8524,
TEC-AC-10002049,Logitech G19 Programmable Gaming Keyboard,Technology,Accessories,8525,
TEC-AC-10002076,Microsoft Natural Keyboard Elite,Technology,Accessories,8526,
TEC-AC-10002086,"SanDisk Keyboard, Erganomic",Technology,Accessories,8527,
TEC-AC-10002110,"Memorex Mouse, Programmable",Technology,Accessories,8528,
TEC-AC-10002122,"Belkin Keyboard, Erganomic",Technology,Accessories,8529,
TEC-AC-10002130,"Logitech Flash Drive, Erganomic",Technology,Accessories,8530,
TEC-AC-10002134,Rosewill 107 Normal Keys USB Wired Standard Keyboard,Technology,Accessories,8531,
TEC-AC-10002145,"Belkin Memory Card, Programmable",Technology,Accessories,8532,
TEC-AC-10002148,"Belkin Keyboard, Programmable",Technology,Accessories,8533,
TEC-AC-10002153,"Logitech Memory Card, Bluetooth",Technology,Accessories,8534,
TEC-AC-10002158,"Enermax Memory Card, Erganomic",Technology,Accessories,8535,
TEC-AC-10002159,"Logitech Router, Erganomic",Technology,Accessories,8536,
TEC-AC-10002167,Imation 8gb Micro Traveldrive Usb 2.0 Flash Drive,Technology,Accessories,8537,
TEC-AC-10002170,"Enermax Numeric Keypad, USB",Technology,Accessories,8538,
TEC-AC-10002170,"Logitech Flash Drive, Programmable",Technology,Accessories,8539,
TEC-AC-10002172,"Memorex Keyboard, Programmable",Technology,Accessories,8540,
TEC-AC-10002204,"Belkin Flash Drive, Erganomic",Technology,Accessories,8541,
TEC-AC-10002217,Imation Clip USB flash drive - 8 GB,Technology,Accessories,8542,
TEC-AC-10002218,"Memorex Keyboard, Erganomic",Technology,Accessories,8543,
TEC-AC-10002219,"SanDisk Memory Card, Programmable",Technology,Accessories,8544,
TEC-AC-10002221,"Memorex Mouse, Bluetooth",Technology,Accessories,8545,
TEC-AC-10002224,"Belkin Numeric Keypad, USB",Technology,Accessories,8546,
TEC-AC-10002243,"SanDisk Keyboard, Programmable",Technology,Accessories,8547,
TEC-AC-10002244,"Enermax Router, Erganomic",Technology,Accessories,8548,
TEC-AC-10002253,Imation Bio 8GB USB Flash Drive Imation Corp,Technology,Accessories,8549,
TEC-AC-10002255,"Memorex Keyboard, Erganomic",Technology,Accessories,8550,
TEC-AC-10002257,"Enermax Router, Bluetooth",Technology,Accessories,8551,
TEC-AC-10002257,"Logitech Numeric Keypad, Bluetooth",Technology,Accessories,8552,
TEC-AC-10002263,"SanDisk Memory Card, Bluetooth",Technology,Accessories,8553,
TEC-AC-10002289,"SanDisk Numeric Keypad, Erganomic",Technology,Accessories,8554,
TEC-AC-10002295,"Logitech Flash Drive, Bluetooth",Technology,Accessories,8555,
TEC-AC-10002305,KeyTronic E03601U1 - Keyboard - Beige,Technology,Accessories,8556,
TEC-AC-10002308,"Belkin Memory Card, Erganomic",Technology,Accessories,8557,
TEC-AC-10002322,"Memorex Memory Card, Bluetooth",Technology,Accessories,8558,
TEC-AC-10002323,SanDisk Ultra 32 GB MicroSDHC Class 10 Memory Card,Technology,Accessories,8559,
TEC-AC-10002324,"Enermax Numeric Keypad, Bluetooth",Technology,Accessories,8560,
TEC-AC-10002331,"Maxell 74 Minute CDR, 10/Pack",Technology,Accessories,8561,
TEC-AC-10002335,Logitech Media Keyboard K200,Technology,Accessories,8562,
TEC-AC-10002335,"Belkin Memory Card, USB",Technology,Accessories,8563,
TEC-AC-10002340,"Logitech Router, Bluetooth",Technology,Accessories,8564,
TEC-AC-10002345,HP Standard 104 key PS/2 Keyboard,Technology,Accessories,8565,
TEC-AC-10002348,"Enermax Memory Card, USB",Technology,Accessories,8566,
TEC-AC-10002357,"SanDisk Numeric Keypad, USB",Technology,Accessories,8567,
TEC-AC-10002363,"Logitech Keyboard, USB",Technology,Accessories,8568,
TEC-AC-10002364,"Enermax Router, USB",Technology,Accessories,8569,
TEC-AC-10002370,Maxell CD-R Discs,Technology,Accessories,8570,
TEC-AC-10002370,"SanDisk Flash Drive, Bluetooth",Technology,Accessories,8571,
TEC-AC-10002380,Sony 8GB Class 10 Micro SDHC R40 Memory Card,Technology,Accessories,8572,
TEC-AC-10002389,"Enermax Mouse, USB",Technology,Accessories,8573,
TEC-AC-10002399,SanDisk Cruzer 32 GB USB Flash Drive,Technology,Accessories,8574,
TEC-AC-10002402,Razer Kraken PRO Over Ear PC and Music Headset,Technology,Accessories,8575,
TEC-AC-10002455,"Logitech Flash Drive, Programmable",Technology,Accessories,8576,
TEC-AC-10002458,"Logitech Mouse, Bluetooth",Technology,Accessories,8577,
TEC-AC-10002473,Maxell 4.7GB DVD-R,Technology,Accessories,8578,
TEC-AC-10002482,"Logitech Mouse, Erganomic",Technology,Accessories,8579,
TEC-AC-10002522,"Memorex Router, Erganomic",Technology,Accessories,8580,
TEC-AC-10002530,"Memorex Numeric Keypad, USB",Technology,Accessories,8581,
TEC-AC-10002533,"Enermax Memory Card, USB",Technology,Accessories,8582,
TEC-AC-10002543,"Enermax Mouse, Bluetooth",Technology,Accessories,8583,
TEC-AC-10002545,"Logitech Router, Bluetooth",Technology,Accessories,8584,
TEC-AC-10002550,"Memorex 25GB 6X Branded Blu-Ray Recordable Disc, 30/Pack",Technology,Accessories,8585,
TEC-AC-10002550,Maxell 4.7GB DVD-RW 3/Pack,Technology,Accessories,8586,
TEC-AC-10002558,Imation Swivel Flash Drive USB flash drive - 8 GB,Technology,Accessories,8587,
TEC-AC-10002567,Logitech G602 Wireless Gaming Mouse,Technology,Accessories,8588,
TEC-AC-10002568,"Enermax Numeric Keypad, Erganomic",Technology,Accessories,8589,
TEC-AC-10002581,"SanDisk Flash Drive, Erganomic",Technology,Accessories,8590,
TEC-AC-10002600,Belkin QODE FastFit Bluetooth Keyboard,Technology,Accessories,8591,
TEC-AC-10002601,"SanDisk Router, Bluetooth",Technology,Accessories,8592,
TEC-AC-10002607,"Enermax Mouse, USB",Technology,Accessories,8593,
TEC-AC-10002629,"Belkin Memory Card, Programmable",Technology,Accessories,8594,
TEC-AC-10002637,Logitech VX Revolution Cordless Laser Mouse for Notebooks (Black),Technology,Accessories,8595,
TEC-AC-10002647,"Logitech Wireless Boombox Speaker - portable - wireless, wired",Technology,Accessories,8596,
TEC-AC-10002649,"Belkin Keyboard, Programmable",Technology,Accessories,8597,
TEC-AC-10002664,"SanDisk Keyboard, Programmable",Technology,Accessories,8598,
TEC-AC-10002670,"Logitech Mouse, Erganomic",Technology,Accessories,8599,
TEC-AC-10002688,"Memorex Memory Card, Bluetooth",Technology,Accessories,8600,
TEC-AC-10002702,"Enermax Keyboard, Bluetooth",Technology,Accessories,8601,
TEC-AC-10002712,"Enermax Keyboard, Erganomic",Technology,Accessories,8602,
TEC-AC-10002718,Belkin Standard 104 key USB Keyboard,Technology,Accessories,8603,
TEC-AC-10002719,"Enermax Router, Programmable",Technology,Accessories,8604,
TEC-AC-10002738,"Belkin Memory Card, Programmable",Technology,Accessories,8605,
TEC-AC-10002749,"Enermax Mouse, USB",Technology,Accessories,8606,
TEC-AC-10002756,"SanDisk Keyboard, Bluetooth",Technology,Accessories,8607,
TEC-AC-10002760,"Memorex Memory Card, Erganomic",Technology,Accessories,8608,
TEC-AC-10002795,"Memorex Mouse, Programmable",Technology,Accessories,8609,
TEC-AC-10002799,"Memorex Memory Card, Programmable",Technology,Accessories,8610,
TEC-AC-10002800,Plantronics Audio 478 Stereo USB Headset,Technology,Accessories,8611,
TEC-AC-10002815,"SanDisk Keyboard, Erganomic",Technology,Accessories,8612,
TEC-AC-10002833,"Logitech Mouse, USB",Technology,Accessories,8613,
TEC-AC-10002842,"Belkin Memory Card, Bluetooth",Technology,Accessories,8614,
TEC-AC-10002842,"Memorex Mouse, Bluetooth",Technology,Accessories,8615,
TEC-AC-10002842,WD My Passport Ultra 2TB Portable External Hard Drive,Technology,Accessories,8616,
TEC-AC-10002844,"SanDisk Flash Drive, USB",Technology,Accessories,8617,
TEC-AC-10002850,"Enermax Memory Card, Bluetooth",Technology,Accessories,8618,
TEC-AC-10002852,"Belkin Memory Card, Erganomic",Technology,Accessories,8619,
TEC-AC-10002857,"Verbatim 25 GB 6x Blu-ray Single Layer Recordable Disc, 1/Pack",Technology,Accessories,8620,
TEC-AC-10002881,"Belkin Numeric Keypad, Bluetooth",Technology,Accessories,8621,
TEC-AC-10002883,"Belkin Flash Drive, USB",Technology,Accessories,8622,
TEC-AC-10002883,"Logitech Keyboard, Erganomic",Technology,Accessories,8623,
TEC-AC-10002884,"Belkin Keyboard, USB",Technology,Accessories,8624,
TEC-AC-10002900,"Belkin Mouse, Programmable",Technology,Accessories,8625,
TEC-AC-10002901,"Memorex Mouse, Bluetooth",Technology,Accessories,8626,
TEC-AC-10002914,"Memorex Router, Programmable",Technology,Accessories,8627,
TEC-AC-10002926,Logitech Wireless Marathon Mouse M705,Technology,Accessories,8628,
TEC-AC-10002938,"Enermax Memory Card, USB",Technology,Accessories,8629,
TEC-AC-10002942,WD My Passport Ultra 1TB Portable External Hard Drive,Technology,Accessories,8630,
TEC-AC-10002996,"Enermax Mouse, Erganomic",Technology,Accessories,8631,
TEC-AC-10003023,Logitech G105 Gaming Keyboard,Technology,Accessories,8632,
TEC-AC-10003027,Imation 8GB Mini TravelDrive USB 2.0 Flash Drive,Technology,Accessories,8633,
TEC-AC-10003033,Plantronics CS510 - Over-the-Head monaural Wireless Headset System,Technology,Accessories,8634,
TEC-AC-10003034,"Belkin Keyboard, Erganomic",Technology,Accessories,8635,
TEC-AC-10003038,Kingston Digital DataTraveler 16GB USB 2.0,Technology,Accessories,8636,
TEC-AC-10003044,"Belkin Numeric Keypad, Erganomic",Technology,Accessories,8637,
TEC-AC-10003047,"SanDisk Keyboard, USB",Technology,Accessories,8638,
TEC-AC-10003052,"SanDisk Mouse, Programmable",Technology,Accessories,8639,
TEC-AC-10003063,"Belkin Router, Bluetooth",Technology,Accessories,8640,
TEC-AC-10003063,Micro Innovations USB RF Wireless Keyboard with Mouse,Technology,Accessories,8641,
TEC-AC-10003063,"Memorex Memory Card, Programmable",Technology,Accessories,8642,
TEC-AC-10003080,"Logitech Memory Card, USB",Technology,Accessories,8643,
TEC-AC-10003081,"Memorex Mouse, USB",Technology,Accessories,8644,
TEC-AC-10003095,Logitech G35 7.1-Channel Surround Sound Headset,Technology,Accessories,8645,
TEC-AC-10003103,"SanDisk Keyboard, Erganomic",Technology,Accessories,8646,
TEC-AC-10003105,"Memorex Numeric Keypad, Bluetooth",Technology,Accessories,8647,
TEC-AC-10003116,Memorex Froggy Flash Drive 8 GB,Technology,Accessories,8648,
TEC-AC-10003133,Memorex Mini Travel Drive 4 GB USB 2.0 Flash Drive,Technology,Accessories,8649,
TEC-AC-10003159,"SanDisk Router, USB",Technology,Accessories,8650,
TEC-AC-10003172,"Memorex Numeric Keypad, Bluetooth",Technology,Accessories,8651,
TEC-AC-10003174,Plantronics S12 Corded Telephone Headset System,Technology,Accessories,8652,
TEC-AC-10003180,"Belkin Router, USB",Technology,Accessories,8653,
TEC-AC-10003198,Enermax Acrylux Wireless Keyboard,Technology,Accessories,8654,
TEC-AC-10003217,"Enermax Keyboard, USB",Technology,Accessories,8655,
TEC-AC-10003237,Memorex Micro Travel Drive 4 GB,Technology,Accessories,8656,
TEC-AC-10003262,"Belkin Router, Erganomic",Technology,Accessories,8657,
TEC-AC-10003265,"Belkin Router, Bluetooth",Technology,Accessories,8658,
TEC-AC-10003276,"Enermax Router, USB",Technology,Accessories,8659,
TEC-AC-10003280,Belkin F8E887 USB Wired Ergonomic Keyboard,Technology,Accessories,8660,
TEC-AC-10003289,Anker Ultra-Slim Mini Bluetooth 3.0 Wireless Keyboard,Technology,Accessories,8661,
TEC-AC-10003294,"Enermax Flash Drive, USB",Technology,Accessories,8662,
TEC-AC-10003327,"Logitech Keyboard, Erganomic",Technology,Accessories,8663,
TEC-AC-10003334,"SanDisk Keyboard, Bluetooth",Technology,Accessories,8664,
TEC-AC-10003334,"Logitech Numeric Keypad, Programmable",Technology,Accessories,8665,
TEC-AC-10003335,"SanDisk Memory Card, Erganomic",Technology,Accessories,8666,
TEC-AC-10003343,"Logitech Flash Drive, Erganomic",Technology,Accessories,8667,
TEC-AC-10003367,"Enermax Memory Card, Programmable",Technology,Accessories,8668,
TEC-AC-10003399,Memorex Mini Travel Drive 64 GB USB 2.0 Flash Drive,Technology,Accessories,8669,
TEC-AC-10003400,"Memorex Flash Drive, USB",Technology,Accessories,8670,
TEC-AC-10003403,"Enermax Router, USB",Technology,Accessories,8671,
TEC-AC-10003407,"Memorex Mouse, Erganomic",Technology,Accessories,8672,
TEC-AC-10003408,"Enermax Keyboard, Programmable",Technology,Accessories,8673,
TEC-AC-10003413,"Logitech Router, Programmable",Technology,Accessories,8674,
TEC-AC-10003415,"SanDisk Router, Erganomic",Technology,Accessories,8675,
TEC-AC-10003416,"Memorex Mouse, USB",Technology,Accessories,8676,
TEC-AC-10003417,"SanDisk Memory Card, Programmable",Technology,Accessories,8677,
TEC-AC-10003422,"Enermax Keyboard, Programmable",Technology,Accessories,8678,
TEC-AC-10003433,Maxell 4.7GB DVD+R 5/Pack,Technology,Accessories,8679,
TEC-AC-10003441,Kingston Digital DataTraveler 32GB USB 2.0,Technology,Accessories,8680,
TEC-AC-10003447,Micropad Numeric Keypads,Technology,Accessories,8681,
TEC-AC-10003451,"Logitech Flash Drive, Erganomic",Technology,Accessories,8682,
TEC-AC-10003454,"Enermax Memory Card, Erganomic",Technology,Accessories,8683,
TEC-AC-10003463,"Enermax Numeric Keypad, USB",Technology,Accessories,8684,
TEC-AC-10003469,"SanDisk Router, USB",Technology,Accessories,8685,
TEC-AC-10003487,"Enermax Mouse, Erganomic",Technology,Accessories,8686,
TEC-AC-10003499,Memorex Mini Travel Drive 8 GB USB 2.0 Flash Drive,Technology,Accessories,8687,
TEC-AC-10003506,"Enermax Router, Erganomic",Technology,Accessories,8688,
TEC-AC-10003518,"Logitech Router, USB",Technology,Accessories,8689,
TEC-AC-10003533,"SanDisk Mouse, Bluetooth",Technology,Accessories,8690,
TEC-AC-10003548,"Logitech Flash Drive, Bluetooth",Technology,Accessories,8691,
TEC-AC-10003554,"Belkin Numeric Keypad, USB",Technology,Accessories,8692,
TEC-AC-10003556,"Belkin Keyboard, Bluetooth",Technology,Accessories,8693,
TEC-AC-10003569,"Logitech Numeric Keypad, Erganomic",Technology,Accessories,8694,
TEC-AC-10003570,"Memorex Flash Drive, Erganomic",Technology,Accessories,8695,
TEC-AC-10003571,"Memorex Numeric Keypad, Bluetooth",Technology,Accessories,8696,
TEC-AC-10003577,"Memorex Router, USB",Technology,Accessories,8697,
TEC-AC-10003590,"TRENDnet 56K USB 2.0 Phone, Internet and Fax Modem",Technology,Accessories,8698,
TEC-AC-10003610,Logitech Illuminated - Keyboard,Technology,Accessories,8699,
TEC-AC-10003611,"Memorex Mouse, USB",Technology,Accessories,8700,
TEC-AC-10003611,"Memorex Flash Drive, Programmable",Technology,Accessories,8701,
TEC-AC-10003614,"Verbatim 25 GB 6x Blu-ray Single Layer Recordable Disc, 10/Pack",Technology,Accessories,8702,
TEC-AC-10003615,"SanDisk Router, Programmable",Technology,Accessories,8703,
TEC-AC-10003626,"Enermax Numeric Keypad, Bluetooth",Technology,Accessories,8704,
TEC-AC-10003628,Logitech 910-002974 M325 Wireless Mouse for Web Scrolling,Technology,Accessories,8705,
TEC-AC-10003640,"SanDisk Mouse, Programmable",Technology,Accessories,8706,
TEC-AC-10003657,Lenovo 17-Key USB Numeric Keypad,Technology,Accessories,8707,
TEC-AC-10003659,"Memorex Memory Card, Programmable",Technology,Accessories,8708,
TEC-AC-10003666,"Memorex Router, Bluetooth",Technology,Accessories,8709,
TEC-AC-10003668,"Belkin Memory Card, Bluetooth",Technology,Accessories,8710,
TEC-AC-10003668,"Enermax Mouse, Programmable",Technology,Accessories,8711,
TEC-AC-10003681,"SanDisk Mouse, Erganomic",Technology,Accessories,8712,
TEC-AC-10003690,"Logitech Numeric Keypad, USB",Technology,Accessories,8713,
TEC-AC-10003704,"Memorex Flash Drive, Erganomic",Technology,Accessories,8714,
TEC-AC-10003709,Maxell 4.7GB DVD-R 5/Pack,Technology,Accessories,8715,
TEC-AC-10003711,"Memorex Mouse, Erganomic",Technology,Accessories,8716,
TEC-AC-10003725,"Memorex Flash Drive, Erganomic",Technology,Accessories,8717,
TEC-AC-10003734,"Memorex Numeric Keypad, Erganomic",Technology,Accessories,8718,
TEC-AC-10003738,"Enermax Mouse, Erganomic",Technology,Accessories,8719,
TEC-AC-10003750,"Memorex Memory Card, Erganomic",Technology,Accessories,8720,
TEC-AC-10003753,"SanDisk Router, Programmable",Technology,Accessories,8721,
TEC-AC-10003763,"Logitech Mouse, Programmable",Technology,Accessories,8722,
TEC-AC-10003776,"Belkin Flash Drive, Programmable",Technology,Accessories,8723,
TEC-AC-10003814,"Belkin Router, Programmable",Technology,Accessories,8724,
TEC-AC-10003824,"Logitech Numeric Keypad, Bluetooth",Technology,Accessories,8725,
TEC-AC-10003832,Logitech P710e Mobile Speakerphone,Technology,Accessories,8726,
TEC-AC-10003832,Imation 16GB Mini TravelDrive USB 2.0 Flash Drive,Technology,Accessories,8727,
TEC-AC-10003851,"Memorex Keyboard, Bluetooth",Technology,Accessories,8728,
TEC-AC-10003857,"Memorex Keyboard, Programmable",Technology,Accessories,8729,
TEC-AC-10003861,"Enermax Keyboard, Erganomic",Technology,Accessories,8730,
TEC-AC-10003870,Logitech Z-906 Speaker sys - home theater - 5.1-CH,Technology,Accessories,8731,
TEC-AC-10003873,"Memorex Mouse, Programmable",Technology,Accessories,8732,
TEC-AC-10003889,"Enermax Mouse, USB",Technology,Accessories,8733,
TEC-AC-10003895,"Enermax Mouse, Bluetooth",Technology,Accessories,8734,
TEC-AC-10003904,"SanDisk Keyboard, USB",Technology,Accessories,8735,
TEC-AC-10003911,NETGEAR AC1750 Dual Band Gigabit Smart WiFi Router,Technology,Accessories,8736,
TEC-AC-10003920,"Belkin Keyboard, Bluetooth",Technology,Accessories,8737,
TEC-AC-10003921,"Enermax Numeric Keypad, USB",Technology,Accessories,8738,
TEC-AC-10003927,"Belkin Numeric Keypad, Bluetooth",Technology,Accessories,8739,
TEC-AC-10003947,"SanDisk Keyboard, Bluetooth",Technology,Accessories,8740,
TEC-AC-10003951,"Belkin Mouse, Bluetooth",Technology,Accessories,8741,
TEC-AC-10003951,"Logitech Numeric Keypad, USB",Technology,Accessories,8742,
TEC-AC-10003955,"Memorex Router, Erganomic",Technology,Accessories,8743,
TEC-AC-10003964,"SanDisk Flash Drive, USB",Technology,Accessories,8744,
TEC-AC-10003969,"SanDisk Memory Card, USB",Technology,Accessories,8745,
TEC-AC-10003970,"SanDisk Numeric Keypad, Bluetooth",Technology,Accessories,8746,
TEC-AC-10003987,"Logitech Numeric Keypad, Programmable",Technology,Accessories,8747,
TEC-AC-10003989,"Enermax Numeric Keypad, Bluetooth",Technology,Accessories,8748,
TEC-AC-10004001,Logitech Wireless Headset H600 Over-The-Head Design,Technology,Accessories,8749,
TEC-AC-10004012,"Enermax Flash Drive, Erganomic",Technology,Accessories,8750,
TEC-AC-10004016,"Memorex Flash Drive, Programmable",Technology,Accessories,8751,
TEC-AC-10004018,"SanDisk Memory Card, USB",Technology,Accessories,8752,
TEC-AC-10004043,"Memorex Numeric Keypad, Erganomic",Technology,Accessories,8753,
TEC-AC-10004044,"SanDisk Mouse, Programmable",Technology,Accessories,8754,
TEC-AC-10004051,"Enermax Flash Drive, Programmable",Technology,Accessories,8755,
TEC-AC-10004054,"Memorex Memory Card, Erganomic",Technology,Accessories,8756,
TEC-AC-10004054,"Memorex Keyboard, Bluetooth",Technology,Accessories,8757,
TEC-AC-10004068,"Memorex Memory Card, USB",Technology,Accessories,8758,
TEC-AC-10004070,"Memorex Router, Programmable",Technology,Accessories,8759,
TEC-AC-10004081,"Logitech Keyboard, Bluetooth",Technology,Accessories,8760,
TEC-AC-10004094,"SanDisk Keyboard, Programmable",Technology,Accessories,8761,
TEC-AC-10004102,"SanDisk Mouse, USB",Technology,Accessories,8762,
TEC-AC-10004108,"Memorex Router, USB",Technology,Accessories,8763,
TEC-AC-10004114,KeyTronic 6101 Series - Keyboard - Black,Technology,Accessories,8764,
TEC-AC-10004117,"Logitech Flash Drive, Programmable",Technology,Accessories,8765,
TEC-AC-10004127,SanDisk Cruzer 8 GB USB Flash Drive,Technology,Accessories,8766,
TEC-AC-10004144,"SanDisk Numeric Keypad, Bluetooth",Technology,Accessories,8767,
TEC-AC-10004145,Logitech diNovo Edge Keyboard,Technology,Accessories,8768,
TEC-AC-10004171,"SanDisk Numeric Keypad, Bluetooth",Technology,Accessories,8769,
TEC-AC-10004171,Razer Kraken 7.1 Surround Sound Over Ear USB Gaming Headset,Technology,Accessories,8770,
TEC-AC-10004188,"Belkin Keyboard, USB",Technology,Accessories,8771,
TEC-AC-10004195,"Memorex Numeric Keypad, Bluetooth",Technology,Accessories,8772,
TEC-AC-10004196,"Belkin Memory Card, USB",Technology,Accessories,8773,
TEC-AC-10004203,"Logitech Flash Drive, Bluetooth",Technology,Accessories,8774,
TEC-AC-10004209,Memorex Froggy Flash Drive 4 GB,Technology,Accessories,8775,
TEC-AC-10004221,"Logitech Memory Card, Programmable",Technology,Accessories,8776,
TEC-AC-10004227,SanDisk Ultra 16 GB MicroSDHC Class 10 Memory Card,Technology,Accessories,8777,
TEC-AC-10004241,"Logitech Keyboard, USB",Technology,Accessories,8778,
TEC-AC-10004249,"Logitech Flash Drive, USB",Technology,Accessories,8779,
TEC-AC-10004252,"SanDisk Mouse, Bluetooth",Technology,Accessories,8780,
TEC-AC-10004269,"Belkin Memory Card, USB",Technology,Accessories,8781,
TEC-AC-10004289,"SanDisk Memory Card, Erganomic",Technology,Accessories,8782,
TEC-AC-10004306,"Belkin Keyboard, Bluetooth",Technology,Accessories,8783,
TEC-AC-10004317,"SanDisk Numeric Keypad, USB",Technology,Accessories,8784,
TEC-AC-10004334,"Belkin Memory Card, USB",Technology,Accessories,8785,
TEC-AC-10004334,"Belkin Mouse, Programmable",Technology,Accessories,8786,
TEC-AC-10004334,"Logitech Router, Erganomic",Technology,Accessories,8787,
TEC-AC-10004341,"Belkin Mouse, USB",Technology,Accessories,8788,
TEC-AC-10004353,Hypercom P1300 Pinpad,Technology,Accessories,8789,
TEC-AC-10004379,"SanDisk Flash Drive, Programmable",Technology,Accessories,8790,
TEC-AC-10004379,"Memorex Flash Drive, Bluetooth",Technology,Accessories,8791,
TEC-AC-10004393,"Belkin Flash Drive, Programmable",Technology,Accessories,8792,
TEC-AC-10004396,Logitech Keyboard K120,Technology,Accessories,8793,
TEC-AC-10004406,"Memorex Keyboard, USB",Technology,Accessories,8794,
TEC-AC-10004414,"Enermax Router, Bluetooth",Technology,Accessories,8795,
TEC-AC-10004420,Cherry 142-key Programmable Keyboard,Technology,Accessories,8796,
TEC-AC-10004429,"Enermax Keyboard, USB",Technology,Accessories,8797,
TEC-AC-10004434,"Memorex Flash Drive, USB",Technology,Accessories,8798,
TEC-AC-10004451,"SanDisk Mouse, Bluetooth",Technology,Accessories,8799,
TEC-AC-10004469,Microsoft Sculpt Comfort Mouse,Technology,Accessories,8800,
TEC-AC-10004478,"SanDisk Numeric Keypad, Bluetooth",Technology,Accessories,8801,
TEC-AC-10004487,"Memorex Router, Erganomic",Technology,Accessories,8802,
TEC-AC-10004508,"SanDisk Numeric Keypad, Bluetooth",Technology,Accessories,8803,
TEC-AC-10004510,Logitech Desktop MK120 Mouse and keyboard Combo,Technology,Accessories,8804,
TEC-AC-10004518,Memorex Mini Travel Drive 32 GB USB 2.0 Flash Drive,Technology,Accessories,8805,
TEC-AC-10004520,"Memorex Flash Drive, Bluetooth",Technology,Accessories,8806,
TEC-AC-10004539,"Logitech Flash Drive, USB",Technology,Accessories,8807,
TEC-AC-10004556,"Enermax Memory Card, Programmable",Technology,Accessories,8808,
TEC-AC-10004557,"Logitech Mouse, USB",Technology,Accessories,8809,
TEC-AC-10004562,"Enermax Flash Drive, Programmable",Technology,Accessories,8810,
TEC-AC-10004566,"Belkin Mouse, USB",Technology,Accessories,8811,
TEC-AC-10004568,Maxell LTO Ultrium - 800 GB,Technology,Accessories,8812,
TEC-AC-10004571,Logitech G700s Rechargeable Gaming Mouse,Technology,Accessories,8813,
TEC-AC-10004571,"Logitech Router, Programmable",Technology,Accessories,8814,
TEC-AC-10004586,"Belkin Flash Drive, Bluetooth",Technology,Accessories,8815,
TEC-AC-10004591,"Logitech Memory Card, Bluetooth",Technology,Accessories,8816,
TEC-AC-10004595,First Data TMFD35 PIN Pad,Technology,Accessories,8817,
TEC-AC-10004604,"SanDisk Mouse, Bluetooth",Technology,Accessories,8818,
TEC-AC-10004620,"Belkin Flash Drive, USB",Technology,Accessories,8819,
TEC-AC-10004626,"Belkin Router, Erganomic",Technology,Accessories,8820,
TEC-AC-10004633,"Verbatim 25 GB 6x Blu-ray Single Layer Recordable Disc, 3/Pack",Technology,Accessories,8821,
TEC-AC-10004652,"Belkin Mouse, Erganomic",Technology,Accessories,8822,
TEC-AC-10004659,Imation Secure+ Hardware Encrypted USB 2.0 Flash Drive; 16GB,Technology,Accessories,8823,
TEC-AC-10004666,Maxell iVDR EX 500GB Cartridge,Technology,Accessories,8824,
TEC-AC-10004679,"Enermax Flash Drive, Programmable",Technology,Accessories,8825,
TEC-AC-10004683,"Memorex Flash Drive, USB",Technology,Accessories,8826,
TEC-AC-10004696,"Logitech Mouse, Programmable",Technology,Accessories,8827,
TEC-AC-10004704,"SanDisk Numeric Keypad, USB",Technology,Accessories,8828,
TEC-AC-10004704,"Logitech Numeric Keypad, Bluetooth",Technology,Accessories,8829,
TEC-AC-10004708,Sony 32GB Class 10 Micro SDHC R40 Memory Card,Technology,Accessories,8830,
TEC-AC-10004709,"Logitech Flash Drive, USB",Technology,Accessories,8831,
TEC-AC-10004713,"Logitech Mouse, Erganomic",Technology,Accessories,8832,
TEC-AC-10004715,"Memorex Mouse, Erganomic",Technology,Accessories,8833,
TEC-AC-10004743,"Logitech Router, USB",Technology,Accessories,8834,
TEC-AC-10004752,"Memorex Keyboard, Erganomic",Technology,Accessories,8835,
TEC-AC-10004753,"Logitech Memory Card, Erganomic",Technology,Accessories,8836,
TEC-AC-10004761,Maxell 4.7GB DVD+RW 3/Pack,Technology,Accessories,8837,
TEC-AC-10004773,"Memorex Flash Drive, Bluetooth",Technology,Accessories,8838,
TEC-AC-10004791,"Belkin Keyboard, USB",Technology,Accessories,8839,
TEC-AC-10004801,"Logitech Mouse, Programmable",Technology,Accessories,8840,
TEC-AC-10004803,Sony Micro Vault Click 4 GB USB 2.0 Flash Drive,Technology,Accessories,8841,
TEC-AC-10004808,"Memorex Router, Erganomic",Technology,Accessories,8842,
TEC-AC-10004811,"Memorex Flash Drive, USB",Technology,Accessories,8843,
TEC-AC-10004812,"SanDisk Mouse, Erganomic",Technology,Accessories,8844,
TEC-AC-10004813,"SanDisk Keyboard, Bluetooth",Technology,Accessories,8845,
TEC-AC-10004814,Logitech Illuminated Ultrathin Keyboard with Backlighting,Technology,Accessories,8846,
TEC-AC-10004848,"SanDisk Memory Card, Erganomic",Technology,Accessories,8847,
TEC-AC-10004849,"SanDisk Router, Programmable",Technology,Accessories,8848,
TEC-AC-10004853,"Logitech Memory Card, Programmable",Technology,Accessories,8849,
TEC-AC-10004855,V7 USB Numeric Keypad,Technology,Accessories,8850,
TEC-AC-10004859,"Maxell Pro 80 Minute CD-R, 10/Pack",Technology,Accessories,8851,
TEC-AC-10004864,Memorex Micro Travel Drive 32 GB,Technology,Accessories,8852,
TEC-AC-10004877,Imation 30456 USB Flash Drive 8GB,Technology,Accessories,8853,
TEC-AC-10004880,"Logitech Keyboard, Programmable",Technology,Accessories,8854,
TEC-AC-10004883,"Logitech Keyboard, Bluetooth",Technology,Accessories,8855,
TEC-AC-10004883,"Enermax Keyboard, Programmable",Technology,Accessories,8856,
TEC-AC-10004897,"Logitech Keyboard, Programmable",Technology,Accessories,8857,
TEC-AC-10004901,Kensington SlimBlade Notebook Wireless Mouse with Nano Receiver,Technology,Accessories,8858,
TEC-AC-10004904,"Enermax Mouse, Erganomic",Technology,Accessories,8859,
TEC-AC-10004938,"Belkin Mouse, Bluetooth",Technology,Accessories,8860,
TEC-AC-10004938,"Memorex Router, Bluetooth",Technology,Accessories,8861,
TEC-AC-10004939,"Memorex Mouse, Bluetooth",Technology,Accessories,8862,
TEC-AC-10004951,"Memorex Mouse, Erganomic",Technology,Accessories,8863,
TEC-AC-10004975,Plantronics Audio 995 Wireless Stereo Headset,Technology,Accessories,8864,
TEC-AC-10004975,"SanDisk Numeric Keypad, Erganomic",Technology,Accessories,8865,
TEC-AC-10004992,Kingston Digital DataTraveler 64GB USB 2.0,Technology,Accessories,8866,
TEC-AC-10004997,"Belkin Memory Card, Bluetooth",Technology,Accessories,8867,
TEC-BEL-10000485,"Belkin Numeric Keypad, Bluetooth",Technology,Accessories,8891,
TEC-BEL-10000681,"Belkin Mouse, USB",Technology,Accessories,8892,
TEC-BEL-10000696,"Belkin Mouse, Programmable",Technology,Accessories,8893,
TEC-BEL-10001189,"Belkin Router, Erganomic",Technology,Accessories,8894,
TEC-BEL-10001391,"Belkin Numeric Keypad, USB",Technology,Accessories,8895,
TEC-BEL-10001689,"Belkin Router, Programmable",Technology,Accessories,8896,
TEC-BEL-10001971,"Belkin Flash Drive, USB",Technology,Accessories,8897,
TEC-BEL-10002106,"Belkin Memory Card, Bluetooth",Technology,Accessories,8898,
TEC-BEL-10002153,"Belkin Flash Drive, Bluetooth",Technology,Accessories,8899,
TEC-BEL-10002178,"Belkin Flash Drive, Programmable",Technology,Accessories,8900,
TEC-BEL-10002207,"Belkin Memory Card, USB",Technology,Accessories,8901,
TEC-BEL-10002324,"Belkin Keyboard, Bluetooth",Technology,Accessories,8902,
TEC-BEL-10002476,"Belkin Router, Bluetooth",Technology,Accessories,8903,
TEC-BEL-10002516,"Belkin Mouse, Bluetooth",Technology,Accessories,8904,
TEC-BEL-10002678,"Belkin Memory Card, Erganomic",Technology,Accessories,8905,
TEC-BEL-10003177,"Belkin Keyboard, Erganomic",Technology,Accessories,8906,
TEC-BEL-10003311,"Belkin Keyboard, USB",Technology,Accessories,8907,
TEC-BEL-10003875,"Belkin Memory Card, Programmable",Technology,Accessories,8908,
TEC-BEL-10003896,"Belkin Mouse, Erganomic",Technology,Accessories,8909,
TEC-BEL-10003985,"Belkin Router, USB",Technology,Accessories,8910,
TEC-BEL-10004162,"Belkin Flash Drive, Erganomic",Technology,Accessories,8911,
TEC-BEL-10004386,"Belkin Numeric Keypad, Bluetooth",Technology,Accessories,8912,
TEC-BEL-10004950,"Belkin Numeric Keypad, Erganomic",Technology,Accessories,8913,
TEC-ENE-10000154,"Enermax Router, Bluetooth",Technology,Accessories,9406,
TEC-ENE-10000235,"Enermax Mouse, Programmable",Technology,Accessories,9407,
TEC-ENE-10000690,"Enermax Keyboard, USB",Technology,Accessories,9408,
TEC-ENE-10000817,"Enermax Mouse, USB",Technology,Accessories,9409,
TEC-ENE-10000895,"Enermax Mouse, Bluetooth",Technology,Accessories,9410,
TEC-ENE-10000995,"Enermax Memory Card, USB",Technology,Accessories,9411,
TEC-ENE-10001355,"Enermax Numeric Keypad, USB",Technology,Accessories,9412,
TEC-ENE-10001466,"Enermax Memory Card, Erganomic",Technology,Accessories,9413,
TEC-ENE-10001541,"Enermax Router, USB",Technology,Accessories,9414,
TEC-ENE-10002254,"Enermax Keyboard, Programmable",Technology,Accessories,9415,
TEC-ENE-10002686,"Enermax Numeric Keypad, Erganomic",Technology,Accessories,9416,
TEC-ENE-10002744,"Enermax Numeric Keypad, Bluetooth",Technology,Accessories,9417,
TEC-ENE-10003090,"Enermax Memory Card, Programmable",Technology,Accessories,9418,
TEC-ENE-10003125,"Enermax Flash Drive, Programmable",Technology,Accessories,9419,
TEC-ENE-10003801,"Enermax Flash Drive, USB",Technology,Accessories,9420,
TEC-ENE-10003873,"Enermax Numeric Keypad, Bluetooth",Technology,Accessories,9421,
TEC-ENE-10004052,"Enermax Flash Drive, Erganomic",Technology,Accessories,9422,
TEC-ENE-10004192,"Enermax Keyboard, Bluetooth",Technology,Accessories,9423,
TEC-ENE-10004236,"Enermax Flash Drive, Bluetooth",Technology,Accessories,9424,
TEC-ENE-10004509,"Enermax Router, Programmable",Technology,Accessories,9425,
TEC-ENE-10004520,"Enermax Mouse, Erganomic",Technology,Accessories,9426,
TEC-ENE-10004627,"Enermax Router, Erganomic",Technology,Accessories,9427,
TEC-ENE-10004728,"Enermax Keyboard, Erganomic",Technology,Accessories,9428,
TEC-ENE-10005000,"Enermax Memory Card, Bluetooth",Technology,Accessories,9429,
TEC-LOG-10000368,"Logitech Flash Drive, Programmable",Technology,Accessories,9522,
TEC-LOG-10000546,"Logitech Mouse, Bluetooth",Technology,Accessories,9523,
TEC-LOG-10001123,"Logitech Memory Card, Bluetooth",Technology,Accessories,9524,
TEC-LOG-10001137,"Logitech Keyboard, Bluetooth",Technology,Accessories,9525,
TEC-LOG-10001434,"Logitech Keyboard, USB",Technology,Accessories,9526,
TEC-LOG-10001482,"Logitech Keyboard, Erganomic",Technology,Accessories,9527,
TEC-LOG-10001629,"Logitech Mouse, Programmable",Technology,Accessories,9528,
TEC-LOG-10001750,"Logitech Mouse, USB",Technology,Accessories,9529,
TEC-LOG-10001871,"Logitech Router, USB",Technology,Accessories,9530,
TEC-LOG-10002018,"Logitech Memory Card, Erganomic",Technology,Accessories,9531,
TEC-LOG-10002218,"Logitech Numeric Keypad, USB",Technology,Accessories,9532,
TEC-LOG-10002262,"Logitech Flash Drive, Bluetooth",Technology,Accessories,9533,
TEC-LOG-10002431,"Logitech Numeric Keypad, Bluetooth",Technology,Accessories,9534,
TEC-LOG-10002589,"Logitech Memory Card, USB",Technology,Accessories,9535,
TEC-LOG-10003079,"Logitech Flash Drive, Erganomic",Technology,Accessories,9536,
TEC-LOG-10003254,"Logitech Keyboard, Programmable",Technology,Accessories,9537,
TEC-LOG-10003539,"Logitech Mouse, Erganomic",Technology,Accessories,9538,
TEC-LOG-10003634,"Logitech Numeric Keypad, Programmable",Technology,Accessories,9539,
TEC-LOG-10003651,"Logitech Router, Programmable",Technology,Accessories,9540,
TEC-LOG-10003896,"Logitech Router, Erganomic",Technology,Accessories,9541,
TEC-LOG-10003995,"Logitech Numeric Keypad, Erganomic",Technology,Accessories,9542,
TEC-LOG-10004405,"Logitech Router, Bluetooth",Technology,Accessories,9543,
TEC-LOG-10004419,"Logitech Flash Drive, USB",Technology,Accessories,9544,
TEC-LOG-10004917,"Logitech Memory Card, Programmable",Technology,Accessories,9545,
TEC-MEM-10000178,"Memorex Keyboard, Programmable",Technology,Accessories,9945,
TEC-MEM-10000263,"Memorex Flash Drive, Programmable",Technology,Accessories,9946,
TEC-MEM-10000312,"Memorex Mouse, Programmable",Technology,Accessories,9947,
TEC-MEM-10000374,"Memorex Router, Programmable",Technology,Accessories,9948,
TEC-MEM-10000582,"Memorex Flash Drive, Bluetooth",Technology,Accessories,9949,
TEC-MEM-10000649,"Memorex Numeric Keypad, Bluetooth",Technology,Accessories,9950,
TEC-MEM-10000723,"Memorex Mouse, Bluetooth",Technology,Accessories,9951,
TEC-MEM-10000919,"Memorex Keyboard, USB",Technology,Accessories,9952,
TEC-MEM-10001163,"Memorex Mouse, Erganomic",Technology,Accessories,9953,
TEC-MEM-10001409,"Memorex Keyboard, Bluetooth",Technology,Accessories,9954,
TEC-MEM-10001436,"Memorex Memory Card, USB",Technology,Accessories,9955,
TEC-MEM-10001732,"Memorex Numeric Keypad, USB",Technology,Accessories,9956,
TEC-MEM-10002005,"Memorex Router, Erganomic",Technology,Accessories,9957,
TEC-MEM-10002202,"Memorex Router, USB",Technology,Accessories,9958,
TEC-MEM-10002280,"Memorex Flash Drive, Erganomic",Technology,Accessories,9959,
TEC-MEM-10002524,"Memorex Mouse, USB",Technology,Accessories,9960,
TEC-MEM-10002883,"Memorex Memory Card, Erganomic",Technology,Accessories,9961,
TEC-MEM-10002919,"Memorex Flash Drive, USB",Technology,Accessories,9962,
TEC-MEM-10003302,"Memorex Numeric Keypad, Erganomic",Technology,Accessories,9963,
TEC-MEM-10003743,"Memorex Numeric Keypad, Bluetooth",Technology,Accessories,9964,
TEC-MEM-10004014,"Memorex Router, Bluetooth",Technology,Accessories,9965,
TEC-MEM-10004524,"Memorex Memory Card, Programmable",Technology,Accessories,9966,
TEC-MEM-10004782,"Memorex Keyboard, Erganomic",Technology,Accessories,9967,
TEC-SAN-10000060,"SanDisk Mouse, Bluetooth",Technology,Accessories,10698,
TEC-SAN-10000142,"SanDisk Mouse, Erganomic",Technology,Accessories,10699,
TEC-SAN-10000235,"SanDisk Router, USB",Technology,Accessories,10700,
TEC-SAN-10000250,"SanDisk Memory Card, USB",Technology,Accessories,10701,
TEC-SAN-10000260,"SanDisk Keyboard, Programmable",Technology,Accessories,10702,
TEC-SAN-10000740,"SanDisk Numeric Keypad, Bluetooth",Technology,Accessories,10703,
TEC-SAN-10001506,"SanDisk Router, Programmable",Technology,Accessories,10704,
TEC-SAN-10001738,"SanDisk Mouse, Programmable",Technology,Accessories,10705,
TEC-SAN-10001899,"SanDisk Keyboard, Erganomic",Technology,Accessories,10706,
TEC-SAN-10002254,"SanDisk Mouse, USB",Technology,Accessories,10707,
TEC-SAN-10002477,"SanDisk Flash Drive, Bluetooth",Technology,Accessories,10708,
TEC-SAN-10002684,"SanDisk Flash Drive, USB",Technology,Accessories,10709,
TEC-SAN-10002871,"SanDisk Numeric Keypad, USB",Technology,Accessories,10710,
TEC-SAN-10002954,"SanDisk Memory Card, Programmable",Technology,Accessories,10711,
TEC-SAN-10003238,"SanDisk Router, Erganomic",Technology,Accessories,10712,
TEC-SAN-10003336,"SanDisk Numeric Keypad, Erganomic",Technology,Accessories,10713,
TEC-SAN-10003793,"SanDisk Memory Card, Erganomic",Technology,Accessories,10714,
TEC-SAN-10004027,"SanDisk Memory Card, Bluetooth",Technology,Accessories,10715,
TEC-SAN-10004181,"SanDisk Keyboard, USB",Technology,Accessories,10716,
TEC-SAN-10004215,"SanDisk Keyboard, Bluetooth",Technology,Accessories,10717,
TEC-SAN-10004424,"SanDisk Router, Bluetooth",Technology,Accessories,10718,
TEC-SAN-10004721,"SanDisk Numeric Keypad, Bluetooth",Technology,Accessories,10719,
TEC-SAN-10004885,"SanDisk Flash Drive, Erganomic",Technology,Accessories,10720,
TEC-SAN-10004999,"SanDisk Flash Drive, Programmable",Technology,Accessories,10721,
TEC-APP-10000135,"Apple Office Telephone, with Caller ID",Technology,Phones,8868,
TEC-APP-10000308,"Apple Smart Phone, Full Size",Technology,Phones,8869,
TEC-APP-10000530,"Apple Audio Dock, VoIP",Technology,Phones,8870,
TEC-APP-10001108,"Apple Headset, with Caller ID",Technology,Phones,8871,
TEC-APP-10001340,"Apple Headset, VoIP",Technology,Phones,8872,
TEC-APP-10001389,"Apple Audio Dock, with Caller ID",Technology,Phones,8873,
TEC-APP-10001586,"Apple Speaker Phone, VoIP",Technology,Phones,8874,
TEC-APP-10001732,"Apple Headset, Cordless",Technology,Phones,8875,
TEC-APP-10001851,"Apple Headset, Full Size",Technology,Phones,8876,
TEC-APP-10001965,"Apple Office Telephone, Full Size",Technology,Phones,8877,
TEC-APP-10002310,"Apple Office Telephone, Cordless",Technology,Phones,8878,
TEC-APP-10002321,"Apple Signal Booster, Full Size",Technology,Phones,8879,
TEC-APP-10002829,"Apple Audio Dock, Full Size",Technology,Phones,8880,
TEC-APP-10002966,"Apple Smart Phone, Full Size",Technology,Phones,8881,
TEC-APP-10003032,"Apple Audio Dock, Cordless",Technology,Phones,8882,
TEC-APP-10003588,"Apple Signal Booster, with Caller ID",Technology,Phones,8883,
TEC-APP-10004049,"Apple Speaker Phone, Cordless",Technology,Phones,8884,
TEC-APP-10004296,"Apple Speaker Phone, Full Size",Technology,Phones,8885,
TEC-APP-10004464,"Apple Signal Booster, VoIP",Technology,Phones,8886,
TEC-APP-10004469,"Apple Signal Booster, Cordless",Technology,Phones,8887,
TEC-APP-10004584,"Apple Office Telephone, VoIP",Technology,Phones,8888,
TEC-APP-10004657,"Apple Smart Phone, Cordless",Technology,Phones,8889,
TEC-APP-10004912,"Apple Speaker Phone, with Caller ID",Technology,Phones,8890,
TEC-CIS-10000351,"Cisco Signal Booster, Cordless",Technology,Phones,8961,
TEC-CIS-10000436,"Cisco Speaker Phone, with Caller ID",Technology,Phones,8962,
TEC-CIS-10000758,"Cisco Smart Phone, Full Size",Technology,Phones,8963,
TEC-CIS-10000791,"Cisco Audio Dock, Full Size",Technology,Phones,8964,
TEC-CIS-10001122,"Cisco Speaker Phone, VoIP",Technology,Phones,8965,
TEC-CIS-10001661,"Cisco Signal Booster, VoIP",Technology,Phones,8966,
TEC-CIS-10001717,"Cisco Smart Phone, with Caller ID",Technology,Phones,8967,
TEC-CIS-10001767,"Cisco Office Telephone, Cordless",Technology,Phones,8968,
TEC-CIS-10001877,"Cisco Office Telephone, with Caller ID",Technology,Phones,8969,
TEC-CIS-10001938,"Cisco Audio Dock, VoIP",Technology,Phones,8970,
TEC-CIS-10002153,"Cisco Audio Dock, Cordless",Technology,Phones,8971,
TEC-CIS-10002259,"Cisco Smart Phone, Cordless",Technology,Phones,8972,
TEC-CIS-10002344,"Cisco Smart Phone, Full Size",Technology,Phones,8973,
TEC-CIS-10002544,"Cisco Headset, Full Size",Technology,Phones,8974,
TEC-CIS-10002565,"Cisco Speaker Phone, Full Size",Technology,Phones,8975,
TEC-CIS-10002598,"Cisco Audio Dock, with Caller ID",Technology,Phones,8976,
TEC-CIS-10002814,"Cisco Headset, Cordless",Technology,Phones,8977,
TEC-CIS-10002986,"Cisco Speaker Phone, Cordless",Technology,Phones,8978,
TEC-CIS-10003017,"Cisco Signal Booster, with Caller ID",Technology,Phones,8979,
TEC-CIS-10003103,"Cisco Office Telephone, VoIP",Technology,Phones,8980,
TEC-CIS-10003439,"Cisco Headset, VoIP",Technology,Phones,8981,
TEC-CIS-10003501,"Cisco Signal Booster, Full Size",Technology,Phones,8982,
TEC-CIS-10003676,"Cisco Headset, with Caller ID",Technology,Phones,8983,
TEC-CIS-10004967,"Cisco Office Telephone, Full Size",Technology,Phones,8984,
TEC-MOT-10000554,"Motorola Smart Phone, Full Size",Technology,Phones,9968,
TEC-MOT-10000851,"Motorola Headset, with Caller ID",Technology,Phones,9969,
TEC-MOT-10000939,"Motorola Speaker Phone, Cordless",Technology,Phones,9970,
TEC-MOT-10001088,"Motorola Audio Dock, VoIP",Technology,Phones,9971,
TEC-MOT-10001178,"Motorola Signal Booster, with Caller ID",Technology,Phones,9972,
TEC-MOT-10001196,"Motorola Audio Dock, Cordless",Technology,Phones,9973,
TEC-MOT-10001244,"Motorola Audio Dock, with Caller ID",Technology,Phones,9974,
TEC-MOT-10001342,"Motorola Signal Booster, VoIP",Technology,Phones,9975,
TEC-MOT-10001535,"Motorola Headset, VoIP",Technology,Phones,9976,
TEC-MOT-10001927,"Motorola Speaker Phone, VoIP",Technology,Phones,9977,
TEC-MOT-10001950,"Motorola Headset, Full Size",Technology,Phones,9978,
TEC-MOT-10002260,"Motorola Office Telephone, Cordless",Technology,Phones,9979,
TEC-MOT-10002272,"Motorola Smart Phone, with Caller ID",Technology,Phones,9980,
TEC-MOT-10002372,"Motorola Speaker Phone, Full Size",Technology,Phones,9981,
TEC-MOT-10002560,"Motorola Signal Booster, Full Size",Technology,Phones,9982,
TEC-MOT-10002689,"Motorola Headset, Cordless",Technology,Phones,9983,
TEC-MOT-10002855,"Motorola Speaker Phone, with Caller ID",Technology,Phones,9984,
TEC-MOT-10003050,"Motorola Smart Phone, Cordless",Technology,Phones,9985,
TEC-MOT-10003348,"Motorola Smart Phone, Full Size",Technology,Phones,9986,
TEC-MOT-10003366,"Motorola Audio Dock, Full Size",Technology,Phones,9987,
TEC-MOT-10004111,"Motorola Office Telephone, with Caller ID",Technology,Phones,9988,
TEC-MOT-10004136,"Motorola Signal Booster, Cordless",Technology,Phones,9989,
TEC-MOT-10004345,"Motorola Office Telephone, Full Size",Technology,Phones,9990,
TEC-MOT-10004682,"Motorola Office Telephone, VoIP",Technology,Phones,9991,
TEC-NOK-10000002,"Nokia Headset, with Caller ID",Technology,Phones,9992,
TEC-NOK-10000534,"Nokia Smart Phone, with Caller ID",Technology,Phones,9993,
TEC-NOK-10000784,"Nokia Speaker Phone, Cordless",Technology,Phones,9994,
TEC-NOK-10001058,"Nokia Office Telephone, Full Size",Technology,Phones,9995,
TEC-NOK-10001070,"Nokia Speaker Phone, with Caller ID",Technology,Phones,9996,
TEC-NOK-10001172,"Nokia Speaker Phone, VoIP",Technology,Phones,9997,
TEC-NOK-10001219,"Nokia Signal Booster, Cordless",Technology,Phones,9998,
TEC-NOK-10001282,"Nokia Signal Booster, with Caller ID",Technology,Phones,9999,
TEC-NOK-10001283,"Nokia Smart Phone, Full Size",Technology,Phones,10000,
TEC-NOK-10001319,"Nokia Headset, Full Size",Technology,Phones,10001,
TEC-NOK-10001678,"Nokia Audio Dock, Cordless",Technology,Phones,10002,
TEC-NOK-10001844,"Nokia Office Telephone, with Caller ID",Technology,Phones,10003,
TEC-NOK-10002555,"Nokia Audio Dock, VoIP",Technology,Phones,10004,
TEC-NOK-10002716,"Nokia Audio Dock, with Caller ID",Technology,Phones,10005,
TEC-NOK-10003034,"Nokia Speaker Phone, Full Size",Technology,Phones,10006,
TEC-NOK-10003341,"Nokia Headset, Cordless",Technology,Phones,10007,
TEC-NOK-10003560,"Nokia Headset, VoIP",Technology,Phones,10008,
TEC-NOK-10003562,"Nokia Audio Dock, Full Size",Technology,Phones,10009,
TEC-NOK-10003743,"Nokia Signal Booster, VoIP",Technology,Phones,10010,
TEC-NOK-10004183,"Nokia Office Telephone, VoIP",Technology,Phones,10011,
TEC-NOK-10004278,"Nokia Signal Booster, Full Size",Technology,Phones,10012,
TEC-NOK-10004339,"Nokia Smart Phone, Cordless",Technology,Phones,10013,
TEC-NOK-10004541,"Nokia Office Telephone, Cordless",Technology,Phones,10014,
TEC-PH-10000004,Belkin iPhone and iPad Lightning Cable,Technology,Phones,10060,
TEC-PH-10000004,"Cisco Headset, with Caller ID",Technology,Phones,10061,
TEC-PH-10000011,PureGear Roll-On Screen Protector,Technology,Phones,10062,
TEC-PH-10000014,"Motorola Headset, VoIP",Technology,Phones,10063,
TEC-PH-10000018,"Nokia Smart Phone, Full Size",Technology,Phones,10064,
TEC-PH-10000019,"Motorola Audio Dock, Full Size",Technology,Phones,10065,
TEC-PH-10000026,"Nokia Office Telephone, Cordless",Technology,Phones,10066,
TEC-PH-10000030,"Samsung Smart Phone, with Caller ID",Technology,Phones,10067,
TEC-PH-10000036,"Nokia Smart Phone, Full Size",Technology,Phones,10068,
TEC-PH-10000037,"Cisco Signal Booster, Cordless",Technology,Phones,10069,
TEC-PH-10000038,"Nokia Speaker Phone, with Caller ID",Technology,Phones,10070,
TEC-PH-10000038,Jawbone MINI JAMBOX Wireless Bluetooth Speaker,Technology,Phones,10071,
TEC-PH-10000070,"Nokia Headset, with Caller ID",Technology,Phones,10072,
TEC-PH-10000072,"Cisco Speaker Phone, VoIP",Technology,Phones,10073,
TEC-PH-10000087,"Apple Signal Booster, Cordless",Technology,Phones,10074,
TEC-PH-10000100,"Motorola Office Telephone, Full Size",Technology,Phones,10075,
TEC-PH-10000106,"Apple Smart Phone, Full Size",Technology,Phones,10076,
TEC-PH-10000127,iOttie XL Car Mount,Technology,Phones,10077,
TEC-PH-10000141,Clearsounds A400,Technology,Phones,10078,
TEC-PH-10000148,Cyber Acoustics AC-202b Speech Recognition Stereo Headset,Technology,Phones,10079,
TEC-PH-10000149,Cisco SPA525G2 IP Phone - Wireless,Technology,Phones,10080,
TEC-PH-10000158,"Apple Signal Booster, VoIP",Technology,Phones,10081,
TEC-PH-10000160,"Motorola Signal Booster, Cordless",Technology,Phones,10082,
TEC-PH-10000160,"Motorola Smart Phone, with Caller ID",Technology,Phones,10083,
TEC-PH-10000169,ARKON Windshield Dashboard Air Vent Car Mount Holder,Technology,Phones,10084,
TEC-PH-10000169,"Apple Smart Phone, with Caller ID",Technology,Phones,10085,
TEC-PH-10000193,Jensen SMPS-640 - speaker phone,Technology,Phones,10086,
TEC-PH-10000213,Seidio BD2-HK3IPH5-BK DILEX Case and Holster Combo for Apple iPhone 5/5s - Black,Technology,Phones,10087,
TEC-PH-10000214,"Apple Speaker Phone, VoIP",Technology,Phones,10088,
TEC-PH-10000215,Plantronics Cordless Phone Headset with In-line Volume - M214C,Technology,Phones,10089,
TEC-PH-10000237,"Motorola Office Telephone, with Caller ID",Technology,Phones,10090,
TEC-PH-10000258,"Motorola Audio Dock, Cordless",Technology,Phones,10091,
TEC-PH-10000270,"Apple Office Telephone, VoIP",Technology,Phones,10092,
TEC-PH-10000286,"Motorola Signal Booster, with Caller ID",Technology,Phones,10093,
TEC-PH-10000289,"Samsung Audio Dock, Full Size",Technology,Phones,10094,
TEC-PH-10000292,"Samsung Office Telephone, Full Size",Technology,Phones,10095,
TEC-PH-10000297,"Apple Office Telephone, with Caller ID",Technology,Phones,10096,
TEC-PH-10000298,"Nokia Speaker Phone, Cordless",Technology,Phones,10097,
TEC-PH-10000303,"Samsung Smart Phone, VoIP",Technology,Phones,10098,
TEC-PH-10000307,Shocksock Galaxy S4 Armband,Technology,Phones,10099,
TEC-PH-10000309,"Motorola Audio Dock, with Caller ID",Technology,Phones,10100,
TEC-PH-10000332,"Samsung Smart Phone, VoIP",Technology,Phones,10101,
TEC-PH-10000342,"Samsung Office Telephone, Full Size",Technology,Phones,10102,
TEC-PH-10000347,"Cisco Speaker Phone, VoIP",Technology,Phones,10103,
TEC-PH-10000347,Cush Cases Heavy Duty Rugged Cover Case for Samsung Galaxy S5 - Purple,Technology,Phones,10104,
TEC-PH-10000358,"Samsung Headset, with Caller ID",Technology,Phones,10105,
TEC-PH-10000365,"Cisco Office Telephone, with Caller ID",Technology,Phones,10106,
TEC-PH-10000369,HTC One Mini,Technology,Phones,10107,
TEC-PH-10000373,"Motorola Speaker Phone, with Caller ID",Technology,Phones,10108,
TEC-PH-10000376,Square Credit Card Reader,Technology,Phones,10109,
TEC-PH-10000381,"Apple Signal Booster, Full Size",Technology,Phones,10110,
TEC-PH-10000412,"Cisco Office Telephone, Full Size",Technology,Phones,10111,
TEC-PH-10000419,"Apple Smart Phone, Full Size",Technology,Phones,10112,
TEC-PH-10000437,"Cisco Signal Booster, VoIP",Technology,Phones,10113,
TEC-PH-10000439,GE DSL Phone Line Filter,Technology,Phones,10114,
TEC-PH-10000441,VTech DS6151,Technology,Phones,10115,
TEC-PH-10000455,GE 30522EE2,Technology,Phones,10116,
TEC-PH-10000458,"Nokia Office Telephone, Full Size",Technology,Phones,10117,
TEC-PH-10000486,Plantronics HL10 Handset Lifter,Technology,Phones,10118,
TEC-PH-10000490,"Motorola Audio Dock, Full Size",Technology,Phones,10119,
TEC-PH-10000493,"Apple Smart Phone, Full Size",Technology,Phones,10120,
TEC-PH-10000494,"Apple Speaker Phone, Cordless",Technology,Phones,10121,
TEC-PH-10000497,"Nokia Office Telephone, Cordless",Technology,Phones,10122,
TEC-PH-10000499,"Motorola Smart Phone, Full Size",Technology,Phones,10123,
TEC-PH-10000505,"Apple Smart Phone, with Caller ID",Technology,Phones,10124,
TEC-PH-10000526,Vtech CS6719,Technology,Phones,10125,
TEC-PH-10000560,Samsung Galaxy S III - 16GB - pebble blue (T-Mobile),Technology,Phones,10126,
TEC-PH-10000562,Samsung Convoy 3,Technology,Phones,10127,
TEC-PH-10000571,"Apple Audio Dock, with Caller ID",Technology,Phones,10128,
TEC-PH-10000576,AT&T 1080 Corded phone,Technology,Phones,10129,
TEC-PH-10000577,"Samsung Headset, Cordless",Technology,Phones,10130,
TEC-PH-10000586,AT&T SB67148 SynJ,Technology,Phones,10131,
TEC-PH-10000599,"Samsung Audio Dock, Cordless",Technology,Phones,10132,
TEC-PH-10000611,"Samsung Signal Booster, VoIP",Technology,Phones,10133,
TEC-PH-10000641,"Motorola Headset, Full Size",Technology,Phones,10134,
TEC-PH-10000647,"Samsung Office Telephone, VoIP",Technology,Phones,10135,
TEC-PH-10000673,Plantronics Voyager Pro HD - Bluetooth Headset,Technology,Phones,10136,
TEC-PH-10000675,Panasonic KX TS3282B Corded phone,Technology,Phones,10137,
TEC-PH-10000688,"Nokia Speaker Phone, VoIP",Technology,Phones,10138,
TEC-PH-10000693,"Apple Speaker Phone, with Caller ID",Technology,Phones,10139,
TEC-PH-10000702,"Square Credit Card Reader, 4 1/2"" x 4 1/2"" x 1"", White",Technology,Phones,10140,
TEC-PH-10000705,"Apple Headset, Cordless",Technology,Phones,10141,
TEC-PH-10000720,"Samsung Audio Dock, Full Size",Technology,Phones,10142,
TEC-PH-10000730,Samsung Galaxy S4 Active,Technology,Phones,10143,
TEC-PH-10000730,"Samsung Office Telephone, VoIP",Technology,Phones,10144,
TEC-PH-10000774,"Motorola Signal Booster, VoIP",Technology,Phones,10145,
TEC-PH-10000780,"Cisco Smart Phone, with Caller ID",Technology,Phones,10146,
TEC-PH-10000785,"Apple Speaker Phone, Cordless",Technology,Phones,10147,
TEC-PH-10000788,"Cisco Office Telephone, Full Size",Technology,Phones,10148,
TEC-PH-10000800,"Cisco Smart Phone, Full Size",Technology,Phones,10149,
TEC-PH-10000808,"Samsung Smart Phone, Cordless",Technology,Phones,10150,
TEC-PH-10000810,"Nokia Headset, VoIP",Technology,Phones,10151,
TEC-PH-10000822,"Apple Speaker Phone, Full Size",Technology,Phones,10152,
TEC-PH-10000824,"Cisco Office Telephone, Full Size",Technology,Phones,10153,
TEC-PH-10000840,"Cisco Audio Dock, VoIP",Technology,Phones,10154,
TEC-PH-10000841,"Nokia Signal Booster, VoIP",Technology,Phones,10155,
TEC-PH-10000879,"Cisco Smart Phone, Full Size",Technology,Phones,10156,
TEC-PH-10000895,Polycom VVX 310 VoIP phone,Technology,Phones,10157,
TEC-PH-10000896,"Cisco Signal Booster, VoIP",Technology,Phones,10158,
TEC-PH-10000912,Anker 24W Portable Micro USB Car Charger,Technology,Phones,10159,
TEC-PH-10000922,"Nokia Headset, with Caller ID",Technology,Phones,10160,
TEC-PH-10000923,"Belkin SportFit Armband For iPhone 5s/5c, Fuchsia",Technology,Phones,10161,
TEC-PH-10000931,"Motorola Speaker Phone, VoIP",Technology,Phones,10162,
TEC-PH-10000956,"Motorola Speaker Phone, with Caller ID",Technology,Phones,10163,
TEC-PH-10000960,"Samsung Headset, with Caller ID",Technology,Phones,10164,
TEC-PH-10000984,Panasonic KX-TG9471B,Technology,Phones,10165,
TEC-PH-10000990,"Cisco Signal Booster, with Caller ID",Technology,Phones,10166,
TEC-PH-10001002,"Apple Signal Booster, Full Size",Technology,Phones,10167,
TEC-PH-10001014,"Cisco Speaker Phone, with Caller ID",Technology,Phones,10168,
TEC-PH-10001051,HTC One,Technology,Phones,10169,
TEC-PH-10001061,Apple iPhone 5C,Technology,Phones,10170,
TEC-PH-10001063,"Samsung Speaker Phone, Full Size",Technology,Phones,10171,
TEC-PH-10001066,"Apple Smart Phone, Cordless",Technology,Phones,10172,
TEC-PH-10001070,"Samsung Headset, VoIP",Technology,Phones,10173,
TEC-PH-10001071,"Nokia Headset, Full Size",Technology,Phones,10174,
TEC-PH-10001076,"Nokia Smart Phone, Cordless",Technology,Phones,10175,
TEC-PH-10001079,Polycom SoundPoint Pro SE-225 Corded phone,Technology,Phones,10176,
TEC-PH-10001084,"Nokia Office Telephone, VoIP",Technology,Phones,10177,
TEC-PH-10001087,"Apple Signal Booster, Cordless",Technology,Phones,10178,
TEC-PH-10001095,"Nokia Headset, with Caller ID",Technology,Phones,10179,
TEC-PH-10001117,"Apple Smart Phone, Full Size",Technology,Phones,10180,
TEC-PH-10001128,Motorola Droid Maxx,Technology,Phones,10181,
TEC-PH-10001137,"Samsung Speaker Phone, with Caller ID",Technology,Phones,10182,
TEC-PH-10001146,"Nokia Smart Phone, Full Size",Technology,Phones,10183,
TEC-PH-10001148,"Samsung Signal Booster, VoIP",Technology,Phones,10184,
TEC-PH-10001163,"Motorola Speaker Phone, Cordless",Technology,Phones,10185,
TEC-PH-10001183,"Samsung Office Telephone, with Caller ID",Technology,Phones,10186,
TEC-PH-10001187,"Cisco Signal Booster, with Caller ID",Technology,Phones,10187,
TEC-PH-10001198,Avaya 4621SW VoIP phone,Technology,Phones,10188,
TEC-PH-10001254,Jabra BIZ 2300 Duo QD Duo Corded Headset,Technology,Phones,10189,
TEC-PH-10001264,"Cisco Signal Booster, VoIP",Technology,Phones,10190,
TEC-PH-10001284,"Apple Smart Phone, Cordless",Technology,Phones,10191,
TEC-PH-10001288,"Motorola Speaker Phone, with Caller ID",Technology,Phones,10192,
TEC-PH-10001289,"Motorola Smart Phone, Full Size",Technology,Phones,10193,
TEC-PH-10001298,"Motorola Office Telephone, VoIP",Technology,Phones,10194,
TEC-PH-10001299,Polycom CX300 Desktop Phone USB VoIP phone,Technology,Phones,10195,
TEC-PH-10001300,"iKross Bluetooth Portable Keyboard + Cell Phone Stand Holder + Brush for Apple iPhone 5S 5C 5, 4S 4",Technology,Phones,10196,
TEC-PH-10001304,"Apple Office Telephone, Cordless",Technology,Phones,10197,
TEC-PH-10001305,Panasonic KX TS208W Corded phone,Technology,Phones,10198,
TEC-PH-10001321,"Cisco Speaker Phone, Full Size",Technology,Phones,10199,
TEC-PH-10001329,"Motorola Headset, Cordless",Technology,Phones,10200,
TEC-PH-10001336,Digium D40 VoIP phone,Technology,Phones,10201,
TEC-PH-10001354,"Motorola Speaker Phone, Full Size",Technology,Phones,10202,
TEC-PH-10001360,"Apple Smart Phone, Full Size",Technology,Phones,10203,
TEC-PH-10001362,"Cisco Office Telephone, Cordless",Technology,Phones,10204,
TEC-PH-10001363,Apple iPhone 5S,Technology,Phones,10205,
TEC-PH-10001382,"Apple Office Telephone, Cordless",Technology,Phones,10206,
TEC-PH-10001396,"Nokia Smart Phone, Cordless",Technology,Phones,10207,
TEC-PH-10001413,"Motorola Audio Dock, with Caller ID",Technology,Phones,10208,
TEC-PH-10001424,"Nokia Signal Booster, Full Size",Technology,Phones,10209,
TEC-PH-10001425,Mophie Juice Pack Helium for iPhone,Technology,Phones,10210,
TEC-PH-10001427,"Motorola Headset, Full Size",Technology,Phones,10211,
TEC-PH-10001428,"Motorola Headset, VoIP",Technology,Phones,10212,
TEC-PH-10001432,"Motorola Signal Booster, Cordless",Technology,Phones,10213,
TEC-PH-10001433,Cisco Small Business SPA 502G VoIP phone,Technology,Phones,10214,
TEC-PH-10001433,"Motorola Headset, Full Size",Technology,Phones,10215,
TEC-PH-10001448,Anker Astro 15000mAh USB Portable Charger,Technology,Phones,10216,
TEC-PH-10001457,"Apple Smart Phone, Full Size",Technology,Phones,10217,
TEC-PH-10001459,Samsung Galaxy Mega 6.3,Technology,Phones,10218,
TEC-PH-10001468,Panasonic Business Telephones KX-T7736,Technology,Phones,10219,
TEC-PH-10001470,"Cisco Office Telephone, with Caller ID",Technology,Phones,10220,
TEC-PH-10001475,"Cisco Office Telephone, VoIP",Technology,Phones,10221,
TEC-PH-10001478,"Nokia Headset, Full Size",Technology,Phones,10222,
TEC-PH-10001492,"Nokia Headset, VoIP",Technology,Phones,10223,
TEC-PH-10001494,Polycom CX600 IP Phone VoIP phone,Technology,Phones,10224,
TEC-PH-10001527,Plantronics MX500i Earset,Technology,Phones,10225,
TEC-PH-10001530,Plantronics Voyager Pro Legend,Technology,Phones,10226,
TEC-PH-10001530,Cisco Unified IP Phone 7945G VoIP phone,Technology,Phones,10227,
TEC-PH-10001535,"Nokia Speaker Phone, Cordless",Technology,Phones,10228,
TEC-PH-10001536,Spigen Samsung Galaxy S5 Case Wallet,Technology,Phones,10229,
TEC-PH-10001548,"Nokia Speaker Phone, Full Size",Technology,Phones,10230,
TEC-PH-10001552,I Need's 3d Hello Kitty Hybrid Silicone Case Cover for HTC One X 4g with 3d Hello Kitty Stylus Pen Green/pink,Technology,Phones,10231,
TEC-PH-10001555,"Motorola Signal Booster, Full Size",Technology,Phones,10232,
TEC-PH-10001557,Pyle PMP37LED,Technology,Phones,10233,
TEC-PH-10001557,"Apple Speaker Phone, VoIP",Technology,Phones,10234,
TEC-PH-10001573,"Nokia Smart Phone, with Caller ID",Technology,Phones,10235,
TEC-PH-10001574,"Nokia Audio Dock, Cordless",Technology,Phones,10236,
TEC-PH-10001575,"Samsung Office Telephone, VoIP",Technology,Phones,10237,
TEC-PH-10001578,Polycom SoundStation2 EX Conference phone,Technology,Phones,10238,
TEC-PH-10001580,Logitech Mobile Speakerphone P710e - speaker phone,Technology,Phones,10239,
TEC-PH-10001580,"Apple Office Telephone, VoIP",Technology,Phones,10240,
TEC-PH-10001585,"Nokia Signal Booster, Cordless",Technology,Phones,10241,
TEC-PH-10001587,"Apple Headset, Cordless",Technology,Phones,10242,
TEC-PH-10001590,"Motorola Headset, with Caller ID",Technology,Phones,10243,
TEC-PH-10001602,"Samsung Office Telephone, Full Size",Technology,Phones,10244,
TEC-PH-10001614,"Motorola Audio Dock, VoIP",Technology,Phones,10245,
TEC-PH-10001615,AT&T CL82213,Technology,Phones,10246,
TEC-PH-10001619,LG G3,Technology,Phones,10247,
TEC-PH-10001619,"Cisco Signal Booster, Full Size",Technology,Phones,10248,
TEC-PH-10001640,"Motorola Office Telephone, Full Size",Technology,Phones,10249,
TEC-PH-10001644,"BlueLounge Milo Smartphone Stand, White/Metallic",Technology,Phones,10250,
TEC-PH-10001651,"Samsung Speaker Phone, VoIP",Technology,Phones,10251,
TEC-PH-10001664,"Motorola Office Telephone, VoIP",Technology,Phones,10252,
TEC-PH-10001670,"Motorola Smart Phone, Full Size",Technology,Phones,10253,
TEC-PH-10001677,"Nokia Office Telephone, Full Size",Technology,Phones,10254,
TEC-PH-10001699,"Samsung Smart Phone, Full Size",Technology,Phones,10255,
TEC-PH-10001700,Panasonic KX-TG6844B Expandable Digital Cordless Telephone,Technology,Phones,10256,
TEC-PH-10001708,"Cisco Audio Dock, with Caller ID",Technology,Phones,10257,
TEC-PH-10001712,"Nokia Smart Phone, Full Size",Technology,Phones,10258,
TEC-PH-10001725,"Motorola Speaker Phone, Cordless",Technology,Phones,10259,
TEC-PH-10001730,"Motorola Signal Booster, Full Size",Technology,Phones,10260,
TEC-PH-10001732,"Samsung Audio Dock, Cordless",Technology,Phones,10261,
TEC-PH-10001750,Samsung Rugby III,Technology,Phones,10262,
TEC-PH-10001751,"Samsung Smart Phone, Cordless",Technology,Phones,10263,
TEC-PH-10001754,"Cisco Office Telephone, with Caller ID",Technology,Phones,10264,
TEC-PH-10001760,Bose SoundLink Bluetooth Speaker,Technology,Phones,10265,
TEC-PH-10001795,ClearOne CHATAttach 160 - speaker phone,Technology,Phones,10266,
TEC-PH-10001795,RCA H5401RE1 DECT 6.0 4-Line Cordless Handset With Caller ID/Call Waiting,Technology,Phones,10267,
TEC-PH-10001805,"Nokia Speaker Phone, Full Size",Technology,Phones,10268,
TEC-PH-10001809,Panasonic KX T7736-B Digital phone,Technology,Phones,10269,
TEC-PH-10001817,Wilson Electronics DB Pro Signal Booster,Technology,Phones,10270,
TEC-PH-10001819,Innergie mMini Combo Duo USB Travel Charging Kit,Technology,Phones,10271,
TEC-PH-10001824,"Samsung Speaker Phone, Cordless",Technology,Phones,10272,
TEC-PH-10001835,Jawbone JAMBOX Wireless Bluetooth Speaker,Technology,Phones,10273,
TEC-PH-10001845,"Apple Speaker Phone, VoIP",Technology,Phones,10274,
TEC-PH-10001846,"Nokia Audio Dock, Cordless",Technology,Phones,10275,
TEC-PH-10001870,Lunatik TT5L-002 Taktik Strike Impact Protection System for iPhone 5,Technology,Phones,10276,
TEC-PH-10001884,"Nokia Office Telephone, Full Size",Technology,Phones,10277,
TEC-PH-10001900,"Motorola Signal Booster, VoIP",Technology,Phones,10278,
TEC-PH-10001917,"Apple Signal Booster, Cordless",Technology,Phones,10279,
TEC-PH-10001917,"Motorola Speaker Phone, Full Size",Technology,Phones,10280,
TEC-PH-10001918,Nortel Business Series Terminal T7208 Digital phone,Technology,Phones,10281,
TEC-PH-10001921,"Nokia Signal Booster, with Caller ID",Technology,Phones,10282,
TEC-PH-10001924,iHome FM Clock Radio with Lightning Dock,Technology,Phones,10283,
TEC-PH-10001937,"Nokia Audio Dock, Full Size",Technology,Phones,10284,
TEC-PH-10001944,Wi-Ex zBoost YX540 Cellular Phone Signal Booster,Technology,Phones,10285,
TEC-PH-10001949,Cisco SPA 501G IP Phone,Technology,Phones,10286,
TEC-PH-10001961,"Cisco Speaker Phone, Full Size",Technology,Phones,10287,
TEC-PH-10001963,"Nokia Speaker Phone, Full Size",Technology,Phones,10288,
TEC-PH-10001990,"Cisco Smart Phone, Full Size",Technology,Phones,10289,
TEC-PH-10002018,"Samsung Audio Dock, VoIP",Technology,Phones,10290,
TEC-PH-10002033,Konftel 250 Conference phone - Charcoal black,Technology,Phones,10291,
TEC-PH-10002035,"Samsung Smart Phone, Cordless",Technology,Phones,10292,
TEC-PH-10002042,"Cisco Audio Dock, Full Size",Technology,Phones,10293,
TEC-PH-10002068,"Apple Office Telephone, with Caller ID",Technology,Phones,10294,
TEC-PH-10002070,Griffin GC36547 PowerJolt SE Lightning Charger,Technology,Phones,10295,
TEC-PH-10002070,"Apple Headset, with Caller ID",Technology,Phones,10296,
TEC-PH-10002075,AT&T EL51110 DECT,Technology,Phones,10297,
TEC-PH-10002076,"Samsung Audio Dock, Full Size",Technology,Phones,10298,
TEC-PH-10002079,"Motorola Headset, with Caller ID",Technology,Phones,10299,
TEC-PH-10002085,Clarity 53712,Technology,Phones,10300,
TEC-PH-10002094,"Nokia Smart Phone, with Caller ID",Technology,Phones,10301,
TEC-PH-10002102,"Nokia Headset, Cordless",Technology,Phones,10302,
TEC-PH-10002103,Jabra SPEAK 410,Technology,Phones,10303,
TEC-PH-10002104,"Cisco Speaker Phone, Cordless",Technology,Phones,10304,
TEC-PH-10002114,Xiaomi Mi3,Technology,Phones,10305,
TEC-PH-10002115,Plantronics 81402,Technology,Phones,10306,
TEC-PH-10002119,"Samsung Headset, Full Size",Technology,Phones,10307,
TEC-PH-10002121,"Apple Headset, with Caller ID",Technology,Phones,10308,
TEC-PH-10002127,"Cisco Smart Phone, Cordless",Technology,Phones,10309,
TEC-PH-10002138,"Apple Audio Dock, Cordless",Technology,Phones,10310,
TEC-PH-10002152,"Apple Headset, Cordless",Technology,Phones,10311,
TEC-PH-10002154,"Cisco Headset, Full Size",Technology,Phones,10312,
TEC-PH-10002170,ClearSounds CSC500 Amplified Spirit Phone Corded phone,Technology,Phones,10313,
TEC-PH-10002183,"Apple Audio Dock, with Caller ID",Technology,Phones,10314,
TEC-PH-10002185,QVS USB Car Charger 2-Port 2.1Amp for iPod/iPhone/iPad/iPad 2/iPad 3,Technology,Phones,10315,
TEC-PH-10002200,Samsung Galaxy Note 2,Technology,Phones,10316,
TEC-PH-10002200,Aastra 6757i CT Wireless VoIP phone,Technology,Phones,10317,
TEC-PH-10002217,"Cisco Audio Dock, Cordless",Technology,Phones,10318,
TEC-PH-10002218,"Apple Speaker Phone, Cordless",Technology,Phones,10319,
TEC-PH-10002222,"Cisco Office Telephone, VoIP",Technology,Phones,10320,
TEC-PH-10002251,"Motorola Speaker Phone, Cordless",Technology,Phones,10321,
TEC-PH-10002255,"Apple Audio Dock, Full Size",Technology,Phones,10322,
TEC-PH-10002262,LG Electronics Tone+ HBS-730 Bluetooth Headset,Technology,Phones,10323,
TEC-PH-10002275,Mitel 5320 IP Phone VoIP phone,Technology,Phones,10324,
TEC-PH-10002292,"Cisco Signal Booster, Full Size",Technology,Phones,10325,
TEC-PH-10002293,Anker 36W 4-Port USB Wall Charger Travel Power Adapter for iPhone 5s 5c 5,Technology,Phones,10326,
TEC-PH-10002296,"Nokia Signal Booster, with Caller ID",Technology,Phones,10327,
TEC-PH-10002296,"Nokia Headset, Full Size",Technology,Phones,10328,
TEC-PH-10002299,"Nokia Headset, VoIP",Technology,Phones,10329,
TEC-PH-10002306,"Motorola Smart Phone, Full Size",Technology,Phones,10330,
TEC-PH-10002310,Panasonic KX T7731-B Digital phone,Technology,Phones,10331,
TEC-PH-10002310,Plantronics Calisto P620-M USB Wireless Speakerphone System,Technology,Phones,10332,
TEC-PH-10002312,"Samsung Audio Dock, with Caller ID",Technology,Phones,10333,
TEC-PH-10002320,"Samsung Speaker Phone, Full Size",Technology,Phones,10334,
TEC-PH-10002332,"Motorola Audio Dock, VoIP",Technology,Phones,10335,
TEC-PH-10002350,Apple EarPods with Remote and Mic,Technology,Phones,10336,
TEC-PH-10002352,Avaya IP Phone 1140E VoIP phone,Technology,Phones,10337,
TEC-PH-10002353,"Samsung Signal Booster, Full Size",Technology,Phones,10338,
TEC-PH-10002365,Belkin Grip Candy Sheer Case / Cover for iPhone 5 and 5S,Technology,Phones,10339,
TEC-PH-10002387,"Motorola Signal Booster, Cordless",Technology,Phones,10340,
TEC-PH-10002392,"Nokia Signal Booster, Cordless",Technology,Phones,10341,
TEC-PH-10002398,AT&T 1070 Corded Phone,Technology,Phones,10342,
TEC-PH-10002415,Polycom VoiceStation 500 Conference phone,Technology,Phones,10343,
TEC-PH-10002419,"Motorola Headset, Cordless",Technology,Phones,10344,
TEC-PH-10002428,"Apple Headset, VoIP",Technology,Phones,10345,
TEC-PH-10002443,"Cisco Signal Booster, with Caller ID",Technology,Phones,10346,
TEC-PH-10002447,AT&T CL83451 4-Handset Telephone,Technology,Phones,10347,
TEC-PH-10002456,"Cisco Speaker Phone, Cordless",Technology,Phones,10348,
TEC-PH-10002468,"Plantronics CS 50-USB - headset - Convertible, Monaural",Technology,Phones,10349,
TEC-PH-10002483,Motorola Moto X,Technology,Phones,10350,
TEC-PH-10002483,"Motorola Office Telephone, with Caller ID",Technology,Phones,10351,
TEC-PH-10002491,"Samsung Office Telephone, Cordless",Technology,Phones,10352,
TEC-PH-10002493,"Nokia Signal Booster, with Caller ID",Technology,Phones,10353,
TEC-PH-10002496,Cisco SPA301,Technology,Phones,10354,
TEC-PH-10002517,"Cisco Speaker Phone, Cordless",Technology,Phones,10355,
TEC-PH-10002538,Grandstream GXP1160 VoIP phone,Technology,Phones,10356,
TEC-PH-10002549,Polycom SoundPoint IP 450 VoIP phone,Technology,Phones,10357,
TEC-PH-10002555,Nortel Meridian M5316 Digital phone,Technology,Phones,10358,
TEC-PH-10002563,Adtran 1202752G1,Technology,Phones,10359,
TEC-PH-10002564,OtterBox Defender Series Case - Samsung Galaxy S4,Technology,Phones,10360,
TEC-PH-10002564,"Motorola Signal Booster, Full Size",Technology,Phones,10361,
TEC-PH-10002565,"Apple Audio Dock, with Caller ID",Technology,Phones,10362,
TEC-PH-10002570,"Samsung Headset, Full Size",Technology,Phones,10363,
TEC-PH-10002572,"Nokia Audio Dock, Cordless",Technology,Phones,10364,
TEC-PH-10002574,"Cisco Speaker Phone, Cordless",Technology,Phones,10365,
TEC-PH-10002583,iOttie HLCRIO102 Car Mount,Technology,Phones,10366,
TEC-PH-10002584,Samsung Galaxy S4,Technology,Phones,10367,
TEC-PH-10002586,"Nokia Office Telephone, with Caller ID",Technology,Phones,10368,
TEC-PH-10002590,"Motorola Audio Dock, Cordless",Technology,Phones,10369,
TEC-PH-10002597,"Apple Signal Booster, with Caller ID",Technology,Phones,10370,
TEC-PH-10002597,Xblue XB-1670-86 X16 Small Office Telephone - Titanium,Technology,Phones,10371,
TEC-PH-10002601,"Motorola Smart Phone, Cordless",Technology,Phones,10372,
TEC-PH-10002602,"Nokia Headset, Cordless",Technology,Phones,10373,
TEC-PH-10002623,"Cisco Smart Phone, with Caller ID",Technology,Phones,10374,
TEC-PH-10002624,Samsung Galaxy S4 Mini,Technology,Phones,10375,
TEC-PH-10002641,"Motorola Office Telephone, Full Size",Technology,Phones,10376,
TEC-PH-10002645,"Motorola Signal Booster, with Caller ID",Technology,Phones,10377,
TEC-PH-10002645,LG G2,Technology,Phones,10378,
TEC-PH-10002647,"Nokia Headset, VoIP",Technology,Phones,10379,
TEC-PH-10002652,"Cisco Smart Phone, Cordless",Technology,Phones,10380,
TEC-PH-10002658,"Apple Signal Booster, with Caller ID",Technology,Phones,10381,
TEC-PH-10002660,Nortel Networks T7316 E Nt8 B27,Technology,Phones,10382,
TEC-PH-10002663,"Nokia Signal Booster, VoIP",Technology,Phones,10383,
TEC-PH-10002672,"Cisco Smart Phone, Full Size",Technology,Phones,10384,
TEC-PH-10002680,Samsung Galaxy Note 3,Technology,Phones,10385,
TEC-PH-10002683,"Apple Smart Phone, Cordless",Technology,Phones,10386,
TEC-PH-10002695,"Samsung Headset, with Caller ID",Technology,Phones,10387,
TEC-PH-10002699,"Cisco Signal Booster, Full Size",Technology,Phones,10388,
TEC-PH-10002708,"Nokia Speaker Phone, with Caller ID",Technology,Phones,10389,
TEC-PH-10002713,"Samsung Headset, Cordless",Technology,Phones,10390,
TEC-PH-10002715,"Cisco Audio Dock, VoIP",Technology,Phones,10391,
TEC-PH-10002726,netTALK DUO VoIP Telephone Service,Technology,Phones,10392,
TEC-PH-10002742,"Motorola Audio Dock, Cordless",Technology,Phones,10393,
TEC-PH-10002755,"Apple Headset, VoIP",Technology,Phones,10394,
TEC-PH-10002759,"Cisco Smart Phone, Cordless",Technology,Phones,10395,
TEC-PH-10002774,"Nokia Smart Phone, with Caller ID",Technology,Phones,10396,
TEC-PH-10002780,"Motorola Smart Phone, Cordless",Technology,Phones,10397,
TEC-PH-10002789,LG Exalt,Technology,Phones,10398,
TEC-PH-10002799,"Apple Audio Dock, Full Size",Technology,Phones,10399,
TEC-PH-10002806,"Apple Audio Dock, VoIP",Technology,Phones,10400,
TEC-PH-10002807,Motorla HX550 Universal Bluetooth Headset,Technology,Phones,10401,
TEC-PH-10002815,"Samsung Smart Phone, VoIP",Technology,Phones,10402,
TEC-PH-10002816,"Samsung Signal Booster, Cordless",Technology,Phones,10403,
TEC-PH-10002817,RCA ViSYS 25425RE1 Corded phone,Technology,Phones,10404,
TEC-PH-10002824,Jabra SPEAK 410 Multidevice Speakerphone,Technology,Phones,10405,
TEC-PH-10002834,Google Nexus 5,Technology,Phones,10406,
TEC-PH-10002844,Speck Products Candyshell Flip Case,Technology,Phones,10407,
TEC-PH-10002867,"Apple Signal Booster, Cordless",Technology,Phones,10408,
TEC-PH-10002867,"Cisco Smart Phone, with Caller ID",Technology,Phones,10409,
TEC-PH-10002871,"Motorola Audio Dock, with Caller ID",Technology,Phones,10410,
TEC-PH-10002885,Apple iPhone 5,Technology,Phones,10411,
TEC-PH-10002890,AT&T 17929 Lendline Telephone,Technology,Phones,10412,
TEC-PH-10002892,"Nokia Speaker Phone, Cordless",Technology,Phones,10413,
TEC-PH-10002898,"Samsung Smart Phone, Full Size",Technology,Phones,10414,
TEC-PH-10002904,"Samsung Smart Phone, Full Size",Technology,Phones,10415,
TEC-PH-10002904,"Motorola Office Telephone, Cordless",Technology,Phones,10416,
TEC-PH-10002907,"Motorola Headset, VoIP",Technology,Phones,10417,
TEC-PH-10002916,"Apple Speaker Phone, with Caller ID",Technology,Phones,10418,
TEC-PH-10002922,ShoreTel ShorePhone IP 230 VoIP phone,Technology,Phones,10419,
TEC-PH-10002923,"Logitech B530 USB Headset - headset - Full size, Binaural",Technology,Phones,10420,
TEC-PH-10002932,"Samsung Speaker Phone, VoIP",Technology,Phones,10421,
TEC-PH-10002935,"Samsung Smart Phone, VoIP",Technology,Phones,10422,
TEC-PH-10002936,"Nokia Smart Phone, Full Size",Technology,Phones,10423,
TEC-PH-10002962,"Motorola Smart Phone, Full Size",Technology,Phones,10424,
TEC-PH-10002991,"Apple Smart Phone, Full Size",Technology,Phones,10425,
TEC-PH-10003002,"Cisco Smart Phone, Full Size",Technology,Phones,10426,
TEC-PH-10003011,"Cisco Audio Dock, Full Size",Technology,Phones,10427,
TEC-PH-10003012,Nortel Meridian M3904 Professional Digital phone,Technology,Phones,10428,
TEC-PH-10003055,"Apple Audio Dock, Cordless",Technology,Phones,10429,
TEC-PH-10003062,"Apple Audio Dock, Full Size",Technology,Phones,10430,
TEC-PH-10003072,Panasonic KX-TG9541B DECT 6.0 Digital 2-Line Expandable Cordless Phone With Digital Answering System,Technology,Phones,10431,
TEC-PH-10003075,"Samsung Signal Booster, Full Size",Technology,Phones,10432,
TEC-PH-10003078,"Cisco Speaker Phone, with Caller ID",Technology,Phones,10433,
TEC-PH-10003092,Motorola L804,Technology,Phones,10434,
TEC-PH-10003095,Samsung HM1900 Bluetooth Headset,Technology,Phones,10435,
TEC-PH-10003102,"Samsung Audio Dock, with Caller ID",Technology,Phones,10436,
TEC-PH-10003137,"Nokia Signal Booster, Cordless",Technology,Phones,10437,
TEC-PH-10003153,"Samsung Signal Booster, with Caller ID",Technology,Phones,10438,
TEC-PH-10003157,"Nokia Speaker Phone, VoIP",Technology,Phones,10439,
TEC-PH-10003171,Plantronics Encore H101 Dual Earpieces Headset,Technology,Phones,10440,
TEC-PH-10003174,RCA ViSYS 25825 Wireless digital phone,Technology,Phones,10441,
TEC-PH-10003177,"Samsung Speaker Phone, with Caller ID",Technology,Phones,10442,
TEC-PH-10003182,"Cisco Office Telephone, with Caller ID",Technology,Phones,10443,
TEC-PH-10003187,Anker Astro Mini 3000mAh Ultra-Compact Portable Charger,Technology,Phones,10444,
TEC-PH-10003215,"Samsung Headset, Full Size",Technology,Phones,10445,
TEC-PH-10003215,Jackery Bar Premium Fast-charging Portable Charger,Technology,Phones,10446,
TEC-PH-10003220,"Cisco Headset, VoIP",Technology,Phones,10447,
TEC-PH-10003239,"Samsung Signal Booster, with Caller ID",Technology,Phones,10448,
TEC-PH-10003254,"Samsung Office Telephone, Full Size",Technology,Phones,10449,
TEC-PH-10003273,AT&T TR1909W,Technology,Phones,10450,
TEC-PH-10003303,"Cisco Office Telephone, Cordless",Technology,Phones,10451,
TEC-PH-10003312,"Cisco Office Telephone, VoIP",Technology,Phones,10452,
TEC-PH-10003325,"Samsung Speaker Phone, with Caller ID",Technology,Phones,10453,
TEC-PH-10003348,"Cisco Speaker Phone, with Caller ID",Technology,Phones,10454,
TEC-PH-10003353,"Motorola Office Telephone, Cordless",Technology,Phones,10455,
TEC-PH-10003356,"SmartStand Mobile Device Holder, Assorted Colors",Technology,Phones,10456,
TEC-PH-10003357,Grandstream GXP2100 Mainstream Business Phone,Technology,Phones,10457,
TEC-PH-10003361,"Samsung Signal Booster, with Caller ID",Technology,Phones,10458,
TEC-PH-10003368,"Samsung Signal Booster, Full Size",Technology,Phones,10459,
TEC-PH-10003400,"Motorola Signal Booster, VoIP",Technology,Phones,10460,
TEC-PH-10003405,"Apple Office Telephone, Full Size",Technology,Phones,10461,
TEC-PH-10003416,"Samsung Office Telephone, with Caller ID",Technology,Phones,10462,
TEC-PH-10003430,"Cisco Speaker Phone, VoIP",Technology,Phones,10463,
TEC-PH-10003437,Blue Parrot B250XT Professional Grade Wireless Bluetooth Headset with,Technology,Phones,10464,
TEC-PH-10003439,"Apple Audio Dock, VoIP",Technology,Phones,10465,
TEC-PH-10003442,Samsung Replacement EH64AVFWE Premium Headset,Technology,Phones,10466,
TEC-PH-10003457,"Cisco Smart Phone, Full Size",Technology,Phones,10467,
TEC-PH-10003481,"Apple Office Telephone, Full Size",Technology,Phones,10468,
TEC-PH-10003484,Ooma Telo VoIP Home Phone System,Technology,Phones,10469,
TEC-PH-10003486,"Apple Audio Dock, Cordless",Technology,Phones,10470,
TEC-PH-10003487,"Motorola Office Telephone, with Caller ID",Technology,Phones,10471,
TEC-PH-10003488,"Nokia Signal Booster, VoIP",Technology,Phones,10472,
TEC-PH-10003491,"Samsung Office Telephone, Full Size",Technology,Phones,10473,
TEC-PH-10003492,"Cisco Audio Dock, Full Size",Technology,Phones,10474,
TEC-PH-10003505,Geemarc AmpliPOWER60,Technology,Phones,10475,
TEC-PH-10003511,"Samsung Speaker Phone, Full Size",Technology,Phones,10476,
TEC-PH-10003513,"Nokia Speaker Phone, VoIP",Technology,Phones,10477,
TEC-PH-10003522,"Apple Headset, Full Size",Technology,Phones,10478,
TEC-PH-10003535,RCA ViSYS 25423RE1 Corded phone,Technology,Phones,10479,
TEC-PH-10003546,"Apple Signal Booster, with Caller ID",Technology,Phones,10480,
TEC-PH-10003549,"Samsung Headset, with Caller ID",Technology,Phones,10481,
TEC-PH-10003555,Motorola HK250 Universal Bluetooth Headset,Technology,Phones,10482,
TEC-PH-10003556,"Samsung Speaker Phone, VoIP",Technology,Phones,10483,
TEC-PH-10003560,"Cisco Audio Dock, Cordless",Technology,Phones,10484,
TEC-PH-10003572,"Apple Office Telephone, VoIP",Technology,Phones,10485,
TEC-PH-10003580,"Apple Speaker Phone, Full Size",Technology,Phones,10486,
TEC-PH-10003580,Cisco IP Phone 7961G-GE VoIP phone,Technology,Phones,10487,
TEC-PH-10003589,invisibleSHIELD by ZAGG Smudge-Free Screen Protector,Technology,Phones,10488,
TEC-PH-10003601,"Apple Office Telephone, with Caller ID",Technology,Phones,10489,
TEC-PH-10003601,"Ativa D5772 2-Line 5.8GHz Digital Expandable Corded/Cordless Phone System with Answering & Caller ID/Call Waiting, Black/Silver",Technology,Phones,10490,
TEC-PH-10003613,"Apple Signal Booster, VoIP",Technology,Phones,10491,
TEC-PH-10003620,"Apple Signal Booster, Cordless",Technology,Phones,10492,
TEC-PH-10003636,"Samsung Speaker Phone, Cordless",Technology,Phones,10493,
TEC-PH-10003645,Aastra 57i VoIP phone,Technology,Phones,10494,
TEC-PH-10003646,"Nokia Audio Dock, Full Size",Technology,Phones,10495,
TEC-PH-10003652,"Motorola Headset, Cordless",Technology,Phones,10496,
TEC-PH-10003655,Sannysis Cute Owl Design Soft Skin Case Cover for Samsung Galaxy S4,Technology,Phones,10497,
TEC-PH-10003683,"Motorola Audio Dock, VoIP",Technology,Phones,10498,
TEC-PH-10003691,BlackBerry Q10,Technology,Phones,10499,
TEC-PH-10003698,"Nokia Signal Booster, Full Size",Technology,Phones,10500,
TEC-PH-10003713,"Cisco Audio Dock, Cordless",Technology,Phones,10501,
TEC-PH-10003713,"Nokia Smart Phone, Cordless",Technology,Phones,10502,
TEC-PH-10003723,"Samsung Audio Dock, with Caller ID",Technology,Phones,10503,
TEC-PH-10003752,"Nokia Office Telephone, VoIP",Technology,Phones,10504,
TEC-PH-10003762,"Motorola Smart Phone, Full Size",Technology,Phones,10505,
TEC-PH-10003764,"Cisco Office Telephone, Cordless",Technology,Phones,10506,
TEC-PH-10003770,"Apple Speaker Phone, Full Size",Technology,Phones,10507,
TEC-PH-10003772,"Cisco Headset, Cordless",Technology,Phones,10508,
TEC-PH-10003774,"Cisco Headset, with Caller ID",Technology,Phones,10509,
TEC-PH-10003784,"Motorola Signal Booster, Full Size",Technology,Phones,10510,
TEC-PH-10003784,"Motorola Signal Booster, with Caller ID",Technology,Phones,10511,
TEC-PH-10003793,"Nokia Office Telephone, VoIP",Technology,Phones,10512,
TEC-PH-10003794,"Nokia Smart Phone, Full Size",Technology,Phones,10513,
TEC-PH-10003796,"Apple Headset, with Caller ID",Technology,Phones,10514,
TEC-PH-10003800,i.Sound Portable Power - 8000 mAh,Technology,Phones,10515,
TEC-PH-10003811,Jabra Supreme Plus Driver Edition Headset,Technology,Phones,10516,
TEC-PH-10003813,"Samsung Signal Booster, VoIP",Technology,Phones,10517,
TEC-PH-10003823,"Apple Headset, Full Size",Technology,Phones,10518,
TEC-PH-10003847,"Apple Headset, with Caller ID",Technology,Phones,10519,
TEC-PH-10003856,"Motorola Smart Phone, with Caller ID",Technology,Phones,10520,
TEC-PH-10003870,"Samsung Signal Booster, VoIP",Technology,Phones,10521,
TEC-PH-10003875,KLD Oscar II Style Snap-on Ultra Thin Side Flip Synthetic Leather Cover Case for HTC One HTC M7,Technology,Phones,10522,
TEC-PH-10003877,"Samsung Office Telephone, Cordless",Technology,Phones,10523,
TEC-PH-10003885,Cisco SPA508G,Technology,Phones,10524,
TEC-PH-10003885,"Cisco Headset, with Caller ID",Technology,Phones,10525,
TEC-PH-10003891,"Cisco Audio Dock, with Caller ID",Technology,Phones,10526,
TEC-PH-10003913,"Samsung Signal Booster, Cordless",Technology,Phones,10527,
TEC-PH-10003916,"Motorola Office Telephone, with Caller ID",Technology,Phones,10528,
TEC-PH-10003927,"Nokia Audio Dock, with Caller ID",Technology,Phones,10529,
TEC-PH-10003927,"Cisco Signal Booster, Full Size",Technology,Phones,10530,
TEC-PH-10003931,JBL Micro Wireless Portable Bluetooth Speaker,Technology,Phones,10531,
TEC-PH-10003932,"Apple Audio Dock, VoIP",Technology,Phones,10532,
TEC-PH-10003935,"Cisco Speaker Phone, Full Size",Technology,Phones,10533,
TEC-PH-10003945,"Nokia Audio Dock, VoIP",Technology,Phones,10534,
TEC-PH-10003946,"Cisco Office Telephone, VoIP",Technology,Phones,10535,
TEC-PH-10003954,"Cisco Signal Booster, Cordless",Technology,Phones,10536,
TEC-PH-10003960,"Apple Speaker Phone, with Caller ID",Technology,Phones,10537,
TEC-PH-10003963,GE 2-Jack Phone Line Splitter,Technology,Phones,10538,
TEC-PH-10003963,"Apple Signal Booster, Full Size",Technology,Phones,10539,
TEC-PH-10003970,"Cisco Headset, Full Size",Technology,Phones,10540,
TEC-PH-10003980,"Apple Signal Booster, VoIP",Technology,Phones,10541,
TEC-PH-10003982,"Cisco Speaker Phone, VoIP",Technology,Phones,10542,
TEC-PH-10003988,"LF Elite 3D Dazzle Designer Hard Case Cover, Lf Stylus Pen and Wiper For Apple Iphone 5c Mini Lite",Technology,Phones,10543,
TEC-PH-10003994,"Apple Office Telephone, Full Size",Technology,Phones,10544,
TEC-PH-10003995,"Nokia Audio Dock, VoIP",Technology,Phones,10545,
TEC-PH-10004006,"Nokia Audio Dock, Full Size",Technology,Phones,10546,
TEC-PH-10004006,Panasonic KX - TS880B Telephone,Technology,Phones,10547,
TEC-PH-10004028,"Apple Headset, Full Size",Technology,Phones,10548,
TEC-PH-10004042,ClearOne Communications CHAT 70 OC Speaker Phone,Technology,Phones,10549,
TEC-PH-10004048,"Apple Audio Dock, Full Size",Technology,Phones,10550,
TEC-PH-10004057,"Motorola Smart Phone, with Caller ID",Technology,Phones,10551,
TEC-PH-10004071,PayAnywhere Card Reader,Technology,Phones,10552,
TEC-PH-10004074,"Samsung Smart Phone, with Caller ID",Technology,Phones,10553,
TEC-PH-10004080,Avaya 5410 Digital phone,Technology,Phones,10554,
TEC-PH-10004085,"Apple Audio Dock, with Caller ID",Technology,Phones,10555,
TEC-PH-10004093,Panasonic Kx-TS550,Technology,Phones,10556,
TEC-PH-10004093,"Motorola Audio Dock, VoIP",Technology,Phones,10557,
TEC-PH-10004094,Motorola L703CM,Technology,Phones,10558,
TEC-PH-10004100,Griffin GC17055 Auxiliary Audio Cable,Technology,Phones,10559,
TEC-PH-10004105,"Motorola Speaker Phone, VoIP",Technology,Phones,10560,
TEC-PH-10004120,AT&T 1080 Phone,Technology,Phones,10561,
TEC-PH-10004144,"Apple Speaker Phone, Full Size",Technology,Phones,10562,
TEC-PH-10004152,"Apple Headset, VoIP",Technology,Phones,10563,
TEC-PH-10004162,"Samsung Speaker Phone, Cordless",Technology,Phones,10564,
TEC-PH-10004165,Mitel MiVoice 5330e IP Phone,Technology,Phones,10565,
TEC-PH-10004182,"Motorola Smart Phone, Full Size",Technology,Phones,10566,
TEC-PH-10004184,"Motorola Headset, with Caller ID",Technology,Phones,10567,
TEC-PH-10004188,OtterBox Commuter Series Case - Samsung Galaxy S4,Technology,Phones,10568,
TEC-PH-10004196,"Samsung Smart Phone, Cordless",Technology,Phones,10569,
TEC-PH-10004200,"Motorola Audio Dock, Full Size",Technology,Phones,10570,
TEC-PH-10004211,"Cisco Headset, Cordless",Technology,Phones,10571,
TEC-PH-10004221,"Samsung Speaker Phone, Cordless",Technology,Phones,10572,
TEC-PH-10004223,"Cisco Speaker Phone, Full Size",Technology,Phones,10573,
TEC-PH-10004235,"Nokia Signal Booster, VoIP",Technology,Phones,10574,
TEC-PH-10004237,"Nokia Office Telephone, with Caller ID",Technology,Phones,10575,
TEC-PH-10004241,Nokia Lumia 1020,Technology,Phones,10576,
TEC-PH-10004241,"Cisco Headset, Cordless",Technology,Phones,10577,
TEC-PH-10004242,"Apple Speaker Phone, VoIP",Technology,Phones,10578,
TEC-PH-10004251,"Nokia Audio Dock, Full Size",Technology,Phones,10579,
TEC-PH-10004261,"Nokia Signal Booster, Full Size",Technology,Phones,10580,
TEC-PH-10004263,"Cisco Signal Booster, with Caller ID",Technology,Phones,10581,
TEC-PH-10004271,"Cisco Speaker Phone, VoIP",Technology,Phones,10582,
TEC-PH-10004272,"Nokia Headset, Cordless",Technology,Phones,10583,
TEC-PH-10004281,"Samsung Audio Dock, Cordless",Technology,Phones,10584,
TEC-PH-10004287,"Cisco Headset, Cordless",Technology,Phones,10585,
TEC-PH-10004297,"Motorola Speaker Phone, Full Size",Technology,Phones,10586,
TEC-PH-10004300,"Apple Office Telephone, Cordless",Technology,Phones,10587,
TEC-PH-10004327,"Motorola Smart Phone, Full Size",Technology,Phones,10588,
TEC-PH-10004328,"Motorola Audio Dock, Cordless",Technology,Phones,10589,
TEC-PH-10004345,Cisco SPA 502G IP Phone,Technology,Phones,10590,
TEC-PH-10004348,OtterBox Defender Series Case - iPhone 5c,Technology,Phones,10591,
TEC-PH-10004350,"Samsung Headset, Cordless",Technology,Phones,10592,
TEC-PH-10004358,"Cisco Audio Dock, VoIP",Technology,Phones,10593,
TEC-PH-10004358,"Samsung Office Telephone, Cordless",Technology,Phones,10594,
TEC-PH-10004389,Nokia Lumia 925,Technology,Phones,10595,
TEC-PH-10004402,"Cisco Headset, with Caller ID",Technology,Phones,10596,
TEC-PH-10004404,"Samsung Headset, VoIP",Technology,Phones,10597,
TEC-PH-10004434,Cisco IP Phone 7961G VoIP phone - Dark gray,Technology,Phones,10598,
TEC-PH-10004437,"Cisco Speaker Phone, with Caller ID",Technology,Phones,10599,
TEC-PH-10004447,Toshiba IPT2010-SD IP Telephone,Technology,Phones,10600,
TEC-PH-10004450,"Cisco Office Telephone, Full Size",Technology,Phones,10601,
TEC-PH-10004503,"Apple Audio Dock, VoIP",Technology,Phones,10602,
TEC-PH-10004505,"Nokia Smart Phone, Full Size",Technology,Phones,10603,
TEC-PH-10004509,"Nokia Audio Dock, Cordless",Technology,Phones,10604,
TEC-PH-10004522,Dexim XPower Skin Super-Thin Power Case for iPhone 5 - Black,Technology,Phones,10605,
TEC-PH-10004531,AT&T CL2909,Technology,Phones,10606,
TEC-PH-10004531,OtterBox Commuter Series Case - iPhone 5 & 5s,Technology,Phones,10607,
TEC-PH-10004536,Avaya 5420 Digital phone,Technology,Phones,10608,
TEC-PH-10004539,Wireless Extenders zBoost YX545 SOHO Signal Booster,Technology,Phones,10609,
TEC-PH-10004544,"Motorola Speaker Phone, with Caller ID",Technology,Phones,10610,
TEC-PH-10004552,"Motorola Office Telephone, Full Size",Technology,Phones,10611,
TEC-PH-10004553,"Cisco Audio Dock, VoIP",Technology,Phones,10612,
TEC-PH-10004554,"Samsung Audio Dock, VoIP",Technology,Phones,10613,
TEC-PH-10004559,"Nokia Speaker Phone, with Caller ID",Technology,Phones,10614,
TEC-PH-10004570,"Apple Speaker Phone, Cordless",Technology,Phones,10615,
TEC-PH-10004575,"Motorola Smart Phone, Cordless",Technology,Phones,10616,
TEC-PH-10004577,"Samsung Office Telephone, with Caller ID",Technology,Phones,10617,
TEC-PH-10004578,"Nokia Office Telephone, with Caller ID",Technology,Phones,10618,
TEC-PH-10004583,"Motorola Smart Phone, Cordless",Technology,Phones,10619,
TEC-PH-10004586,Wilson SignalBoost 841262 DB PRO Amplifier Kit,Technology,Phones,10620,
TEC-PH-10004597,"Apple Signal Booster, with Caller ID",Technology,Phones,10621,
TEC-PH-10004601,"Nokia Audio Dock, with Caller ID",Technology,Phones,10622,
TEC-PH-10004614,"Cisco Headset, Full Size",Technology,Phones,10623,
TEC-PH-10004614,AT&T 841000 Phone,Technology,Phones,10624,
TEC-PH-10004618,"Motorola Speaker Phone, VoIP",Technology,Phones,10625,
TEC-PH-10004618,"Motorola Signal Booster, Cordless",Technology,Phones,10626,
TEC-PH-10004626,"Cisco Smart Phone, with Caller ID",Technology,Phones,10627,
TEC-PH-10004631,"Cisco Audio Dock, with Caller ID",Technology,Phones,10628,
TEC-PH-10004635,"Samsung Office Telephone, with Caller ID",Technology,Phones,10629,
TEC-PH-10004636,"Nokia Audio Dock, with Caller ID",Technology,Phones,10630,
TEC-PH-10004655,"Motorola Office Telephone, Cordless",Technology,Phones,10631,
TEC-PH-10004655,"Apple Speaker Phone, Cordless",Technology,Phones,10632,
TEC-PH-10004664,"Nokia Smart Phone, with Caller ID",Technology,Phones,10633,
TEC-PH-10004667,Cisco 8x8 Inc. 6753i IP Business Phone System,Technology,Phones,10634,
TEC-PH-10004675,"Nokia Audio Dock, VoIP",Technology,Phones,10635,
TEC-PH-10004680,"Samsung Speaker Phone, with Caller ID",Technology,Phones,10636,
TEC-PH-10004682,"Cisco Headset, VoIP",Technology,Phones,10637,
TEC-PH-10004700,PowerGen Dual USB Car Charger,Technology,Phones,10638,
TEC-PH-10004707,"Samsung Signal Booster, Cordless",Technology,Phones,10639,
TEC-PH-10004714,"Motorola Office Telephone, VoIP",Technology,Phones,10640,
TEC-PH-10004732,"Cisco Office Telephone, Cordless",Technology,Phones,10641,
TEC-PH-10004760,"Samsung Office Telephone, with Caller ID",Technology,Phones,10642,
TEC-PH-10004772,"Motorola Signal Booster, VoIP",Technology,Phones,10643,
TEC-PH-10004774,Gear Head AU3700S Headset,Technology,Phones,10644,
TEC-PH-10004800,"Apple Headset, Full Size",Technology,Phones,10645,
TEC-PH-10004810,"Samsung Speaker Phone, Full Size",Technology,Phones,10646,
TEC-PH-10004823,"Nokia Smart Phone, Full Size",Technology,Phones,10647,
TEC-PH-10004825,"Cisco Headset, VoIP",Technology,Phones,10648,
TEC-PH-10004827,"Samsung Headset, Cordless",Technology,Phones,10649,
TEC-PH-10004830,Pyle PRT45 Retro Home Telephone,Technology,Phones,10650,
TEC-PH-10004833,Macally Suction Cup Mount,Technology,Phones,10651,
TEC-PH-10004871,"Motorola Headset, Cordless",Technology,Phones,10652,
TEC-PH-10004875,PNY Rapid USB Car Charger - Black,Technology,Phones,10653,
TEC-PH-10004879,"Nokia Headset, Cordless",Technology,Phones,10654,
TEC-PH-10004880,"Cisco Signal Booster, Cordless",Technology,Phones,10655,
TEC-PH-10004882,"Nokia Office Telephone, VoIP",Technology,Phones,10656,
TEC-PH-10004888,"Samsung Audio Dock, VoIP",Technology,Phones,10657,
TEC-PH-10004896,Nokia Lumia 521 (T-Mobile),Technology,Phones,10658,
TEC-PH-10004897,Mediabridge Sport Armband iPhone 5s,Technology,Phones,10659,
TEC-PH-10004901,"Nokia Office Telephone, Cordless",Technology,Phones,10660,
TEC-PH-10004908,Panasonic KX TS3282W Corded phone,Technology,Phones,10661,
TEC-PH-10004910,"Samsung Signal Booster, Full Size",Technology,Phones,10662,
TEC-PH-10004912,Cisco SPA112 2 Port Phone Adapter,Technology,Phones,10663,
TEC-PH-10004915,"Nokia Speaker Phone, Cordless",Technology,Phones,10664,
TEC-PH-10004922,RCA Visys Integrated PBX 8-Line Router,Technology,Phones,10665,
TEC-PH-10004924,"SKILCRAFT Telephone Shoulder Rest, 2"" x 6.5"" x 2.5"", Black",Technology,Phones,10666,
TEC-PH-10004933,"Samsung Headset, VoIP",Technology,Phones,10667,
TEC-PH-10004940,"Nokia Signal Booster, with Caller ID",Technology,Phones,10668,
TEC-PH-10004959,"Motorola Audio Dock, with Caller ID",Technology,Phones,10669,
TEC-PH-10004959,Classic Ivory Antique Telephone ZL1810,Technology,Phones,10670,
TEC-PH-10004970,"Nokia Headset, Full Size",Technology,Phones,10671,
TEC-PH-10004977,GE 30524EE4,Technology,Phones,10672,
TEC-PH-10004992,"Apple Office Telephone, Full Size",Technology,Phones,10673,
TEC-SAM-10000345,"Samsung Audio Dock, with Caller ID",Technology,Phones,10674,
TEC-SAM-10000588,"Samsung Office Telephone, Full Size",Technology,Phones,10675,
TEC-SAM-10000613,"Samsung Speaker Phone, with Caller ID",Technology,Phones,10676,
TEC-SAM-10000765,"Samsung Signal Booster, Full Size",Technology,Phones,10677,
TEC-SAM-10000779,"Samsung Signal Booster, Cordless",Technology,Phones,10678,
TEC-SAM-10001013,"Samsung Audio Dock, Cordless",Technology,Phones,10679,
TEC-SAM-10001017,"Samsung Speaker Phone, Cordless",Technology,Phones,10680,
TEC-SAM-10001131,"Samsung Smart Phone, VoIP",Technology,Phones,10681,
TEC-SAM-10001843,"Samsung Audio Dock, Full Size",Technology,Phones,10682,
TEC-SAM-10001935,"Samsung Office Telephone, Cordless",Technology,Phones,10683,
TEC-SAM-10001985,"Samsung Headset, Cordless",Technology,Phones,10684,
TEC-SAM-10002496,"Samsung Speaker Phone, VoIP",Technology,Phones,10685,
TEC-SAM-10002682,"Samsung Headset, Full Size",Technology,Phones,10686,
TEC-SAM-10003205,"Samsung Audio Dock, VoIP",Technology,Phones,10687,
TEC-SAM-10003493,"Samsung Signal Booster, VoIP",Technology,Phones,10688,
TEC-SAM-10003520,"Samsung Headset, VoIP",Technology,Phones,10689,
TEC-SAM-10003538,"Samsung Speaker Phone, Full Size",Technology,Phones,10690,
TEC-SAM-10003891,"Samsung Headset, with Caller ID",Technology,Phones,10691,
TEC-SAM-10003948,"Samsung Signal Booster, with Caller ID",Technology,Phones,10692,
TEC-SAM-10004230,"Samsung Smart Phone, Cordless",Technology,Phones,10693,
TEC-SAM-10004384,"Samsung Office Telephone, VoIP",Technology,Phones,10694,
TEC-SAM-10004785,"Samsung Smart Phone, with Caller ID",Technology,Phones,10695,
TEC-SAM-10004851,"Samsung Office Telephone, with Caller ID",Technology,Phones,10696,
TEC-SAM-10004940,"Samsung Smart Phone, Full Size",Technology,Phones,10697,
FUR-ADV-10000002,"Advantus Photo Frame, Duo Pack",Furniture,Furnishings,1,
FUR-ADV-10000108,"Advantus Clock, Erganomic",Furniture,Furnishings,2,
FUR-ADV-10000183,"Advantus Photo Frame, Black",Furniture,Furnishings,3,
FUR-ADV-10000188,"Advantus Stacking Tray, Erganomic",Furniture,Furnishings,4,
FUR-ADV-10000190,"Advantus Frame, Duo Pack",Furniture,Furnishings,5,
FUR-ADV-10000571,"Advantus Frame, Erganomic",Furniture,Furnishings,6,
FUR-ADV-10000600,"Advantus Clock, Duo Pack",Furniture,Furnishings,7,
FUR-ADV-10000847,"Advantus Stacking Tray, Black",Furniture,Furnishings,8,
FUR-ADV-10001283,"Advantus Frame, Black",Furniture,Furnishings,9,
FUR-ADV-10001440,"Advantus Door Stop, Black",Furniture,Furnishings,10,
FUR-ADV-10001659,"Advantus Light Bulb, Durable",Furniture,Furnishings,11,
FUR-ADV-10001855,"Advantus Stacking Tray, Durable",Furniture,Furnishings,12,
FUR-ADV-10002329,"Advantus Light Bulb, Erganomic",Furniture,Furnishings,13,
FUR-ADV-10002601,"Advantus Photo Frame, Erganomic",Furniture,Furnishings,14,
FUR-ADV-10002632,"Advantus Door Stop, Duo Pack",Furniture,Furnishings,15,
FUR-ADV-10002889,"Advantus Clock, Durable",Furniture,Furnishings,16,
FUR-ADV-10003147,"Advantus Stacking Tray, Erganomic",Furniture,Furnishings,17,
FUR-ADV-10003326,"Advantus Light Bulb, Black",Furniture,Furnishings,18,
FUR-ADV-10004159,"Advantus Frame, Durable",Furniture,Furnishings,19,
FUR-ADV-10004223,"Advantus Clock, Black",Furniture,Furnishings,20,
FUR-ADV-10004395,"Advantus Door Stop, Durable",Furniture,Furnishings,21,
FUR-ADV-10004499,"Advantus Photo Frame, Durable",Furniture,Furnishings,22,
FUR-ADV-10004718,"Advantus Light Bulb, Duo Pack",Furniture,Furnishings,23,
FUR-ADV-10004971,"Advantus Door Stop, Erganomic",Furniture,Furnishings,24,
FUR-DEF-10000065,"Deflect-O Frame, Durable",Furniture,Furnishings,1102,
FUR-DEF-10000346,"Deflect-O Frame, Duo Pack",Furniture,Furnishings,1103,
FUR-DEF-10000349,"Deflect-O Stacking Tray, Durable",Furniture,Furnishings,1104,
FUR-DEF-10000384,"Deflect-O Door Stop, Black",Furniture,Furnishings,1105,
FUR-DEF-10000495,"Deflect-O Clock, Black",Furniture,Furnishings,1106,
FUR-DEF-10000572,"Deflect-O Photo Frame, Duo Pack",Furniture,Furnishings,1107,
FUR-DEF-10000622,"Deflect-O Light Bulb, Black",Furniture,Furnishings,1108,
FUR-DEF-10000639,"Deflect-O Photo Frame, Black",Furniture,Furnishings,1109,
FUR-DEF-10000720,"Deflect-O Door Stop, Duo Pack",Furniture,Furnishings,1110,
FUR-DEF-10000810,"Deflect-O Stacking Tray, Black",Furniture,Furnishings,1111,
FUR-DEF-10001359,"Deflect-O Frame, Erganomic",Furniture,Furnishings,1112,
FUR-DEF-10001477,"Deflect-O Door Stop, Erganomic",Furniture,Furnishings,1113,
FUR-DEF-10001763,"Deflect-O Door Stop, Durable",Furniture,Furnishings,1114,
FUR-DEF-10002774,"Deflect-O Clock, Durable",Furniture,Furnishings,1115,
FUR-DEF-10002814,"Deflect-O Stacking Tray, Erganomic",Furniture,Furnishings,1116,
FUR-DEF-10002865,"Deflect-O Light Bulb, Erganomic",Furniture,Furnishings,1117,
FUR-DEF-10003140,"Deflect-O Light Bulb, Duo Pack",Furniture,Furnishings,1118,
FUR-DEF-10003315,"Deflect-O Clock, Erganomic",Furniture,Furnishings,1119,
FUR-DEF-10003551,"Deflect-O Photo Frame, Erganomic",Furniture,Furnishings,1120,
FUR-DEF-10003676,"Deflect-O Stacking Tray, Erganomic",Furniture,Furnishings,1121,
FUR-DEF-10004141,"Deflect-O Photo Frame, Durable",Furniture,Furnishings,1122,
FUR-DEF-10004355,"Deflect-O Clock, Duo Pack",Furniture,Furnishings,1123,
FUR-DEF-10004555,"Deflect-O Frame, Black",Furniture,Furnishings,1124,
FUR-DEF-10004936,"Deflect-O Light Bulb, Durable",Furniture,Furnishings,1125,
FUR-ELD-10000038,"Eldon Photo Frame, Erganomic",Furniture,Furnishings,1126,
FUR-ELD-10000301,"Eldon Frame, Duo Pack",Furniture,Furnishings,1127,
FUR-ELD-10000335,"Eldon Door Stop, Durable",Furniture,Furnishings,1128,
FUR-ELD-10000605,"Eldon Stacking Tray, Duo Pack",Furniture,Furnishings,1129,
FUR-ELD-10000857,"Eldon Door Stop, Erganomic",Furniture,Furnishings,1130,
FUR-ELD-10000963,"Eldon Stacking Tray, Durable",Furniture,Furnishings,1131,
FUR-ELD-10001163,"Eldon Frame, Erganomic",Furniture,Furnishings,1132,
FUR-ELD-10001413,"Eldon Light Bulb, Black",Furniture,Furnishings,1133,
FUR-ELD-10002511,"Eldon Photo Frame, Duo Pack",Furniture,Furnishings,1134,
FUR-ELD-10003131,"Eldon Frame, Durable",Furniture,Furnishings,1135,
FUR-ELD-10003179,"Eldon Clock, Erganomic",Furniture,Furnishings,1136,
FUR-ELD-10003479,"Eldon Clock, Durable",Furniture,Furnishings,1137,
FUR-ELD-10003695,"Eldon Light Bulb, Duo Pack",Furniture,Furnishings,1138,
FUR-ELD-10003802,"Eldon Photo Frame, Durable",Furniture,Furnishings,1139,
FUR-ELD-10003802,"Eldon Door Stop, Duo Pack",Furniture,Furnishings,1140,
FUR-ELD-10003828,"Eldon Light Bulb, Erganomic",Furniture,Furnishings,1141,
FUR-ELD-10003843,"Eldon Photo Frame, Black",Furniture,Furnishings,1142,
FUR-ELD-10004384,"Eldon Frame, Black",Furniture,Furnishings,1143,
FUR-ELD-10004515,"Eldon Door Stop, Black",Furniture,Furnishings,1144,
FUR-ELD-10004559,"Eldon Stacking Tray, Erganomic",Furniture,Furnishings,1145,
FUR-ELD-10004727,"Eldon Stacking Tray, Black",Furniture,Furnishings,1146,
FUR-ELD-10004973,"Eldon Clock, Black",Furniture,Furnishings,1147,
FUR-ELD-10004994,"Eldon Clock, Duo Pack",Furniture,Furnishings,1148,
FUR-FU-10000010,"DAX Value U-Channel Document Frames, Easel Back",Furniture,Furnishings,1149,
FUR-FU-10000012,"Tenex Stacking Tray, Black",Furniture,Furnishings,1150,
FUR-FU-10000018,"Eldon Clock, Erganomic",Furniture,Furnishings,1151,
FUR-FU-10000023,Eldon Wave Desk Accessories,Furniture,Furnishings,1152,
FUR-FU-10000039,"Tenex Light Bulb, Duo Pack",Furniture,Furnishings,1153,
FUR-FU-10000060,"Advantus Light Bulb, Duo Pack",Furniture,Furnishings,1154,
FUR-FU-10000065,"Rubbermaid Frame, Black",Furniture,Furnishings,1155,
FUR-FU-10000067,"Rubbermaid Photo Frame, Duo Pack",Furniture,Furnishings,1156,
FUR-FU-10000069,"Tenex Door Stop, Durable",Furniture,Furnishings,1157,
FUR-FU-10000072,"Advantus Light Bulb, Erganomic",Furniture,Furnishings,1158,
FUR-FU-10000073,Deflect-O Glasstique Clear Desk Accessories,Furniture,Furnishings,1159,
FUR-FU-10000076,24-Hour Round Wall Clock,Furniture,Furnishings,1160,
FUR-FU-10000087,"Executive Impressions 14"" Two-Color Numerals Wall Clock",Furniture,Furnishings,1161,
FUR-FU-10000110,"Deflect-O Door Stop, Black",Furniture,Furnishings,1162,
FUR-FU-10000135,"Tenex Photo Frame, Black",Furniture,Furnishings,1163,
FUR-FU-10000140,"Advantus Clock, Black",Furniture,Furnishings,1164,
FUR-FU-10000142,"Tenex Stacking Tray, Erganomic",Furniture,Furnishings,1165,
FUR-FU-10000159,"Advantus Frame, Erganomic",Furniture,Furnishings,1166,
FUR-FU-10000163,"Deflect-O Frame, Duo Pack",Furniture,Furnishings,1167,
FUR-FU-10000175,DAX Wood Document Frame.,Furniture,Furnishings,1168,
FUR-FU-10000188,"Tenex Frame, Duo Pack",Furniture,Furnishings,1169,
FUR-FU-10000193,Tenex Chairmats For Use with Hard Floors,Furniture,Furnishings,1170,
FUR-FU-10000204,"Advantus Door Stop, Durable",Furniture,Furnishings,1171,
FUR-FU-10000206,"GE General Purpose, Extra Long Life, Showcase & Floodlight Incandescent Bulbs",Furniture,Furnishings,1172,
FUR-FU-10000221,"Master Caster Door Stop, Brown",Furniture,Furnishings,1173,
FUR-FU-10000222,"Seth Thomas 16"" Steel Case Clock",Furniture,Furnishings,1174,
FUR-FU-10000225,"Rubbermaid Photo Frame, Durable",Furniture,Furnishings,1175,
FUR-FU-10000242,"Deflect-O Frame, Durable",Furniture,Furnishings,1176,
FUR-FU-10000246,Aluminum Document Frame,Furniture,Furnishings,1177,
FUR-FU-10000251,"Deflect-O Door Stop, Duo Pack",Furniture,Furnishings,1178,
FUR-FU-10000256,"Rubbermaid Photo Frame, Duo Pack",Furniture,Furnishings,1179,
FUR-FU-10000260,"6"" Cubicle Wall Clock, Black",Furniture,Furnishings,1180,
FUR-FU-10000267,"Advantus Clock, Durable",Furniture,Furnishings,1181,
FUR-FU-10000277,Deflect-o DuraMat Antistatic Studded Beveled Mat for Medium Pile Carpeting,Furniture,Furnishings,1182,
FUR-FU-10000287,"Eldon Stacking Tray, Black",Furniture,Furnishings,1183,
FUR-FU-10000293,Eldon Antistatic Chair Mats for Low to Medium Pile Carpets,Furniture,Furnishings,1184,
FUR-FU-10000295,"Advantus Light Bulb, Black",Furniture,Furnishings,1185,
FUR-FU-10000295,"Advantus Light Bulb, Durable",Furniture,Furnishings,1186,
FUR-FU-10000298,"Eldon Photo Frame, Duo Pack",Furniture,Furnishings,1187,
FUR-FU-10000305,"Tenex V2T-RE Standard Weight Series Chair Mat, 45"" x 53"", Lip 25"" x 12""",Furniture,Furnishings,1188,
FUR-FU-10000306,"Rubbermaid Clock, Duo Pack",Furniture,Furnishings,1189,
FUR-FU-10000308,Deflect-o Glass Clear Studded Chair Mats,Furniture,Furnishings,1190,
FUR-FU-10000320,OIC Stacking Trays,Furniture,Furnishings,1191,
FUR-FU-10000339,"Tenex Frame, Black",Furniture,Furnishings,1192,
FUR-FU-10000342,"Deflect-O Light Bulb, Durable",Furniture,Furnishings,1193,
FUR-FU-10000350,"Rubbermaid Light Bulb, Duo Pack",Furniture,Furnishings,1194,
FUR-FU-10000361,"Deflect-O Photo Frame, Erganomic",Furniture,Furnishings,1195,
FUR-FU-10000361,"Eldon Stacking Tray, Duo Pack",Furniture,Furnishings,1196,
FUR-FU-10000366,"Deflect-O Door Stop, Durable",Furniture,Furnishings,1197,
FUR-FU-10000368,"Deflect-O Frame, Durable",Furniture,Furnishings,1198,
FUR-FU-10000388,"Rubbermaid Door Stop, Erganomic",Furniture,Furnishings,1199,
FUR-FU-10000394,"Rubbermaid Photo Frame, Durable",Furniture,Furnishings,1200,
FUR-FU-10000397,Luxo Economy Swing Arm Lamp,Furniture,Furnishings,1201,
FUR-FU-10000409,"GE 4 Foot Flourescent Tube, 40 Watt",Furniture,Furnishings,1202,
FUR-FU-10000422,"Deflect-O Photo Frame, Black",Furniture,Furnishings,1203,
FUR-FU-10000432,"Eldon Clock, Black",Furniture,Furnishings,1204,
FUR-FU-10000444,"Advantus Stacking Tray, Erganomic",Furniture,Furnishings,1205,
FUR-FU-10000448,Tenex Chairmats For Use With Carpeted Floors,Furniture,Furnishings,1206,
FUR-FU-10000468,"Advantus Frame, Durable",Furniture,Furnishings,1207,
FUR-FU-10000481,"Rubbermaid Clock, Durable",Furniture,Furnishings,1208,
FUR-FU-10000482,"Eldon Photo Frame, Duo Pack",Furniture,Furnishings,1209,
FUR-FU-10000483,"Tenex Clock, Durable",Furniture,Furnishings,1210,
FUR-FU-10000488,"Rubbermaid Light Bulb, Erganomic",Furniture,Furnishings,1211,
FUR-FU-10000490,"Eldon Light Bulb, Erganomic",Furniture,Furnishings,1212,
FUR-FU-10000496,"Eldon Clock, Duo Pack",Furniture,Furnishings,1213,
FUR-FU-10000499,"Tenex Light Bulb, Duo Pack",Furniture,Furnishings,1214,
FUR-FU-10000502,"Deflect-O Clock, Black",Furniture,Furnishings,1215,
FUR-FU-10000507,"Tenex Photo Frame, Duo Pack",Furniture,Furnishings,1216,
FUR-FU-10000514,"Deflect-O Photo Frame, Erganomic",Furniture,Furnishings,1217,
FUR-FU-10000516,"Advantus Clock, Duo Pack",Furniture,Furnishings,1218,
FUR-FU-10000521,"Seth Thomas 14"" Putty-Colored Wall Clock",Furniture,Furnishings,1219,
FUR-FU-10000526,"Deflect-O Frame, Durable",Furniture,Furnishings,1220,
FUR-FU-10000541,"Advantus Frame, Duo Pack",Furniture,Furnishings,1221,
FUR-FU-10000546,"Eldon Door Stop, Erganomic",Furniture,Furnishings,1222,
FUR-FU-10000548,"Tenex Stacking Tray, Durable",Furniture,Furnishings,1223,
FUR-FU-10000550,Stacking Trays by OIC,Furniture,Furnishings,1224,
FUR-FU-10000556,"Tenex Light Bulb, Durable",Furniture,Furnishings,1225,
FUR-FU-10000567,"Rubbermaid Light Bulb, Erganomic",Furniture,Furnishings,1226,
FUR-FU-10000576,Luxo Professional Fluorescent Magnifier Lamp with Clamp-Mount Base,Furniture,Furnishings,1227,
FUR-FU-10000585,"Deflect-O Light Bulb, Duo Pack",Furniture,Furnishings,1228,
FUR-FU-10000605,"Rubbermaid Light Bulb, Black",Furniture,Furnishings,1229,
FUR-FU-10000606,"Deflect-O Photo Frame, Durable",Furniture,Furnishings,1230,
FUR-FU-10000612,"Tenex Frame, Black",Furniture,Furnishings,1231,
FUR-FU-10000620,"Advantus Clock, Black",Furniture,Furnishings,1232,
FUR-FU-10000628,"Rubbermaid Light Bulb, Black",Furniture,Furnishings,1233,
FUR-FU-10000629,9-3/4 Diameter Round Wall Clock,Furniture,Furnishings,1234,
FUR-FU-10000640,"Tenex Light Bulb, Duo Pack",Furniture,Furnishings,1235,
FUR-FU-10000641,"Deflect-O Door Stop, Durable",Furniture,Furnishings,1236,
FUR-FU-10000647,"Tenex Door Stop, Erganomic",Furniture,Furnishings,1237,
FUR-FU-10000657,"Eldon Door Stop, Black",Furniture,Furnishings,1238,
FUR-FU-10000666,"Rubbermaid Frame, Black",Furniture,Furnishings,1239,
FUR-FU-10000668,"Tenex Frame, Durable",Furniture,Furnishings,1240,
FUR-FU-10000669,"Eldon Stacking Tray, Duo Pack",Furniture,Furnishings,1241,
FUR-FU-10000672,"Executive Impressions 10"" Spectator Wall Clock",Furniture,Furnishings,1242,
FUR-FU-10000674,"Rubbermaid Photo Frame, Erganomic",Furniture,Furnishings,1243,
FUR-FU-10000686,"Rubbermaid Door Stop, Durable",Furniture,Furnishings,1244,
FUR-FU-10000702,"Tenex Frame, Black",Furniture,Furnishings,1245,
FUR-FU-10000705,"Advantus Frame, Black",Furniture,Furnishings,1246,
FUR-FU-10000714,"Tenex Light Bulb, Black",Furniture,Furnishings,1247,
FUR-FU-10000718,"Tenex Stacking Tray, Erganomic",Furniture,Furnishings,1248,
FUR-FU-10000718,"Rubbermaid Stacking Tray, Black",Furniture,Furnishings,1249,
FUR-FU-10000719,"DAX Cubicle Frames, 8-1/2 x 11",Furniture,Furnishings,1250,
FUR-FU-10000723,"Deflect-o EconoMat Studded, No Bevel Mat for Low Pile Carpeting",Furniture,Furnishings,1251,
FUR-FU-10000729,"Eldon Clock, Durable",Furniture,Furnishings,1252,
FUR-FU-10000732,Eldon 200 Class Desk Accessories,Furniture,Furnishings,1253,
FUR-FU-10000735,"Tenex Frame, Erganomic",Furniture,Furnishings,1254,
FUR-FU-10000743,"Eldon Frame, Erganomic",Furniture,Furnishings,1255,
FUR-FU-10000747,Tenex B1-RE Series Chair Mats for Low Pile Carpets,Furniture,Furnishings,1256,
FUR-FU-10000755,Eldon Expressions Mahogany Wood Desk Collection,Furniture,Furnishings,1257,
FUR-FU-10000758,DAX Natural Wood-Tone Poster Frame,Furniture,Furnishings,1258,
FUR-FU-10000762,"Advantus Light Bulb, Black",Furniture,Furnishings,1259,
FUR-FU-10000771,"Eldon 200 Class Desk Accessories, Smoke",Furniture,Furnishings,1260,
FUR-FU-10000776,"Deflect-O Door Stop, Erganomic",Furniture,Furnishings,1261,
FUR-FU-10000783,"Advantus Light Bulb, Durable",Furniture,Furnishings,1262,
FUR-FU-10000790,"Rubbermaid Light Bulb, Black",Furniture,Furnishings,1263,
FUR-FU-10000794,"Eldon Stackable Tray, Side-Load, Legal, Smoke",Furniture,Furnishings,1264,
FUR-FU-10000813,"Tenex Door Stop, Durable",Furniture,Furnishings,1265,
FUR-FU-10000815,"Eldon Door Stop, Black",Furniture,Furnishings,1266,
FUR-FU-10000816,"Tenex Clock, Erganomic",Furniture,Furnishings,1267,
FUR-FU-10000820,Tensor Brushed Steel Torchiere Floor Lamp,Furniture,Furnishings,1268,
FUR-FU-10000850,"Rubbermaid Clock, Black",Furniture,Furnishings,1269,
FUR-FU-10000885,"Eldon Light Bulb, Durable",Furniture,Furnishings,1270,
FUR-FU-10000889,"Rubbermaid Clock, Black",Furniture,Furnishings,1271,
FUR-FU-10000905,"Eldon Door Stop, Erganomic",Furniture,Furnishings,1272,
FUR-FU-10000907,"Eldon Clock, Duo Pack",Furniture,Furnishings,1273,
FUR-FU-10000913,"Rubbermaid Door Stop, Durable",Furniture,Furnishings,1274,
FUR-FU-10000918,"Deflect-O Photo Frame, Duo Pack",Furniture,Furnishings,1275,
FUR-FU-10000921,"Advantus Door Stop, Erganomic",Furniture,Furnishings,1276,
FUR-FU-10000936,"Eldon Photo Frame, Durable",Furniture,Furnishings,1277,
FUR-FU-10000944,"Advantus Light Bulb, Black",Furniture,Furnishings,1278,
FUR-FU-10000944,"Tenex Door Stop, Black",Furniture,Furnishings,1279,
FUR-FU-10000946,"Advantus Stacking Tray, Durable",Furniture,Furnishings,1280,
FUR-FU-10000950,"Deflect-O Door Stop, Durable",Furniture,Furnishings,1281,
FUR-FU-10000955,"Advantus Stacking Tray, Durable",Furniture,Furnishings,1282,
FUR-FU-10000965,"Howard Miller 11-1/2"" Diameter Ridgewood Wall Clock",Furniture,Furnishings,1283,
FUR-FU-10000972,"Rubbermaid Clock, Erganomic",Furniture,Furnishings,1284,
FUR-FU-10000975,"Eldon Clock, Black",Furniture,Furnishings,1285,
FUR-FU-10000980,"Advantus Photo Frame, Duo Pack",Furniture,Furnishings,1286,
FUR-FU-10001008,"Rubbermaid Light Bulb, Durable",Furniture,Furnishings,1287,
FUR-FU-10001015,"Eldon Stacking Tray, Black",Furniture,Furnishings,1288,
FUR-FU-10001025,"Eldon Imàge Series Desk Accessories, Clear",Furniture,Furnishings,1289,
FUR-FU-10001037,"DAX Charcoal/Nickel-Tone Document Frame, 5 x 7",Furniture,Furnishings,1290,
FUR-FU-10001045,"Eldon Photo Frame, Durable",Furniture,Furnishings,1291,
FUR-FU-10001057,Tensor Track Tree Floor Lamp,Furniture,Furnishings,1292,
FUR-FU-10001063,"Eldon Light Bulb, Black",Furniture,Furnishings,1293,
FUR-FU-10001078,"Advantus Clock, Durable",Furniture,Furnishings,1294,
FUR-FU-10001085,3M Polarizing Light Filter Sleeves,Furniture,Furnishings,1295,
FUR-FU-10001086,"Advantus Frame, Black",Furniture,Furnishings,1296,
FUR-FU-10001090,"Advantus Stacking Tray, Erganomic",Furniture,Furnishings,1297,
FUR-FU-10001091,"Eldon Photo Frame, Erganomic",Furniture,Furnishings,1298,
FUR-FU-10001095,DAX Black Cherry Wood-Tone Poster Frame,Furniture,Furnishings,1299,
FUR-FU-10001096,"Advantus Clock, Black",Furniture,Furnishings,1300,
FUR-FU-10001098,"Deflect-O Door Stop, Black",Furniture,Furnishings,1301,
FUR-FU-10001126,"Rubbermaid Clock, Erganomic",Furniture,Furnishings,1302,
FUR-FU-10001129,"Deflect-O Stacking Tray, Black",Furniture,Furnishings,1303,
FUR-FU-10001130,"Rubbermaid Stacking Tray, Erganomic",Furniture,Furnishings,1304,
FUR-FU-10001132,"Deflect-O Frame, Erganomic",Furniture,Furnishings,1305,
FUR-FU-10001135,"Eldon Door Stop, Duo Pack",Furniture,Furnishings,1306,
FUR-FU-10001142,"Deflect-O Clock, Black",Furniture,Furnishings,1307,
FUR-FU-10001144,"Rubbermaid Photo Frame, Erganomic",Furniture,Furnishings,1308,
FUR-FU-10001161,"Deflect-O Photo Frame, Duo Pack",Furniture,Furnishings,1309,
FUR-FU-10001169,"Rubbermaid Clock, Duo Pack",Furniture,Furnishings,1310,
FUR-FU-10001175,"Advantus Door Stop, Durable",Furniture,Furnishings,1311,
FUR-FU-10001185,"Advantus Employee of the Month Certificate Frame, 11 x 13-1/2",Furniture,Furnishings,1312,
FUR-FU-10001194,"Rubbermaid Light Bulb, Duo Pack",Furniture,Furnishings,1313,
FUR-FU-10001196,DAX Cubicle Frames - 8x10,Furniture,Furnishings,1314,
FUR-FU-10001200,"Tenex Photo Frame, Erganomic",Furniture,Furnishings,1315,
FUR-FU-10001215,"Howard Miller 11-1/2"" Diameter Brentwood Wall Clock",Furniture,Furnishings,1316,
FUR-FU-10001246,"Advantus Frame, Durable",Furniture,Furnishings,1317,
FUR-FU-10001252,"Eldon Frame, Duo Pack",Furniture,Furnishings,1318,
FUR-FU-10001252,"Eldon Clock, Erganomic",Furniture,Furnishings,1319,
FUR-FU-10001254,"Deflect-O Light Bulb, Black",Furniture,Furnishings,1320,
FUR-FU-10001255,"Advantus Light Bulb, Durable",Furniture,Furnishings,1321,
FUR-FU-10001260,"Rubbermaid Light Bulb, Erganomic",Furniture,Furnishings,1322,
FUR-FU-10001290,Executive Impressions Supervisor Wall Clock,Furniture,Furnishings,1323,
FUR-FU-10001317,"Eldon Photo Frame, Erganomic",Furniture,Furnishings,1324,
FUR-FU-10001322,"Deflect-O Clock, Durable",Furniture,Furnishings,1325,
FUR-FU-10001324,"Deflect-O Clock, Duo Pack",Furniture,Furnishings,1326,
FUR-FU-10001343,"Eldon Stacking Tray, Erganomic",Furniture,Furnishings,1327,
FUR-FU-10001351,"Rubbermaid Photo Frame, Black",Furniture,Furnishings,1328,
FUR-FU-10001366,"Advantus Photo Frame, Duo Pack",Furniture,Furnishings,1329,
FUR-FU-10001371,"Deflect-O Stacking Tray, Black",Furniture,Furnishings,1330,
FUR-FU-10001379,"Executive Impressions 16-1/2"" Circular Wall Clock",Furniture,Furnishings,1331,
FUR-FU-10001393,"Deflect-O Stacking Tray, Erganomic",Furniture,Furnishings,1332,
FUR-FU-10001410,"Tenex Clock, Durable",Furniture,Furnishings,1333,
FUR-FU-10001410,"Tenex Frame, Black",Furniture,Furnishings,1334,
FUR-FU-10001424,"Eldon Photo Frame, Durable",Furniture,Furnishings,1335,
FUR-FU-10001424,Dax Clear Box Frame,Furniture,Furnishings,1336,
FUR-FU-10001436,"Advantus Clock, Duo Pack",Furniture,Furnishings,1337,
FUR-FU-10001438,"Rubbermaid Frame, Duo Pack",Furniture,Furnishings,1338,
FUR-FU-10001447,"Eldon Stacking Tray, Duo Pack",Furniture,Furnishings,1339,
FUR-FU-10001452,"Rubbermaid Door Stop, Black",Furniture,Furnishings,1340,
FUR-FU-10001468,Tenex Antistatic Computer Chair Mats,Furniture,Furnishings,1341,
FUR-FU-10001471,"Eldon Door Stop, Durable",Furniture,Furnishings,1342,
FUR-FU-10001473,"Eldon Executive Woodline II Desk Accessories, Mahogany",Furniture,Furnishings,1343,
FUR-FU-10001473,DAX Wood Document Frame,Furniture,Furnishings,1344,
FUR-FU-10001475,"Contract Clock, 14"", Brown",Furniture,Furnishings,1345,
FUR-FU-10001477,"Deflect-O Frame, Erganomic",Furniture,Furnishings,1346,
FUR-FU-10001477,"Rubbermaid Stacking Tray, Black",Furniture,Furnishings,1347,
FUR-FU-10001480,"Advantus Door Stop, Black",Furniture,Furnishings,1348,
FUR-FU-10001487,"Eldon Expressions Wood and Plastic Desk Accessories, Cherry Wood",Furniture,Furnishings,1349,
FUR-FU-10001488,"Tenex 46"" x 60"" Computer Anti-Static Chairmat, Rectangular Shaped",Furniture,Furnishings,1350,
FUR-FU-10001495,"Eldon Door Stop, Durable",Furniture,Furnishings,1351,
FUR-FU-10001507,"Rubbermaid Light Bulb, Duo Pack",Furniture,Furnishings,1352,
FUR-FU-10001541,"Tenex Photo Frame, Black",Furniture,Furnishings,1353,
FUR-FU-10001546,Dana Swing-Arm Lamps,Furniture,Furnishings,1354,
FUR-FU-10001557,"Advantus Clock, Duo Pack",Furniture,Furnishings,1355,
FUR-FU-10001583,"Deflect-O Light Bulb, Black",Furniture,Furnishings,1356,
FUR-FU-10001588,"Deflect-o SuperTray Unbreakable Stackable Tray, Letter, Black",Furniture,Furnishings,1357,
FUR-FU-10001591,Advantus Panel Wall Certificate Holder - 8.5x11,Furniture,Furnishings,1358,
FUR-FU-10001601,"Rubbermaid Frame, Erganomic",Furniture,Furnishings,1359,
FUR-FU-10001602,"Eldon Delta Triangular Chair Mat, 52"" x 58"", Clear",Furniture,Furnishings,1360,
FUR-FU-10001617,"Executive Impressions 8-1/2"" Career Panel/Partition Cubicle Clock",Furniture,Furnishings,1361,
FUR-FU-10001617,"Eldon Frame, Black",Furniture,Furnishings,1362,
FUR-FU-10001619,"Advantus Clock, Erganomic",Furniture,Furnishings,1363,
FUR-FU-10001640,"Eldon Photo Frame, Black",Furniture,Furnishings,1364,
FUR-FU-10001657,"Deflect-O Frame, Erganomic",Furniture,Furnishings,1365,
FUR-FU-10001667,"Rubbermaid Stacking Tray, Black",Furniture,Furnishings,1366,
FUR-FU-10001674,"Deflect-O Clock, Duo Pack",Furniture,Furnishings,1367,
FUR-FU-10001691,"Deflect-O Photo Frame, Black",Furniture,Furnishings,1368,
FUR-FU-10001692,"Eldon Clock, Duo Pack",Furniture,Furnishings,1369,
FUR-FU-10001692,"Deflect-O Clock, Durable",Furniture,Furnishings,1370,
FUR-FU-10001706,Longer-Life Soft White Bulbs,Furniture,Furnishings,1371,
FUR-FU-10001711,"Tenex Frame, Erganomic",Furniture,Furnishings,1372,
FUR-FU-10001717,"Rubbermaid Stacking Tray, Erganomic",Furniture,Furnishings,1373,
FUR-FU-10001718,"Eldon Door Stop, Duo Pack",Furniture,Furnishings,1374,
FUR-FU-10001731,Acrylic Self-Standing Desk Frames,Furniture,Furnishings,1375,
FUR-FU-10001746,"Advantus Stacking Tray, Durable",Furniture,Furnishings,1376,
FUR-FU-10001756,"Eldon Expressions Desk Accessory, Wood Photo Frame, Mahogany",Furniture,Furnishings,1377,
FUR-FU-10001760,"Tenex Light Bulb, Black",Furniture,Furnishings,1378,
FUR-FU-10001764,"Deflect-O Clock, Black",Furniture,Furnishings,1379,
FUR-FU-10001765,"Eldon Clock, Durable",Furniture,Furnishings,1380,
FUR-FU-10001770,"Deflect-O Clock, Erganomic",Furniture,Furnishings,1381,
FUR-FU-10001774,"Eldon Door Stop, Durable",Furniture,Furnishings,1382,
FUR-FU-10001775,"Deflect-O Stacking Tray, Durable",Furniture,Furnishings,1383,
FUR-FU-10001791,"Tenex Photo Frame, Durable",Furniture,Furnishings,1384,
FUR-FU-10001843,"Advantus Door Stop, Durable",Furniture,Furnishings,1385,
FUR-FU-10001847,Eldon Image Series Black Desk Accessories,Furniture,Furnishings,1386,
FUR-FU-10001852,"Eldon Regeneration Recycled Desk Accessories, Smoke",Furniture,Furnishings,1387,
FUR-FU-10001861,"Floodlight Indoor Halogen Bulbs, 1 Bulb per Pack, 60 Watts",Furniture,Furnishings,1388,
FUR-FU-10001867,"Eldon Expressions Punched Metal & Wood Desk Accessories, Pewter & Cherry",Furniture,Furnishings,1389,
FUR-FU-10001876,"Computer Room Manger, 14""",Furniture,Furnishings,1390,
FUR-FU-10001889,Ultra Door Pull Handle,Furniture,Furnishings,1391,
FUR-FU-10001890,"Eldon Clock, Durable",Furniture,Furnishings,1392,
FUR-FU-10001893,"Deflect-O Photo Frame, Durable",Furniture,Furnishings,1393,
FUR-FU-10001902,"Deflect-O Stacking Tray, Durable",Furniture,Furnishings,1394,
FUR-FU-10001915,"Rubbermaid Stacking Tray, Black",Furniture,Furnishings,1395,
FUR-FU-10001918,C-Line Cubicle Keepers Polyproplyene Holder With Velcro Backings,Furniture,Furnishings,1396,
FUR-FU-10001933,"Rubbermaid Stacking Tray, Erganomic",Furniture,Furnishings,1397,
FUR-FU-10001933,"Tenex Stacking Tray, Black",Furniture,Furnishings,1398,
FUR-FU-10001933,"Deflect-O Door Stop, Duo Pack",Furniture,Furnishings,1399,
FUR-FU-10001934,Magnifier Swing Arm Lamp,Furniture,Furnishings,1400,
FUR-FU-10001935,3M Hangers With Command Adhesive,Furniture,Furnishings,1401,
FUR-FU-10001935,"Eldon Light Bulb, Black",Furniture,Furnishings,1402,
FUR-FU-10001940,Staples,Furniture,Furnishings,1403,
FUR-FU-10001942,"Eldon Frame, Duo Pack",Furniture,Furnishings,1404,
FUR-FU-10001950,"Eldon Door Stop, Black",Furniture,Furnishings,1405,
FUR-FU-10001967,Telescoping Adjustable Floor Lamp,Furniture,Furnishings,1406,
FUR-FU-10001977,"Deflect-O Frame, Erganomic",Furniture,Furnishings,1407,
FUR-FU-10001979,Dana Halogen Swing-Arm Architect Lamp,Furniture,Furnishings,1408,
FUR-FU-10001986,"Dana Fluorescent Magnifying Lamp, White, 36""",Furniture,Furnishings,1409,
FUR-FU-10002004,"Tenex Stacking Tray, Durable",Furniture,Furnishings,1410,
FUR-FU-10002007,"Rubbermaid Stacking Tray, Black",Furniture,Furnishings,1411,
FUR-FU-10002017,"Rubbermaid Door Stop, Duo Pack",Furniture,Furnishings,1412,
FUR-FU-10002019,"Eldon Photo Frame, Black",Furniture,Furnishings,1413,
FUR-FU-10002019,"Eldon Light Bulb, Durable",Furniture,Furnishings,1414,
FUR-FU-10002030,"Executive Impressions 14"" Contract Wall Clock with Quartz Movement",Furniture,Furnishings,1415,
FUR-FU-10002045,"Executive Impressions 14""",Furniture,Furnishings,1416,
FUR-FU-10002055,"Eldon Light Bulb, Black",Furniture,Furnishings,1417,
FUR-FU-10002069,"Advantus Door Stop, Durable",Furniture,Furnishings,1418,
FUR-FU-10002088,Nu-Dell Float Frame 11 x 14 1/2,Furniture,Furnishings,1419,
FUR-FU-10002094,"Rubbermaid Photo Frame, Erganomic",Furniture,Furnishings,1420,
FUR-FU-10002104,"Advantus Photo Frame, Black",Furniture,Furnishings,1421,
FUR-FU-10002107,Eldon Pizzaz Desk Accessories,Furniture,Furnishings,1422,
FUR-FU-10002111,"Master Caster Door Stop, Large Brown",Furniture,Furnishings,1423,
FUR-FU-10002116,"Tenex Carpeted, Granite-Look or Clear Contemporary Contour Shape Chair Mats",Furniture,Furnishings,1424,
FUR-FU-10002122,"Rubbermaid Frame, Duo Pack",Furniture,Furnishings,1425,
FUR-FU-10002157,Artistic Insta-Plaque,Furniture,Furnishings,1426,
FUR-FU-10002168,"Eldon Photo Frame, Black",Furniture,Furnishings,1427,
FUR-FU-10002170,"Eldon Stacking Tray, Durable",Furniture,Furnishings,1428,
FUR-FU-10002170,"Deflect-O Frame, Duo Pack",Furniture,Furnishings,1429,
FUR-FU-10002185,"Eldon Photo Frame, Durable",Furniture,Furnishings,1430,
FUR-FU-10002191,G.E. Halogen Desk Lamp Bulbs,Furniture,Furnishings,1431,
FUR-FU-10002210,"Tenex Clock, Black",Furniture,Furnishings,1432,
FUR-FU-10002223,"Deflect-O Stacking Tray, Durable",Furniture,Furnishings,1433,
FUR-FU-10002240,Nu-Dell EZ-Mount Plastic Wall Frames,Furniture,Furnishings,1434,
FUR-FU-10002246,"Tenex Frame, Duo Pack",Furniture,Furnishings,1435,
FUR-FU-10002250,"Advantus Photo Frame, Durable",Furniture,Furnishings,1436,
FUR-FU-10002253,"Howard Miller 13"" Diameter Pewter Finish Round Wall Clock",Furniture,Furnishings,1437,
FUR-FU-10002268,Ultra Door Push Plate,Furniture,Furnishings,1438,
FUR-FU-10002292,"Deflect-O Door Stop, Duo Pack",Furniture,Furnishings,1439,
FUR-FU-10002298,"Rubbermaid ClusterMat Chairmats, Mat Size- 66"" x 60"", Lip 20"" x 11"" -90 Degree Angle",Furniture,Furnishings,1440,
FUR-FU-10002304,"Tenex Photo Frame, Duo Pack",Furniture,Furnishings,1441,
FUR-FU-10002305,"Advantus Door Stop, Black",Furniture,Furnishings,1442,
FUR-FU-10002335,"Rubbermaid Light Bulb, Durable",Furniture,Furnishings,1443,
FUR-FU-10002362,"Advantus Door Stop, Black",Furniture,Furnishings,1444,
FUR-FU-10002364,"Eldon Expressions Wood Desk Accessories, Oak",Furniture,Furnishings,1445,
FUR-FU-10002379,Eldon Econocleat Chair Mats for Low Pile Carpets,Furniture,Furnishings,1446,
FUR-FU-10002387,"Rubbermaid Photo Frame, Durable",Furniture,Furnishings,1447,
FUR-FU-10002396,"DAX Copper Panel Document Frame, 5 x 7 Size",Furniture,Furnishings,1448,
FUR-FU-10002407,"Deflect-O Light Bulb, Duo Pack",Furniture,Furnishings,1449,
FUR-FU-10002412,"Tenex Clock, Duo Pack",Furniture,Furnishings,1450,
FUR-FU-10002422,"Eldon Photo Frame, Duo Pack",Furniture,Furnishings,1451,
FUR-FU-10002445,"DAX Two-Tone Rosewood/Black Document Frame, Desktop, 5 x 7",Furniture,Furnishings,1452,
FUR-FU-10002456,"Master Caster Door Stop, Large Neon Orange",Furniture,Furnishings,1453,
FUR-FU-10002459,"Rubbermaid Door Stop, Duo Pack",Furniture,Furnishings,1454,
FUR-FU-10002485,"Rubbermaid Photo Frame, Duo Pack",Furniture,Furnishings,1455,
FUR-FU-10002486,"Advantus Clock, Durable",Furniture,Furnishings,1456,
FUR-FU-10002501,Nu-Dell Executive Frame,Furniture,Furnishings,1457,
FUR-FU-10002502,"Eldon Light Bulb, Durable",Furniture,Furnishings,1458,
FUR-FU-10002505,Eldon 100 Class Desk Accessories,Furniture,Furnishings,1459,
FUR-FU-10002506,"Tensor ""Hersey Kiss"" Styled Floor Lamp",Furniture,Furnishings,1460,
FUR-FU-10002508,Document Clip Frames,Furniture,Furnishings,1461,
FUR-FU-10002521,"Tenex Stacking Tray, Black",Furniture,Furnishings,1462,
FUR-FU-10002525,"Deflect-O Door Stop, Erganomic",Furniture,Furnishings,1463,
FUR-FU-10002539,"Tenex Clock, Erganomic",Furniture,Furnishings,1464,
FUR-FU-10002546,"Deflect-O Light Bulb, Durable",Furniture,Furnishings,1465,
FUR-FU-10002549,"Deflect-O Clock, Duo Pack",Furniture,Furnishings,1466,
FUR-FU-10002553,"Electrix Incandescent Magnifying Lamp, Black",Furniture,Furnishings,1467,
FUR-FU-10002554,"Westinghouse Floor Lamp with Metal Mesh Shade, Black",Furniture,Furnishings,1468,
FUR-FU-10002557,"Rubbermaid Stacking Tray, Erganomic",Furniture,Furnishings,1469,
FUR-FU-10002597,"C-Line Magnetic Cubicle Keepers, Clear Polypropylene",Furniture,Furnishings,1470,
FUR-FU-10002598,"Tenex Photo Frame, Durable",Furniture,Furnishings,1471,
FUR-FU-10002614,"Tenex Door Stop, Black",Furniture,Furnishings,1472,
FUR-FU-10002630,"Tenex Clock, Erganomic",Furniture,Furnishings,1473,
FUR-FU-10002637,"Deflect-O Stacking Tray, Erganomic",Furniture,Furnishings,1474,
FUR-FU-10002648,"Rubbermaid Stacking Tray, Erganomic",Furniture,Furnishings,1475,
FUR-FU-10002655,"Deflect-O Door Stop, Black",Furniture,Furnishings,1476,
FUR-FU-10002659,"Eldon Clock, Black",Furniture,Furnishings,1477,
FUR-FU-10002659,"Tenex Door Stop, Erganomic",Furniture,Furnishings,1478,
FUR-FU-10002665,"Advantus Light Bulb, Erganomic",Furniture,Furnishings,1479,
FUR-FU-10002671,Electrix 20W Halogen Replacement Bulb for Zoom-In Desk Lamp,Furniture,Furnishings,1480,
FUR-FU-10002685,"Executive Impressions 13-1/2"" Indoor/Outdoor Wall Clock",Furniture,Furnishings,1481,
FUR-FU-10002696,"Eldon Frame, Durable",Furniture,Furnishings,1482,
FUR-FU-10002698,"Deflect-O Clock, Erganomic",Furniture,Furnishings,1483,
FUR-FU-10002699,"Eldon Photo Frame, Erganomic",Furniture,Furnishings,1484,
FUR-FU-10002703,"Tenex Traditional Chairmats for Hard Floors, Average Lip, 36"" x 48""",Furniture,Furnishings,1485,
FUR-FU-10002709,"Advantus Clock, Erganomic",Furniture,Furnishings,1486,
FUR-FU-10002722,"Tenex Photo Frame, Erganomic",Furniture,Furnishings,1487,
FUR-FU-10002751,"Advantus Photo Frame, Durable",Furniture,Furnishings,1488,
FUR-FU-10002759,12-1/2 Diameter Round Wall Clock,Furniture,Furnishings,1489,
FUR-FU-10002784,"Advantus Photo Frame, Duo Pack",Furniture,Furnishings,1490,
FUR-FU-10002800,"Tenex Photo Frame, Erganomic",Furniture,Furnishings,1491,
FUR-FU-10002803,"Deflect-O Stacking Tray, Erganomic",Furniture,Furnishings,1492,
FUR-FU-10002804,"Advantus Clock, Duo Pack",Furniture,Furnishings,1493,
FUR-FU-10002813,"DAX Contemporary Wood Frame with Silver Metal Mat, Desktop, 11 x 14 Size",Furniture,Furnishings,1494,
FUR-FU-10002818,"Advantus Stacking Tray, Black",Furniture,Furnishings,1495,
FUR-FU-10002829,"Deflect-O Photo Frame, Black",Furniture,Furnishings,1496,
FUR-FU-10002829,"Deflect-O Clock, Black",Furniture,Furnishings,1497,
FUR-FU-10002834,"Deflect-O Light Bulb, Erganomic",Furniture,Furnishings,1498,
FUR-FU-10002837,"Advantus Frame, Duo Pack",Furniture,Furnishings,1499,
FUR-FU-10002838,"Advantus Frame, Black",Furniture,Furnishings,1500,
FUR-FU-10002848,"Advantus Stacking Tray, Black",Furniture,Furnishings,1501,
FUR-FU-10002874,Ultra Commercial Grade Dual Valve Door Closer,Furniture,Furnishings,1502,
FUR-FU-10002878,"Seth Thomas 14"" Day/Date Wall Clock",Furniture,Furnishings,1503,
FUR-FU-10002885,Magna Visual Magnetic Picture Hangers,Furniture,Furnishings,1504,
FUR-FU-10002890,"Rubbermaid Frame, Durable",Furniture,Furnishings,1505,
FUR-FU-10002918,Eldon ClusterMat Chair Mat with Cordless Antistatic Protection,Furniture,Furnishings,1506,
FUR-FU-10002919,"Rubbermaid Frame, Erganomic",Furniture,Furnishings,1507,
FUR-FU-10002928,"Rubbermaid Clock, Durable",Furniture,Furnishings,1508,
FUR-FU-10002928,"Eldon Light Bulb, Erganomic",Furniture,Furnishings,1509,
FUR-FU-10002930,"Eldon Door Stop, Duo Pack",Furniture,Furnishings,1510,
FUR-FU-10002933,"Advantus Stacking Tray, Erganomic",Furniture,Furnishings,1511,
FUR-FU-10002937,"GE 48"" Fluorescent Tube, Cool White Energy Saver, 34 Watts, 30/Box",Furniture,Furnishings,1512,
FUR-FU-10002937,"Rubbermaid Light Bulb, Durable",Furniture,Furnishings,1513,
FUR-FU-10002957,"Tenex Stacking Tray, Durable",Furniture,Furnishings,1514,
FUR-FU-10002960,"Eldon 200 Class Desk Accessories, Burgundy",Furniture,Furnishings,1515,
FUR-FU-10002963,"Master Caster Door Stop, Gray",Furniture,Furnishings,1516,
FUR-FU-10002972,"Advantus Light Bulb, Duo Pack",Furniture,Furnishings,1517,
FUR-FU-10002979,"Eldon Frame, Black",Furniture,Furnishings,1518,
FUR-FU-10003012,"Rubbermaid Stacking Tray, Durable",Furniture,Furnishings,1519,
FUR-FU-10003026,"Eldon Regeneration Recycled Desk Accessories, Black",Furniture,Furnishings,1520,
FUR-FU-10003036,"Eldon Door Stop, Durable",Furniture,Furnishings,1521,
FUR-FU-10003039,"Howard Miller 11-1/2"" Diameter Grantwood Wall Clock",Furniture,Furnishings,1522,
FUR-FU-10003046,"Advantus Photo Frame, Durable",Furniture,Furnishings,1523,
FUR-FU-10003052,"Advantus Photo Frame, Duo Pack",Furniture,Furnishings,1524,
FUR-FU-10003066,"Deflect-O Frame, Duo Pack",Furniture,Furnishings,1525,
FUR-FU-10003069,"Deflect-O Photo Frame, Durable",Furniture,Furnishings,1526,
FUR-FU-10003094,"Eldon Clock, Erganomic",Furniture,Furnishings,1527,
FUR-FU-10003095,"Linden 12"" Wall Clock With Oak Frame",Furniture,Furnishings,1528,
FUR-FU-10003096,"Master Giant Foot Doorstop, Safety Yellow",Furniture,Furnishings,1529,
FUR-FU-10003112,"Tenex Frame, Durable",Furniture,Furnishings,1530,
FUR-FU-10003142,"Master Big Foot Doorstop, Beige",Furniture,Furnishings,1531,
FUR-FU-10003150,"Eldon Door Stop, Erganomic",Furniture,Furnishings,1532,
FUR-FU-10003192,Luxo Adjustable Task Clamp Lamp,Furniture,Furnishings,1533,
FUR-FU-10003194,"Eldon Expressions Desk Accessory, Wood Pencil Holder, Oak",Furniture,Furnishings,1534,
FUR-FU-10003198,"Rubbermaid Photo Frame, Erganomic",Furniture,Furnishings,1535,
FUR-FU-10003214,"Eldon Stacking Tray, Durable",Furniture,Furnishings,1536,
FUR-FU-10003217,"Tenex Frame, Durable",Furniture,Furnishings,1537,
FUR-FU-10003219,"Eldon Frame, Erganomic",Furniture,Furnishings,1538,
FUR-FU-10003235,"Eldon Frame, Durable",Furniture,Furnishings,1539,
FUR-FU-10003237,"Eldon Stacking Tray, Durable",Furniture,Furnishings,1540,
FUR-FU-10003247,36X48 HARDFLOOR CHAIRMAT,Furniture,Furnishings,1541,
FUR-FU-10003264,"Rubbermaid Clock, Black",Furniture,Furnishings,1542,
FUR-FU-10003268,Eldon Radial Chair Mat for Low to Medium Pile Carpets,Furniture,Furnishings,1543,
FUR-FU-10003273,"Tenex Frame, Duo Pack",Furniture,Furnishings,1544,
FUR-FU-10003274,Regeneration Desk Collection,Furniture,Furnishings,1545,
FUR-FU-10003276,"Rubbermaid Light Bulb, Durable",Furniture,Furnishings,1546,
FUR-FU-10003283,"Rubbermaid Stacking Tray, Durable",Furniture,Furnishings,1547,
FUR-FU-10003297,"Rubbermaid Frame, Erganomic",Furniture,Furnishings,1548,
FUR-FU-10003325,"Tenex Door Stop, Duo Pack",Furniture,Furnishings,1549,
FUR-FU-10003326,"Eldon Photo Frame, Duo Pack",Furniture,Furnishings,1550,
FUR-FU-10003336,"Eldon Door Stop, Erganomic",Furniture,Furnishings,1551,
FUR-FU-10003339,"Tenex Clock, Black",Furniture,Furnishings,1552,
FUR-FU-10003347,Coloredge Poster Frame,Furniture,Furnishings,1553,
FUR-FU-10003362,"Rubbermaid Stacking Tray, Erganomic",Furniture,Furnishings,1554,
FUR-FU-10003370,"Tenex Light Bulb, Durable",Furniture,Furnishings,1555,
FUR-FU-10003374,Electrix Fluorescent Magnifier Lamps & Weighted Base,Furniture,Furnishings,1556,
FUR-FU-10003384,"Advantus Photo Frame, Duo Pack",Furniture,Furnishings,1557,
FUR-FU-10003394,"Tenex ""The Solids"" Textured Chair Mats",Furniture,Furnishings,1558,
FUR-FU-10003408,"Rubbermaid Stacking Tray, Erganomic",Furniture,Furnishings,1559,
FUR-FU-10003414,"Tenex Clock, Duo Pack",Furniture,Furnishings,1560,
FUR-FU-10003414,"Deflect-O Light Bulb, Erganomic",Furniture,Furnishings,1561,
FUR-FU-10003419,"Eldon Clock, Erganomic",Furniture,Furnishings,1562,
FUR-FU-10003420,"Deflect-O Door Stop, Durable",Furniture,Furnishings,1563,
FUR-FU-10003424,Nu-Dell Oak Frame,Furniture,Furnishings,1564,
FUR-FU-10003427,"Rubbermaid Frame, Erganomic",Furniture,Furnishings,1565,
FUR-FU-10003447,"Eldon Light Bulb, Duo Pack",Furniture,Furnishings,1566,
FUR-FU-10003451,"Eldon Frame, Black",Furniture,Furnishings,1567,
FUR-FU-10003462,"Rubbermaid Photo Frame, Black",Furniture,Furnishings,1568,
FUR-FU-10003464,"Seth Thomas 8 1/2"" Cubicle Clock",Furniture,Furnishings,1569,
FUR-FU-10003489,Contemporary Borderless Frame,Furniture,Furnishings,1570,
FUR-FU-10003500,"Rubbermaid Photo Frame, Duo Pack",Furniture,Furnishings,1571,
FUR-FU-10003507,"Deflect-O Stacking Tray, Erganomic",Furniture,Furnishings,1572,
FUR-FU-10003512,"Eldon Stacking Tray, Erganomic",Furniture,Furnishings,1573,
FUR-FU-10003535,Howard Miller Distant Time Traveler Alarm Clock,Furniture,Furnishings,1574,
FUR-FU-10003540,"Deflect-O Light Bulb, Erganomic",Furniture,Furnishings,1575,
FUR-FU-10003540,"Deflect-O Stacking Tray, Erganomic",Furniture,Furnishings,1576,
FUR-FU-10003546,"Advantus Clock, Durable",Furniture,Furnishings,1577,
FUR-FU-10003552,"Tenex Door Stop, Duo Pack",Furniture,Furnishings,1578,
FUR-FU-10003553,"Howard Miller 13-1/2"" Diameter Rosebrook Wall Clock",Furniture,Furnishings,1579,
FUR-FU-10003577,Nu-Dell Leatherette Frames,Furniture,Furnishings,1580,
FUR-FU-10003601,"Deflect-o RollaMat Studded, Beveled Mat for Medium Pile Carpeting",Furniture,Furnishings,1581,
FUR-FU-10003605,"Eldon Light Bulb, Durable",Furniture,Furnishings,1582,
FUR-FU-10003608,"Tenex Light Bulb, Erganomic",Furniture,Furnishings,1583,
FUR-FU-10003608,"Advantus Light Bulb, Black",Furniture,Furnishings,1584,
FUR-FU-10003609,"Rubbermaid Frame, Duo Pack",Furniture,Furnishings,1585,
FUR-FU-10003619,"Tenex Clock, Black",Furniture,Furnishings,1586,
FUR-FU-10003622,"Tenex Light Bulb, Erganomic",Furniture,Furnishings,1587,
FUR-FU-10003623,"DataProducts Ampli Magnifier Task Lamp, Black,",Furniture,Furnishings,1588,
FUR-FU-10003651,"Deflect-O Stacking Tray, Erganomic",Furniture,Furnishings,1589,
FUR-FU-10003658,"Tenex Light Bulb, Duo Pack",Furniture,Furnishings,1590,
FUR-FU-10003662,"Tenex Door Stop, Erganomic",Furniture,Furnishings,1591,
FUR-FU-10003664,"Tenex Frame, Erganomic",Furniture,Furnishings,1592,
FUR-FU-10003664,"Electrix Architect's Clamp-On Swing Arm Lamp, Black",Furniture,Furnishings,1593,
FUR-FU-10003691,"Eldon Image Series Desk Accessories, Ebony",Furniture,Furnishings,1594,
FUR-FU-10003694,"Rubbermaid Clock, Duo Pack",Furniture,Furnishings,1595,
FUR-FU-10003708,"Tenex Traditional Chairmats for Medium Pile Carpet, Standard Lip, 36"" x 48""",Furniture,Furnishings,1596,
FUR-FU-10003717,"Deflect-O Light Bulb, Black",Furniture,Furnishings,1597,
FUR-FU-10003724,Westinghouse Clip-On Gooseneck Lamps,Furniture,Furnishings,1598,
FUR-FU-10003725,"Advantus Light Bulb, Erganomic",Furniture,Furnishings,1599,
FUR-FU-10003731,"Eldon Expressions Wood and Plastic Desk Accessories, Oak",Furniture,Furnishings,1600,
FUR-FU-10003736,"Rubbermaid Frame, Duo Pack",Furniture,Furnishings,1601,
FUR-FU-10003773,Eldon Cleatmat Plus Chair Mats for High Pile Carpets,Furniture,Furnishings,1602,
FUR-FU-10003798,"Ultra Door Kickplate, 8""H x 34""W",Furniture,Furnishings,1603,
FUR-FU-10003799,"Seth Thomas 13 1/2"" Wall Clock",Furniture,Furnishings,1604,
FUR-FU-10003804,"Rubbermaid Frame, Durable",Furniture,Furnishings,1605,
FUR-FU-10003806,"Tenex Chairmat w/ Average Lip, 45"" x 53""",Furniture,Furnishings,1606,
FUR-FU-10003826,"Eldon Door Stop, Duo Pack",Furniture,Furnishings,1607,
FUR-FU-10003829,Stackable Trays,Furniture,Furnishings,1608,
FUR-FU-10003832,"Eldon Expressions Punched Metal & Wood Desk Accessories, Black & Cherry",Furniture,Furnishings,1609,
FUR-FU-10003849,"DAX Metal Frame, Desktop, Stepped-Edge",Furniture,Furnishings,1610,
FUR-FU-10003855,"Rubbermaid Clock, Erganomic",Furniture,Furnishings,1611,
FUR-FU-10003862,"Advantus Photo Frame, Black",Furniture,Furnishings,1612,
FUR-FU-10003874,"Advantus Door Stop, Erganomic",Furniture,Furnishings,1613,
FUR-FU-10003878,"Linden 10"" Round Wall Clock, Black",Furniture,Furnishings,1614,
FUR-FU-10003879,"Advantus Frame, Erganomic",Furniture,Furnishings,1615,
FUR-FU-10003886,"Tenex Photo Frame, Black",Furniture,Furnishings,1616,
FUR-FU-10003901,"Advantus Stacking Tray, Erganomic",Furniture,Furnishings,1617,
FUR-FU-10003910,"Rubbermaid Stacking Tray, Durable",Furniture,Furnishings,1618,
FUR-FU-10003918,"Advantus Photo Frame, Black",Furniture,Furnishings,1619,
FUR-FU-10003919,Eldon Executive Woodline II Cherry Finish Desk Accessories,Furniture,Furnishings,1620,
FUR-FU-10003930,Howard Miller 12-3/4 Diameter Accuwave DS  Wall Clock,Furniture,Furnishings,1621,
FUR-FU-10003939,"Tenex Photo Frame, Duo Pack",Furniture,Furnishings,1622,
FUR-FU-10003960,"Deflect-O Stacking Tray, Erganomic",Furniture,Furnishings,1623,
FUR-FU-10003970,"Rubbermaid Clock, Durable",Furniture,Furnishings,1624,
FUR-FU-10003975,Eldon Advantage Chair Mats for Low to Medium Pile Carpets,Furniture,Furnishings,1625,
FUR-FU-10003976,"DAX Executive Solid Wood Document Frame, Desktop or Hang, Mahogany, 5 x 7",Furniture,Furnishings,1626,
FUR-FU-10003981,Eldon Wave Desk Accessories,Furniture,Furnishings,1627,
FUR-FU-10003986,"Rubbermaid Door Stop, Black",Furniture,Furnishings,1628,
FUR-FU-10004006,"Deflect-o DuraMat Lighweight, Studded, Beveled Mat for Low Pile Carpeting",Furniture,Furnishings,1629,
FUR-FU-10004013,"Deflect-O Clock, Durable",Furniture,Furnishings,1630,
FUR-FU-10004013,"Tenex Stacking Tray, Erganomic",Furniture,Furnishings,1631,
FUR-FU-10004015,"Tenex Clock, Durable",Furniture,Furnishings,1632,
FUR-FU-10004017,"Executive Impressions 13"" Chairman Wall Clock",Furniture,Furnishings,1633,
FUR-FU-10004017,"Tenex Contemporary Contur Chairmats for Low and Medium Pile Carpet, Computer, 39"" x 49""",Furniture,Furnishings,1634,
FUR-FU-10004018,Tensor Computer Mounted Lamp,Furniture,Furnishings,1635,
FUR-FU-10004019,"Rubbermaid Door Stop, Erganomic",Furniture,Furnishings,1636,
FUR-FU-10004020,Advantus Panel Wall Acrylic Frame,Furniture,Furnishings,1637,
FUR-FU-10004031,"Advantus Frame, Durable",Furniture,Furnishings,1638,
FUR-FU-10004049,"Eldon Light Bulb, Erganomic",Furniture,Furnishings,1639,
FUR-FU-10004053,DAX Two-Tone Silver Metal Document Frame,Furniture,Furnishings,1640,
FUR-FU-10004064,"Rubbermaid Door Stop, Erganomic",Furniture,Furnishings,1641,
FUR-FU-10004071,Luxo Professional Magnifying Clamp-On Fluorescent Lamps,Furniture,Furnishings,1642,
FUR-FU-10004074,"Advantus Stacking Tray, Erganomic",Furniture,Furnishings,1643,
FUR-FU-10004090,"Executive Impressions 14"" Contract Wall Clock",Furniture,Furnishings,1644,
FUR-FU-10004091,"Howard Miller 13"" Diameter Goldtone Round Wall Clock",Furniture,Furnishings,1645,
FUR-FU-10004091,"Eldon 200 Class Desk Accessories, Black",Furniture,Furnishings,1646,
FUR-FU-10004093,Hand-Finished Solid Wood Document Frame,Furniture,Furnishings,1647,
FUR-FU-10004095,"Eldon Frame, Durable",Furniture,Furnishings,1648,
FUR-FU-10004096,"Deflect-O Light Bulb, Erganomic",Furniture,Furnishings,1649,
FUR-FU-10004097,"Advantus Door Stop, Duo Pack",Furniture,Furnishings,1650,
FUR-FU-10004117,"Eldon Door Stop, Black",Furniture,Furnishings,1651,
FUR-FU-10004137,"Tenex Light Bulb, Erganomic",Furniture,Furnishings,1652,
FUR-FU-10004139,"Tenex Photo Frame, Duo Pack",Furniture,Furnishings,1653,
FUR-FU-10004152,"Eldon Photo Frame, Erganomic",Furniture,Furnishings,1654,
FUR-FU-10004158,"Deflect-O Frame, Black",Furniture,Furnishings,1655,
FUR-FU-10004164,"Eldon 300 Class Desk Accessories, Black",Furniture,Furnishings,1656,
FUR-FU-10004181,"Rubbermaid Photo Frame, Black",Furniture,Furnishings,1657,
FUR-FU-10004182,"Eldon Stacking Tray, Black",Furniture,Furnishings,1658,
FUR-FU-10004188,Luxo Professional Combination Clamp-On Lamps,Furniture,Furnishings,1659,
FUR-FU-10004224,"Deflect-O Photo Frame, Erganomic",Furniture,Furnishings,1660,
FUR-FU-10004236,"Deflect-O Light Bulb, Black",Furniture,Furnishings,1661,
FUR-FU-10004241,"Deflect-O Light Bulb, Black",Furniture,Furnishings,1662,
FUR-FU-10004245,"Career Cubicle Clock, 8 1/4"", Black",Furniture,Furnishings,1663,
FUR-FU-10004270,"Eldon Image Series Desk Accessories, Burgundy",Furniture,Furnishings,1664,
FUR-FU-10004270,"Executive Impressions 13"" Clairmont Wall Clock",Furniture,Furnishings,1665,
FUR-FU-10004281,"Eldon Light Bulb, Erganomic",Furniture,Furnishings,1666,
FUR-FU-10004283,"Tenex Door Stop, Duo Pack",Furniture,Furnishings,1667,
FUR-FU-10004288,"Eldon Frame, Duo Pack",Furniture,Furnishings,1668,
FUR-FU-10004289,"Deflect-O Stacking Tray, Black",Furniture,Furnishings,1669,
FUR-FU-10004306,Electrix Halogen Magnifier Lamp,Furniture,Furnishings,1670,
FUR-FU-10004313,"Eldon Light Bulb, Duo Pack",Furniture,Furnishings,1671,
FUR-FU-10004338,"Tenex Light Bulb, Black",Furniture,Furnishings,1672,
FUR-FU-10004339,"Deflect-O Frame, Black",Furniture,Furnishings,1673,
FUR-FU-10004351,Staples,Furniture,Furnishings,1674,
FUR-FU-10004415,"Stacking Tray, Side-Loading, Legal, Smoke",Furniture,Furnishings,1675,
FUR-FU-10004421,"Tenex Clock, Durable",Furniture,Furnishings,1676,
FUR-FU-10004422,"Advantus Photo Frame, Erganomic",Furniture,Furnishings,1677,
FUR-FU-10004427,"Advantus Stacking Tray, Erganomic",Furniture,Furnishings,1678,
FUR-FU-10004450,"Eldon Light Bulb, Duo Pack",Furniture,Furnishings,1679,
FUR-FU-10004458,"Rubbermaid Door Stop, Black",Furniture,Furnishings,1680,
FUR-FU-10004459,"Deflect-O Door Stop, Erganomic",Furniture,Furnishings,1681,
FUR-FU-10004460,"Howard Miller 12"" Round Wall Clock",Furniture,Furnishings,1682,
FUR-FU-10004460,"Tenex Clock, Black",Furniture,Furnishings,1683,
FUR-FU-10004462,"Advantus Stacking Tray, Black",Furniture,Furnishings,1684,
FUR-FU-10004464,"Deflect-O Clock, Durable",Furniture,Furnishings,1685,
FUR-FU-10004474,"Rubbermaid Door Stop, Duo Pack",Furniture,Furnishings,1686,
FUR-FU-10004483,"Deflect-O Light Bulb, Durable",Furniture,Furnishings,1687,
FUR-FU-10004497,"Tenex Door Stop, Erganomic",Furniture,Furnishings,1688,
FUR-FU-10004503,"Tenex Photo Frame, Black",Furniture,Furnishings,1689,
FUR-FU-10004509,"Advantus Door Stop, Duo Pack",Furniture,Furnishings,1690,
FUR-FU-10004516,"Deflect-O Frame, Black",Furniture,Furnishings,1691,
FUR-FU-10004527,"Advantus Frame, Duo Pack",Furniture,Furnishings,1692,
FUR-FU-10004549,"Advantus Frame, Erganomic",Furniture,Furnishings,1693,
FUR-FU-10004579,"Rubbermaid Door Stop, Durable",Furniture,Furnishings,1694,
FUR-FU-10004579,"Deflect-O Door Stop, Duo Pack",Furniture,Furnishings,1695,
FUR-FU-10004586,G.E. Longer-Life Indoor Recessed Floodlight Bulbs,Furniture,Furnishings,1696,
FUR-FU-10004587,"GE General Use Halogen Bulbs, 100 Watts, 1 Bulb per Pack",Furniture,Furnishings,1697,
FUR-FU-10004596,"Tenex Door Stop, Black",Furniture,Furnishings,1698,
FUR-FU-10004597,Eldon Cleatmat Chair Mats for Medium Pile Carpets,Furniture,Furnishings,1699,
FUR-FU-10004598,"Deflect-O Stacking Tray, Durable",Furniture,Furnishings,1700,
FUR-FU-10004604,"Deflect-O Clock, Erganomic",Furniture,Furnishings,1701,
FUR-FU-10004608,"Advantus Door Stop, Erganomic",Furniture,Furnishings,1702,
FUR-FU-10004614,"Rubbermaid Frame, Black",Furniture,Furnishings,1703,
FUR-FU-10004617,"Eldon Stacking Tray, Duo Pack",Furniture,Furnishings,1704,
FUR-FU-10004619,"Tenex Stacking Tray, Erganomic",Furniture,Furnishings,1705,
FUR-FU-10004622,Eldon Advantage Foldable Chair Mats for Low Pile Carpets,Furniture,Furnishings,1706,
FUR-FU-10004640,"Tenex Light Bulb, Durable",Furniture,Furnishings,1707,
FUR-FU-10004665,"3M Polarizing Task Lamp with Clamp Arm, Light Gray",Furniture,Furnishings,1708,
FUR-FU-10004666,DAX Clear Channel Poster Frame,Furniture,Furnishings,1709,
FUR-FU-10004671,"Executive Impressions 12"" Wall Clock",Furniture,Furnishings,1710,
FUR-FU-10004689,"Advantus Light Bulb, Duo Pack",Furniture,Furnishings,1711,
FUR-FU-10004704,"Deflect-O Door Stop, Black",Furniture,Furnishings,1712,
FUR-FU-10004712,"Westinghouse Mesh Shade Clip-On Gooseneck Lamp, Black",Furniture,Furnishings,1713,
FUR-FU-10004730,"Rubbermaid Light Bulb, Erganomic",Furniture,Furnishings,1714,
FUR-FU-10004748,"Howard Miller 16"" Diameter Gallery Wall Clock",Furniture,Furnishings,1715,
FUR-FU-10004778,"Deflect-O Light Bulb, Duo Pack",Furniture,Furnishings,1716,
FUR-FU-10004780,"Deflect-O Frame, Duo Pack",Furniture,Furnishings,1717,
FUR-FU-10004787,"Advantus Frame, Durable",Furniture,Furnishings,1718,
FUR-FU-10004790,"Advantus Photo Frame, Erganomic",Furniture,Furnishings,1719,
FUR-FU-10004797,"Tenex Stacking Tray, Erganomic",Furniture,Furnishings,1720,
FUR-FU-10004800,"Eldon Stacking Tray, Black",Furniture,Furnishings,1721,
FUR-FU-10004811,"Eldon Door Stop, Erganomic",Furniture,Furnishings,1722,
FUR-FU-10004816,"Advantus Door Stop, Duo Pack",Furniture,Furnishings,1723,
FUR-FU-10004820,"Advantus Photo Frame, Erganomic",Furniture,Furnishings,1724,
FUR-FU-10004823,"Advantus Clock, Erganomic",Furniture,Furnishings,1725,
FUR-FU-10004842,"Advantus Light Bulb, Erganomic",Furniture,Furnishings,1726,
FUR-FU-10004845,"Deflect-o EconoMat Nonstudded, No Bevel Mat",Furniture,Furnishings,1727,
FUR-FU-10004848,DAX Solid Wood Frames,Furniture,Furnishings,1728,
FUR-FU-10004848,"Howard Miller 13-3/4"" Diameter Brushed Chrome Round Wall Clock",Furniture,Furnishings,1729,
FUR-FU-10004864,Eldon 500 Class Desk Accessories,Furniture,Furnishings,1730,
FUR-FU-10004864,"Howard Miller 14-1/2"" Diameter Chrome Round Wall Clock",Furniture,Furnishings,1731,
FUR-FU-10004876,"Eldon Frame, Erganomic",Furniture,Furnishings,1732,
FUR-FU-10004888,"Tenex Stacking Tray, Erganomic",Furniture,Furnishings,1733,
FUR-FU-10004903,"Eldon Light Bulb, Black",Furniture,Furnishings,1734,
FUR-FU-10004904,"Eldon ""L"" Workstation Diamond Chairmat",Furniture,Furnishings,1735,
FUR-FU-10004907,"Advantus Light Bulb, Durable",Furniture,Furnishings,1736,
FUR-FU-10004909,Contemporary Wood/Metal Frame,Furniture,Furnishings,1737,
FUR-FU-10004915,"Rubbermaid Frame, Durable",Furniture,Furnishings,1738,
FUR-FU-10004923,"Advantus Stacking Tray, Durable",Furniture,Furnishings,1739,
FUR-FU-10004952,"C-Line Cubicle Keepers Polyproplyene Holder w/Velcro Back, 8-1/2x11, 25/Bx",Furniture,Furnishings,1740,
FUR-FU-10004954,"Tenex Clock, Duo Pack",Furniture,Furnishings,1741,
FUR-FU-10004955,"Tenex Door Stop, Durable",Furniture,Furnishings,1742,
FUR-FU-10004960,"Deflect-O Photo Frame, Duo Pack",Furniture,Furnishings,1743,
FUR-FU-10004960,"Seth Thomas 12"" Clock w/ Goldtone Case",Furniture,Furnishings,1744,
FUR-FU-10004960,"Deflect-O Photo Frame, Durable",Furniture,Furnishings,1745,
FUR-FU-10004963,"Eldon 400 Class Desk Accessories, Black Carbon",Furniture,Furnishings,1746,
FUR-FU-10004973,Flat Face Poster Frame,Furniture,Furnishings,1747,
FUR-FU-10004995,"Deflect-O Light Bulb, Durable",Furniture,Furnishings,1748,
FUR-FU-10004998,"Eldon Stacking Tray, Erganomic",Furniture,Furnishings,1749,
FUR-RUB-10000501,"Rubbermaid Clock, Black",Furniture,Furnishings,1890,
FUR-RUB-10000958,"Rubbermaid Light Bulb, Black",Furniture,Furnishings,1891,
FUR-RUB-10001094,"Rubbermaid Door Stop, Duo Pack",Furniture,Furnishings,1892,
FUR-RUB-10001190,"Rubbermaid Clock, Erganomic",Furniture,Furnishings,1893,
FUR-RUB-10001310,"Rubbermaid Photo Frame, Black",Furniture,Furnishings,1894,
FUR-RUB-10001380,"Rubbermaid Photo Frame, Erganomic",Furniture,Furnishings,1895,
FUR-RUB-10001484,"Rubbermaid Clock, Durable",Furniture,Furnishings,1896,
FUR-RUB-10001704,"Rubbermaid Frame, Black",Furniture,Furnishings,1897,
FUR-RUB-10001717,"Rubbermaid Photo Frame, Durable",Furniture,Furnishings,1898,
FUR-RUB-10001796,"Rubbermaid Light Bulb, Erganomic",Furniture,Furnishings,1899,
FUR-RUB-10002021,"Rubbermaid Light Bulb, Durable",Furniture,Furnishings,1900,
FUR-RUB-10002067,"Rubbermaid Frame, Erganomic",Furniture,Furnishings,1901,
FUR-RUB-10002507,"Rubbermaid Stacking Tray, Black",Furniture,Furnishings,1902,
FUR-RUB-10002817,"Rubbermaid Door Stop, Durable",Furniture,Furnishings,1903,
FUR-RUB-10002945,"Rubbermaid Photo Frame, Duo Pack",Furniture,Furnishings,1904,
FUR-RUB-10003004,"Rubbermaid Frame, Durable",Furniture,Furnishings,1905,
FUR-RUB-10003411,"Rubbermaid Stacking Tray, Erganomic",Furniture,Furnishings,1906,
FUR-RUB-10003518,"Rubbermaid Door Stop, Erganomic",Furniture,Furnishings,1907,
FUR-RUB-10003699,"Rubbermaid Light Bulb, Duo Pack",Furniture,Furnishings,1908,
FUR-RUB-10003724,"Rubbermaid Frame, Duo Pack",Furniture,Furnishings,1909,
FUR-RUB-10004036,"Rubbermaid Stacking Tray, Erganomic",Furniture,Furnishings,1910,
FUR-RUB-10004285,"Rubbermaid Clock, Duo Pack",Furniture,Furnishings,1911,
FUR-RUB-10004420,"Rubbermaid Door Stop, Black",Furniture,Furnishings,1912,
FUR-RUB-10004633,"Rubbermaid Stacking Tray, Durable",Furniture,Furnishings,1913,
FUR-TEN-10000002,"Tenex Stacking Tray, Black",Furniture,Furnishings,2308,
FUR-TEN-10000296,"Tenex Door Stop, Durable",Furniture,Furnishings,2309,
FUR-TEN-10000325,"Tenex Light Bulb, Erganomic",Furniture,Furnishings,2310,
FUR-TEN-10000377,"Tenex Light Bulb, Duo Pack",Furniture,Furnishings,2311,
FUR-TEN-10000407,"Tenex Door Stop, Erganomic",Furniture,Furnishings,2312,
FUR-TEN-10000525,"Tenex Clock, Black",Furniture,Furnishings,2313,
FUR-TEN-10000558,"Tenex Frame, Erganomic",Furniture,Furnishings,2314,
FUR-TEN-10000986,"Tenex Frame, Duo Pack",Furniture,Furnishings,2315,
FUR-TEN-10001349,"Tenex Frame, Black",Furniture,Furnishings,2316,
FUR-TEN-10001809,"Tenex Photo Frame, Erganomic",Furniture,Furnishings,2317,
FUR-TEN-10002418,"Tenex Clock, Duo Pack",Furniture,Furnishings,2318,
FUR-TEN-10002448,"Tenex Stacking Tray, Erganomic",Furniture,Furnishings,2319,
FUR-TEN-10003050,"Tenex Photo Frame, Black",Furniture,Furnishings,2320,
FUR-TEN-10003349,"Tenex Photo Frame, Durable",Furniture,Furnishings,2321,
FUR-TEN-10003552,"Tenex Clock, Durable",Furniture,Furnishings,2322,
FUR-TEN-10003648,"Tenex Stacking Tray, Erganomic",Furniture,Furnishings,2323,
FUR-TEN-10003871,"Tenex Frame, Durable",Furniture,Furnishings,2324,
FUR-TEN-10003879,"Tenex Light Bulb, Black",Furniture,Furnishings,2325,
FUR-TEN-10003900,"Tenex Stacking Tray, Durable",Furniture,Furnishings,2326,
FUR-TEN-10003923,"Tenex Door Stop, Duo Pack",Furniture,Furnishings,2327,
FUR-TEN-10004147,"Tenex Clock, Erganomic",Furniture,Furnishings,2328,
FUR-TEN-10004388,"Tenex Door Stop, Black",Furniture,Furnishings,2329,
FUR-TEN-10004549,"Tenex Light Bulb, Durable",Furniture,Furnishings,2330,
FUR-CH-10000005,"Office Star Executive Leather Armchair, Adjustable",Furniture,Chairs,537,
FUR-CH-10000013,"Hon Steel Folding Chair, Black",Furniture,Chairs,538,
FUR-CH-10000015,Hon Multipurpose Stacking Arm Chairs,Furniture,Chairs,539,
FUR-CH-10000025,"Office Star Rocking Chair, Set of Two",Furniture,Chairs,540,
FUR-CH-10000026,"SAFCO Rocking Chair, Black",Furniture,Chairs,541,
FUR-CH-10000027,"SAFCO Executive Leather Armchair, Black",Furniture,Chairs,542,
FUR-CH-10000042,"Harbour Creations Swivel Stool, Black",Furniture,Chairs,543,
FUR-CH-10000051,"Harbour Creations Executive Leather Armchair, Black",Furniture,Chairs,544,
FUR-CH-10000068,"Office Star Steel Folding Chair, Red",Furniture,Chairs,545,
FUR-CH-10000068,"SAFCO Rocking Chair, Black",Furniture,Chairs,546,
FUR-CH-10000089,"Hon Rocking Chair, Black",Furniture,Chairs,547,
FUR-CH-10000105,"Hon Steel Folding Chair, Set of Two",Furniture,Chairs,548,
FUR-CH-10000105,"Novimex Bag Chairs, Black",Furniture,Chairs,549,
FUR-CH-10000110,"Hon Bag Chairs, Red",Furniture,Chairs,550,
FUR-CH-10000117,"Novimex Steel Folding Chair, Black",Furniture,Chairs,551,
FUR-CH-10000133,"Harbour Creations Steel Folding Chair, Black",Furniture,Chairs,552,
FUR-CH-10000136,"Harbour Creations Steel Folding Chair, Set of Two",Furniture,Chairs,553,
FUR-CH-10000155,Global Comet Stacking Armless Chair,Furniture,Chairs,554,
FUR-CH-10000171,"SAFCO Steel Folding Chair, Adjustable",Furniture,Chairs,555,
FUR-CH-10000182,"Office Star Bag Chairs, Adjustable",Furniture,Chairs,556,
FUR-CH-10000187,"Hon Chairmat, Red",Furniture,Chairs,557,
FUR-CH-10000213,"Hon Swivel Stool, Red",Furniture,Chairs,558,
FUR-CH-10000214,"Hon Rocking Chair, Set of Two",Furniture,Chairs,559,
FUR-CH-10000214,"Harbour Creations Bag Chairs, Black",Furniture,Chairs,560,
FUR-CH-10000225,"Global Geo Office Task Chair, Gray",Furniture,Chairs,561,
FUR-CH-10000229,Global Enterprise Series Seating High-Back Swivel/Tilt Chairs,Furniture,Chairs,562,
FUR-CH-10000233,"SAFCO Chairmat, Red",Furniture,Chairs,563,
FUR-CH-10000258,"Office Star Steel Folding Chair, Red",Furniture,Chairs,564,
FUR-CH-10000265,"Office Star Chairmat, Adjustable",Furniture,Chairs,565,
FUR-CH-10000294,"Office Star Swivel Stool, Red",Furniture,Chairs,566,
FUR-CH-10000302,"Novimex Rocking Chair, Red",Furniture,Chairs,567,
FUR-CH-10000309,Global Comet Stacking Arm Chair,Furniture,Chairs,568,
FUR-CH-10000326,"SAFCO Rocking Chair, Red",Furniture,Chairs,569,
FUR-CH-10000333,"SAFCO Swivel Stool, Black",Furniture,Chairs,570,
FUR-CH-10000336,"SAFCO Chairmat, Set of Two",Furniture,Chairs,571,
FUR-CH-10000343,"Hon Executive Leather Armchair, Black",Furniture,Chairs,572,
FUR-CH-10000351,"Novimex Chairmat, Set of Two",Furniture,Chairs,573,
FUR-CH-10000373,"Hon Steel Folding Chair, Set of Two",Furniture,Chairs,574,
FUR-CH-10000391,"Novimex Bag Chairs, Red",Furniture,Chairs,575,
FUR-CH-10000399,"Hon Swivel Stool, Set of Two",Furniture,Chairs,576,
FUR-CH-10000414,"Novimex Chairmat, Black",Furniture,Chairs,577,
FUR-CH-10000422,Global Highback Leather Tilter in Burgundy,Furniture,Chairs,578,
FUR-CH-10000423,"Hon Chairmat, Set of Two",Furniture,Chairs,579,
FUR-CH-10000430,"SAFCO Swivel Stool, Red",Furniture,Chairs,580,
FUR-CH-10000430,"SAFCO Rocking Chair, Set of Two",Furniture,Chairs,581,
FUR-CH-10000432,"Harbour Creations Swivel Stool, Adjustable",Furniture,Chairs,582,
FUR-CH-10000438,"Novimex Chairmat, Adjustable",Furniture,Chairs,583,
FUR-CH-10000454,"Hon Deluxe Fabric Upholstered Stacking Chairs, Rounded Back",Furniture,Chairs,584,
FUR-CH-10000470,"Novimex Executive Leather Armchair, Red",Furniture,Chairs,585,
FUR-CH-10000479,"Harbour Creations Executive Leather Armchair, Adjustable",Furniture,Chairs,586,
FUR-CH-10000488,"SAFCO Steel Folding Chair, Black",Furniture,Chairs,587,
FUR-CH-10000513,High-Back Leather Manager's Chair,Furniture,Chairs,588,
FUR-CH-10000527,"Office Star Executive Leather Armchair, Adjustable",Furniture,Chairs,589,
FUR-CH-10000528,"Novimex Steel Folding Chair, Adjustable",Furniture,Chairs,590,
FUR-CH-10000546,"Harbour Creations Executive Leather Armchair, Adjustable",Furniture,Chairs,591,
FUR-CH-10000553,"Metal Folding Chairs, Beige, 4/Carton",Furniture,Chairs,592,
FUR-CH-10000568,"Hon Bag Chairs, Black",Furniture,Chairs,593,
FUR-CH-10000583,"Novimex Swivel Stool, Set of Two",Furniture,Chairs,594,
FUR-CH-10000595,Safco Contoured Stacking Chairs,Furniture,Chairs,595,
FUR-CH-10000602,"Novimex Executive Leather Armchair, Red",Furniture,Chairs,596,
FUR-CH-10000603,"Hon Bag Chairs, Red",Furniture,Chairs,597,
FUR-CH-10000604,"Office Star Rocking Chair, Set of Two",Furniture,Chairs,598,
FUR-CH-10000608,"Office Star Chairmat, Set of Two",Furniture,Chairs,599,
FUR-CH-10000656,"Hon Swivel Stool, Adjustable",Furniture,Chairs,600,
FUR-CH-10000660,"Novimex Executive Leather Armchair, Adjustable",Furniture,Chairs,601,
FUR-CH-10000663,"Hon Steel Folding Chair, Adjustable",Furniture,Chairs,602,
FUR-CH-10000665,"Global Airflow Leather Mesh Back Chair, Black",Furniture,Chairs,603,
FUR-CH-10000666,"SAFCO Chairmat, Black",Furniture,Chairs,604,
FUR-CH-10000667,"Novimex Chairmat, Black",Furniture,Chairs,605,
FUR-CH-10000677,"Hon Steel Folding Chair, Red",Furniture,Chairs,606,
FUR-CH-10000685,"Hon Executive Leather Armchair, Black",Furniture,Chairs,607,
FUR-CH-10000689,"SAFCO Chairmat, Red",Furniture,Chairs,608,
FUR-CH-10000690,"Novimex Bag Chairs, Black",Furniture,Chairs,609,
FUR-CH-10000694,"Novimex Steel Folding Chair, Red",Furniture,Chairs,610,
FUR-CH-10000727,"Office Star Chairmat, Set of Two",Furniture,Chairs,611,
FUR-CH-10000745,"Hon Chairmat, Adjustable",Furniture,Chairs,612,
FUR-CH-10000749,Office Star - Ergonomic Mid Back Chair with 2-Way Adjustable Arms,Furniture,Chairs,613,
FUR-CH-10000774,"SAFCO Rocking Chair, Set of Two",Furniture,Chairs,614,
FUR-CH-10000777,"Harbour Creations Executive Leather Armchair, Adjustable",Furniture,Chairs,615,
FUR-CH-10000783,"Office Star Executive Leather Armchair, Adjustable",Furniture,Chairs,616,
FUR-CH-10000785,Global Ergonomic Managers Chair,Furniture,Chairs,617,
FUR-CH-10000788,"Hon Rocking Chair, Adjustable",Furniture,Chairs,618,
FUR-CH-10000790,"Hon Chairmat, Adjustable",Furniture,Chairs,619,
FUR-CH-10000807,"Hon Rocking Chair, Adjustable",Furniture,Chairs,620,
FUR-CH-10000825,"SAFCO Chairmat, Red",Furniture,Chairs,621,
FUR-CH-10000836,"SAFCO Swivel Stool, Adjustable",Furniture,Chairs,622,
FUR-CH-10000843,"SAFCO Executive Leather Armchair, Set of Two",Furniture,Chairs,623,
FUR-CH-10000847,Global Executive Mid-Back Manager's Chair,Furniture,Chairs,624,
FUR-CH-10000848,"SAFCO Executive Leather Armchair, Set of Two",Furniture,Chairs,625,
FUR-CH-10000852,"Novimex Chairmat, Set of Two",Furniture,Chairs,626,
FUR-CH-10000857,"Harbour Creations Rocking Chair, Black",Furniture,Chairs,627,
FUR-CH-10000863,Novimex Swivel Fabric Task Chair,Furniture,Chairs,628,
FUR-CH-10000885,"Hon Executive Leather Armchair, Adjustable",Furniture,Chairs,629,
FUR-CH-10000891,"Harbour Creations Executive Leather Armchair, Black",Furniture,Chairs,630,
FUR-CH-10000892,"SAFCO Executive Leather Armchair, Red",Furniture,Chairs,631,
FUR-CH-10000920,"Novimex Executive Leather Armchair, Adjustable",Furniture,Chairs,632,
FUR-CH-10000932,"Harbour Creations Executive Leather Armchair, Red",Furniture,Chairs,633,
FUR-CH-10000953,"Harbour Creations Swivel Stool, Black",Furniture,Chairs,634,
FUR-CH-10000966,"Harbour Creations Chairmat, Set of Two",Furniture,Chairs,635,
FUR-CH-10000969,"Hon Executive Leather Armchair, Red",Furniture,Chairs,636,
FUR-CH-10000974,"Harbour Creations Executive Leather Armchair, Black",Furniture,Chairs,637,
FUR-CH-10000981,"Novimex Swivel Stool, Set of Two",Furniture,Chairs,638,
FUR-CH-10000988,Hon Olson Stacker Stools,Furniture,Chairs,639,
FUR-CH-10000994,"Harbour Creations Rocking Chair, Black",Furniture,Chairs,640,
FUR-CH-10000994,"Office Star Steel Folding Chair, Red",Furniture,Chairs,641,
FUR-CH-10000996,"Harbour Creations Steel Folding Chair, Black",Furniture,Chairs,642,
FUR-CH-10001021,"Office Star Rocking Chair, Red",Furniture,Chairs,643,
FUR-CH-10001037,"SAFCO Chairmat, Adjustable",Furniture,Chairs,644,
FUR-CH-10001039,"Harbour Creations Rocking Chair, Adjustable",Furniture,Chairs,645,
FUR-CH-10001043,"Harbour Creations Bag Chairs, Red",Furniture,Chairs,646,
FUR-CH-10001044,"Harbour Creations Steel Folding Chair, Adjustable",Furniture,Chairs,647,
FUR-CH-10001051,"Hon Chairmat, Red",Furniture,Chairs,648,
FUR-CH-10001114,"Hon Chairmat, Set of Two",Furniture,Chairs,649,
FUR-CH-10001130,"Harbour Creations Swivel Stool, Set of Two",Furniture,Chairs,650,
FUR-CH-10001138,"Office Star Swivel Stool, Black",Furniture,Chairs,651,
FUR-CH-10001146,"Global Task Chair, Black",Furniture,Chairs,652,
FUR-CH-10001146,"Global Value Mid-Back Manager's Chair, Gray",Furniture,Chairs,653,
FUR-CH-10001147,"Hon Swivel Stool, Adjustable",Furniture,Chairs,654,
FUR-CH-10001150,"SAFCO Steel Folding Chair, Red",Furniture,Chairs,655,
FUR-CH-10001153,"Harbour Creations Bag Chairs, Adjustable",Furniture,Chairs,656,
FUR-CH-10001187,"Novimex Chairmat, Set of Two",Furniture,Chairs,657,
FUR-CH-10001190,Global Deluxe High-Back Office Chair in Storm,Furniture,Chairs,658,
FUR-CH-10001191,"Hon Bag Chairs, Adjustable",Furniture,Chairs,659,
FUR-CH-10001191,"Office Star Steel Folding Chair, Red",Furniture,Chairs,660,
FUR-CH-10001203,"Novimex Steel Folding Chair, Set of Two",Furniture,Chairs,661,
FUR-CH-10001204,"Harbour Creations Steel Folding Chair, Red",Furniture,Chairs,662,
FUR-CH-10001207,"Hon Executive Leather Armchair, Red",Furniture,Chairs,663,
FUR-CH-10001215,Global Troy Executive Leather Low-Back Tilter,Furniture,Chairs,664,
FUR-CH-10001220,"Harbour Creations Chairmat, Set of Two",Furniture,Chairs,665,
FUR-CH-10001237,"Hon Swivel Stool, Black",Furniture,Chairs,666,
FUR-CH-10001262,"Office Star Rocking Chair, Set of Two",Furniture,Chairs,667,
FUR-CH-10001262,"Novimex Bag Chairs, Red",Furniture,Chairs,668,
FUR-CH-10001270,Harbour Creations Steel Folding Chair,Furniture,Chairs,669,
FUR-CH-10001270,"SAFCO Rocking Chair, Black",Furniture,Chairs,670,
FUR-CH-10001271,"SAFCO Executive Leather Armchair, Red",Furniture,Chairs,671,
FUR-CH-10001278,"SAFCO Chairmat, Black",Furniture,Chairs,672,
FUR-CH-10001282,"Hon Bag Chairs, Adjustable",Furniture,Chairs,673,
FUR-CH-10001313,"SAFCO Steel Folding Chair, Black",Furniture,Chairs,674,
FUR-CH-10001317,"Harbour Creations Rocking Chair, Red",Furniture,Chairs,675,
FUR-CH-10001322,"Harbour Creations Executive Leather Armchair, Adjustable",Furniture,Chairs,676,
FUR-CH-10001332,"Office Star Executive Leather Armchair, Red",Furniture,Chairs,677,
FUR-CH-10001332,"Hon Chairmat, Black",Furniture,Chairs,678,
FUR-CH-10001343,"SAFCO Swivel Stool, Set of Two",Furniture,Chairs,679,
FUR-CH-10001347,"SAFCO Steel Folding Chair, Black",Furniture,Chairs,680,
FUR-CH-10001374,"Novimex Steel Folding Chair, Black",Furniture,Chairs,681,
FUR-CH-10001382,"Office Star Chairmat, Red",Furniture,Chairs,682,
FUR-CH-10001394,Global Leather Executive Chair,Furniture,Chairs,683,
FUR-CH-10001397,"SAFCO Chairmat, Set of Two",Furniture,Chairs,684,
FUR-CH-10001414,"Hon Chairmat, Red",Furniture,Chairs,685,
FUR-CH-10001415,"Office Star Executive Leather Armchair, Red",Furniture,Chairs,686,
FUR-CH-10001423,"Harbour Creations Rocking Chair, Black",Furniture,Chairs,687,
FUR-CH-10001429,"SAFCO Executive Leather Armchair, Adjustable",Furniture,Chairs,688,
FUR-CH-10001455,"Office Star Swivel Stool, Adjustable",Furniture,Chairs,689,
FUR-CH-10001465,"Hon Swivel Stool, Red",Furniture,Chairs,690,
FUR-CH-10001477,"Novimex Chairmat, Black",Furniture,Chairs,691,
FUR-CH-10001482,Office Star - Mesh Screen back chair with Vinyl seat,Furniture,Chairs,692,
FUR-CH-10001490,"Novimex Executive Leather Armchair, Red",Furniture,Chairs,693,
FUR-CH-10001492,"Novimex Executive Leather Armchair, Adjustable",Furniture,Chairs,694,
FUR-CH-10001536,"Harbour Creations Swivel Stool, Red",Furniture,Chairs,695,
FUR-CH-10001536,"Harbour Creations Chairmat, Red",Furniture,Chairs,696,
FUR-CH-10001545,Hon Comfortask Task/Swivel Chairs,Furniture,Chairs,697,
FUR-CH-10001553,"Hon Bag Chairs, Adjustable",Furniture,Chairs,698,
FUR-CH-10001559,"SAFCO Executive Leather Armchair, Black",Furniture,Chairs,699,
FUR-CH-10001582,"Office Star Executive Leather Armchair, Black",Furniture,Chairs,700,
FUR-CH-10001588,"Hon Executive Leather Armchair, Red",Furniture,Chairs,701,
FUR-CH-10001607,"Novimex Swivel Stool, Set of Two",Furniture,Chairs,702,
FUR-CH-10001616,"Harbour Creations Bag Chairs, Red",Furniture,Chairs,703,
FUR-CH-10001634,"Novimex Rocking Chair, Adjustable",Furniture,Chairs,704,
FUR-CH-10001647,"Novimex Swivel Stool, Black",Furniture,Chairs,705,
FUR-CH-10001658,"SAFCO Chairmat, Adjustable",Furniture,Chairs,706,
FUR-CH-10001663,"SAFCO Chairmat, Set of Two",Furniture,Chairs,707,
FUR-CH-10001664,"Novimex Swivel Stool, Black",Furniture,Chairs,708,
FUR-CH-10001674,"Office Star Chairmat, Adjustable",Furniture,Chairs,709,
FUR-CH-10001675,"Office Star Steel Folding Chair, Adjustable",Furniture,Chairs,710,
FUR-CH-10001684,"Office Star Rocking Chair, Adjustable",Furniture,Chairs,711,
FUR-CH-10001695,"Harbour Creations Chairmat, Set of Two",Furniture,Chairs,712,
FUR-CH-10001701,"Hon Chairmat, Set of Two",Furniture,Chairs,713,
FUR-CH-10001708,Office Star - Contemporary Swivel Chair with Padded Adjustable Arms and Flex Back,Furniture,Chairs,714,
FUR-CH-10001714,"Global Leather & Oak Executive Chair, Burgundy",Furniture,Chairs,715,
FUR-CH-10001726,"Office Star Steel Folding Chair, Adjustable",Furniture,Chairs,716,
FUR-CH-10001752,"Harbour Creations Steel Folding Chair, Black",Furniture,Chairs,717,
FUR-CH-10001756,"Novimex Bag Chairs, Adjustable",Furniture,Chairs,718,
FUR-CH-10001784,"SAFCO Bag Chairs, Adjustable",Furniture,Chairs,719,
FUR-CH-10001784,"SAFCO Steel Folding Chair, Set of Two",Furniture,Chairs,720,
FUR-CH-10001795,"SAFCO Steel Folding Chair, Red",Furniture,Chairs,721,
FUR-CH-10001797,"Harbour Creations Bag Chairs, Adjustable",Furniture,Chairs,722,
FUR-CH-10001797,"Safco Chair Connectors, 6/Carton",Furniture,Chairs,723,
FUR-CH-10001802,Hon Every-Day Chair Series Swivel Task Chairs,Furniture,Chairs,724,
FUR-CH-10001802,"Novimex Rocking Chair, Black",Furniture,Chairs,725,
FUR-CH-10001805,"Office Star Chairmat, Set of Two",Furniture,Chairs,726,
FUR-CH-10001810,"Harbour Creations Chairmat, Red",Furniture,Chairs,727,
FUR-CH-10001819,"Office Star Chairmat, Set of Two",Furniture,Chairs,728,
FUR-CH-10001831,"Novimex Rocking Chair, Set of Two",Furniture,Chairs,729,
FUR-CH-10001832,"Novimex Rocking Chair, Red",Furniture,Chairs,730,
FUR-CH-10001854,Office Star - Professional Matrix Back Chair with 2-to-1 Synchro Tilt and Mesh Fabric Seat,Furniture,Chairs,731,
FUR-CH-10001871,"Harbour Creations Steel Folding Chair, Set of Two",Furniture,Chairs,732,
FUR-CH-10001891,Global Deluxe Office Fabric Chairs,Furniture,Chairs,733,
FUR-CH-10001895,"Hon Chairmat, Adjustable",Furniture,Chairs,734,
FUR-CH-10001897,"Hon Executive Leather Armchair, Adjustable",Furniture,Chairs,735,
FUR-CH-10001913,"Office Star Swivel Stool, Adjustable",Furniture,Chairs,736,
FUR-CH-10001914,"Harbour Creations Bag Chairs, Black",Furniture,Chairs,737,
FUR-CH-10001919,"Harbour Creations Steel Folding Chair, Red",Furniture,Chairs,738,
FUR-CH-10001944,"Harbour Creations Rocking Chair, Red",Furniture,Chairs,739,
FUR-CH-10001972,"Hon Chairmat, Adjustable",Furniture,Chairs,740,
FUR-CH-10001973,Office Star Flex Back Scooter Chair with White Frame,Furniture,Chairs,741,
FUR-CH-10001975,"Hon Swivel Stool, Red",Furniture,Chairs,742,
FUR-CH-10002002,"Hon Rocking Chair, Black",Furniture,Chairs,743,
FUR-CH-10002010,"Office Star Bag Chairs, Adjustable",Furniture,Chairs,744,
FUR-CH-10002017,SAFCO Optional Arm Kit for Workspace Cribbage Stacking Chair,Furniture,Chairs,745,
FUR-CH-10002024,HON 5400 Series Task Chairs for Big and Tall,Furniture,Chairs,746,
FUR-CH-10002030,"Office Star Swivel Stool, Red",Furniture,Chairs,747,
FUR-CH-10002033,"Harbour Creations Executive Leather Armchair, Adjustable",Furniture,Chairs,748,
FUR-CH-10002044,"Office Star - Contemporary Task Swivel chair with 2-way adjustable arms, Plum",Furniture,Chairs,749,
FUR-CH-10002045,"SAFCO Bag Chairs, Red",Furniture,Chairs,750,
FUR-CH-10002053,"Novimex Chairmat, Set of Two",Furniture,Chairs,751,
FUR-CH-10002060,"SAFCO Rocking Chair, Adjustable",Furniture,Chairs,752,
FUR-CH-10002061,"Harbour Creations Executive Leather Armchair, Red",Furniture,Chairs,753,
FUR-CH-10002073,Hon Olson Stacker Chairs,Furniture,Chairs,754,
FUR-CH-10002084,Hon Mobius Operator's Chair,Furniture,Chairs,755,
FUR-CH-10002085,"Novimex Steel Folding Chair, Red",Furniture,Chairs,756,
FUR-CH-10002088,"Novimex Steel Folding Chair, Set of Two",Furniture,Chairs,757,
FUR-CH-10002090,"Hon Swivel Stool, Adjustable",Furniture,Chairs,758,
FUR-CH-10002091,"Harbour Creations Swivel Stool, Set of Two",Furniture,Chairs,759,
FUR-CH-10002093,"Harbour Creations Rocking Chair, Adjustable",Furniture,Chairs,760,
FUR-CH-10002116,"SAFCO Rocking Chair, Black",Furniture,Chairs,761,
FUR-CH-10002117,"Hon Steel Folding Chair, Red",Furniture,Chairs,762,
FUR-CH-10002126,Hon Deluxe Fabric Upholstered Stacking Chairs,Furniture,Chairs,763,
FUR-CH-10002132,"Hon Rocking Chair, Black",Furniture,Chairs,764,
FUR-CH-10002152,"Hon Bag Chairs, Set of Two",Furniture,Chairs,765,
FUR-CH-10002188,"SAFCO Steel Folding Chair, Set of Two",Furniture,Chairs,766,
FUR-CH-10002203,"SAFCO Executive Leather Armchair, Black",Furniture,Chairs,767,
FUR-CH-10002207,"Hon Chairmat, Set of Two",Furniture,Chairs,768,
FUR-CH-10002209,"Novimex Chairmat, Red",Furniture,Chairs,769,
FUR-CH-10002212,"Novimex Swivel Stool, Adjustable",Furniture,Chairs,770,
FUR-CH-10002212,"Hon Chairmat, Black",Furniture,Chairs,771,
FUR-CH-10002213,"Hon Executive Leather Armchair, Black",Furniture,Chairs,772,
FUR-CH-10002224,"Hon Rocking Chair, Set of Two",Furniture,Chairs,773,
FUR-CH-10002226,"Hon Steel Folding Chair, Black",Furniture,Chairs,774,
FUR-CH-10002228,"Harbour Creations Steel Folding Chair, Set of Two",Furniture,Chairs,775,
FUR-CH-10002247,"Hon Executive Leather Armchair, Adjustable",Furniture,Chairs,776,
FUR-CH-10002250,"Office Star Executive Leather Armchair, Black",Furniture,Chairs,777,
FUR-CH-10002273,"Harbour Creations Rocking Chair, Black",Furniture,Chairs,778,
FUR-CH-10002275,"Novimex Executive Leather Armchair, Adjustable",Furniture,Chairs,779,
FUR-CH-10002288,"SAFCO Bag Chairs, Red",Furniture,Chairs,780,
FUR-CH-10002291,"Hon Bag Chairs, Set of Two",Furniture,Chairs,781,
FUR-CH-10002297,"Novimex Bag Chairs, Set of Two",Furniture,Chairs,782,
FUR-CH-10002304,"Global Stack Chair without Arms, Black",Furniture,Chairs,783,
FUR-CH-10002316,"Harbour Creations Bag Chairs, Red",Furniture,Chairs,784,
FUR-CH-10002317,Global Enterprise Series Seating Low-Back Swivel/Tilt Chairs,Furniture,Chairs,785,
FUR-CH-10002320,Hon Pagoda Stacking Chairs,Furniture,Chairs,786,
FUR-CH-10002331,Hon 4700 Series Mobuis Mid-Back Task Chairs with Adjustable Arms,Furniture,Chairs,787,
FUR-CH-10002335,"Hon Bag Chairs, Set of Two",Furniture,Chairs,788,
FUR-CH-10002335,Hon GuestStacker Chair,Furniture,Chairs,789,
FUR-CH-10002335,"Hon Steel Folding Chair, Red",Furniture,Chairs,790,
FUR-CH-10002344,"Novimex Rocking Chair, Adjustable",Furniture,Chairs,791,
FUR-CH-10002362,"Hon Bag Chairs, Red",Furniture,Chairs,792,
FUR-CH-10002372,Office Star - Ergonomically Designed Knee Chair,Furniture,Chairs,793,
FUR-CH-10002373,"Office Star Rocking Chair, Set of Two",Furniture,Chairs,794,
FUR-CH-10002374,"SAFCO Bag Chairs, Black",Furniture,Chairs,795,
FUR-CH-10002378,"Harbour Creations Swivel Stool, Black",Furniture,Chairs,796,
FUR-CH-10002410,"Office Star Rocking Chair, Red",Furniture,Chairs,797,
FUR-CH-10002412,"Hon Bag Chairs, Black",Furniture,Chairs,798,
FUR-CH-10002417,"Hon Rocking Chair, Red",Furniture,Chairs,799,
FUR-CH-10002435,"Novimex Executive Leather Armchair, Black",Furniture,Chairs,800,
FUR-CH-10002438,"SAFCO Executive Leather Armchair, Red",Furniture,Chairs,801,
FUR-CH-10002439,"Iceberg Nesting Folding Chair, 19w x 6d x 43h",Furniture,Chairs,802,
FUR-CH-10002468,"Hon Rocking Chair, Adjustable",Furniture,Chairs,803,
FUR-CH-10002477,"Harbour Creations Executive Leather Armchair, Red",Furniture,Chairs,804,
FUR-CH-10002481,"Hon Executive Leather Armchair, Adjustable",Furniture,Chairs,805,
FUR-CH-10002498,"Harbour Creations Steel Folding Chair, Red",Furniture,Chairs,806,
FUR-CH-10002510,"Office Star Steel Folding Chair, Adjustable",Furniture,Chairs,807,
FUR-CH-10002542,"Office Star Steel Folding Chair, Set of Two",Furniture,Chairs,808,
FUR-CH-10002543,"SAFCO Steel Folding Chair, Set of Two",Furniture,Chairs,809,
FUR-CH-10002547,"Office Star Steel Folding Chair, Red",Furniture,Chairs,810,
FUR-CH-10002555,"Novimex Rocking Chair, Black",Furniture,Chairs,811,
FUR-CH-10002573,"Office Star Executive Leather Armchair, Adjustable",Furniture,Chairs,812,
FUR-CH-10002574,"Office Star Chairmat, Black",Furniture,Chairs,813,
FUR-CH-10002585,"Harbour Creations Executive Leather Armchair, Black",Furniture,Chairs,814,
FUR-CH-10002589,"SAFCO Steel Folding Chair, Red",Furniture,Chairs,815,
FUR-CH-10002602,DMI Arturo Collection Mission-style Design Wood Chair,Furniture,Chairs,816,
FUR-CH-10002610,"Novimex Swivel Stool, Black",Furniture,Chairs,817,
FUR-CH-10002626,"Hon Steel Folding Chair, Adjustable",Furniture,Chairs,818,
FUR-CH-10002631,"Office Star Bag Chairs, Black",Furniture,Chairs,819,
FUR-CH-10002647,"Novimex Rocking Chair, Red",Furniture,Chairs,820,
FUR-CH-10002647,"Situations Contoured Folding Chairs, 4/Set",Furniture,Chairs,821,
FUR-CH-10002653,"Office Star Rocking Chair, Adjustable",Furniture,Chairs,822,
FUR-CH-10002693,"Harbour Creations Swivel Stool, Set of Two",Furniture,Chairs,823,
FUR-CH-10002727,"SAFCO Bag Chairs, Set of Two",Furniture,Chairs,824,
FUR-CH-10002743,"Novimex Chairmat, Adjustable",Furniture,Chairs,825,
FUR-CH-10002749,"SAFCO Chairmat, Black",Furniture,Chairs,826,
FUR-CH-10002752,"Harbour Creations Bag Chairs, Set of Two",Furniture,Chairs,827,
FUR-CH-10002758,"Hon Deluxe Fabric Upholstered Stacking Chairs, Squared Back",Furniture,Chairs,828,
FUR-CH-10002768,"Office Star Swivel Stool, Black",Furniture,Chairs,829,
FUR-CH-10002774,"Global Deluxe Stacking Chair, Gray",Furniture,Chairs,830,
FUR-CH-10002780,Office Star - Task Chair with Contemporary Loop Arms,Furniture,Chairs,831,
FUR-CH-10002780,"Office Star Executive Leather Armchair, Black",Furniture,Chairs,832,
FUR-CH-10002782,"Office Star Executive Leather Armchair, Adjustable",Furniture,Chairs,833,
FUR-CH-10002793,"Office Star Bag Chairs, Adjustable",Furniture,Chairs,834,
FUR-CH-10002816,"Harbour Creations Swivel Stool, Adjustable",Furniture,Chairs,835,
FUR-CH-10002817,"Harbour Creations Chairmat, Set of Two",Furniture,Chairs,836,
FUR-CH-10002819,"SAFCO Chairmat, Red",Furniture,Chairs,837,
FUR-CH-10002830,"Office Star Rocking Chair, Red",Furniture,Chairs,838,
FUR-CH-10002846,"Hon Steel Folding Chair, Black",Furniture,Chairs,839,
FUR-CH-10002872,"SAFCO Executive Leather Armchair, Adjustable",Furniture,Chairs,840,
FUR-CH-10002880,"Global High-Back Leather Tilter, Burgundy",Furniture,Chairs,841,
FUR-CH-10002882,"Harbour Creations Bag Chairs, Adjustable",Furniture,Chairs,842,
FUR-CH-10002890,"Office Star Chairmat, Adjustable",Furniture,Chairs,843,
FUR-CH-10002891,"Hon Executive Leather Armchair, Adjustable",Furniture,Chairs,844,
FUR-CH-10002923,"SAFCO Rocking Chair, Set of Two",Furniture,Chairs,845,
FUR-CH-10002924,"Novimex Steel Folding Chair, Set of Two",Furniture,Chairs,846,
FUR-CH-10002927,"Office Star Swivel Stool, Black",Furniture,Chairs,847,
FUR-CH-10002932,"Harbour Creations Rocking Chair, Adjustable",Furniture,Chairs,848,
FUR-CH-10002938,"Novimex Chairmat, Red",Furniture,Chairs,849,
FUR-CH-10002940,"Harbour Creations Chairmat, Black",Furniture,Chairs,850,
FUR-CH-10002944,"Office Star Steel Folding Chair, Black",Furniture,Chairs,851,
FUR-CH-10002961,"Leather Task Chair, Black",Furniture,Chairs,852,
FUR-CH-10002965,"Global Leather Highback Executive Chair with Pneumatic Height Adjustment, Black",Furniture,Chairs,853,
FUR-CH-10002966,"Harbour Creations Swivel Stool, Red",Furniture,Chairs,854,
FUR-CH-10002970,"Harbour Creations Chairmat, Black",Furniture,Chairs,855,
FUR-CH-10002974,"SAFCO Rocking Chair, Red",Furniture,Chairs,856,
FUR-CH-10002980,"Hon Executive Leather Armchair, Red",Furniture,Chairs,857,
FUR-CH-10002989,"SAFCO Bag Chairs, Adjustable",Furniture,Chairs,858,
FUR-CH-10002991,"Novimex Steel Folding Chair, Adjustable",Furniture,Chairs,859,
FUR-CH-10003009,"Novimex Swivel Stool, Adjustable",Furniture,Chairs,860,
FUR-CH-10003026,"Novimex Bag Chairs, Adjustable",Furniture,Chairs,861,
FUR-CH-10003033,"Novimex Rocking Chair, Adjustable",Furniture,Chairs,862,
FUR-CH-10003054,"Novimex Executive Leather Armchair, Adjustable",Furniture,Chairs,863,
FUR-CH-10003061,"Global Leather Task Chair, Black",Furniture,Chairs,864,
FUR-CH-10003062,"Novimex Chairmat, Red",Furniture,Chairs,865,
FUR-CH-10003077,"SAFCO Bag Chairs, Adjustable",Furniture,Chairs,866,
FUR-CH-10003097,"Hon Rocking Chair, Black",Furniture,Chairs,867,
FUR-CH-10003107,"Office Star Swivel Stool, Red",Furniture,Chairs,868,
FUR-CH-10003109,"Office Star Rocking Chair, Set of Two",Furniture,Chairs,869,
FUR-CH-10003114,"Harbour Creations Swivel Stool, Red",Furniture,Chairs,870,
FUR-CH-10003123,"Hon Chairmat, Black",Furniture,Chairs,871,
FUR-CH-10003143,"Harbour Creations Bag Chairs, Black",Furniture,Chairs,872,
FUR-CH-10003155,"Harbour Creations Bag Chairs, Red",Furniture,Chairs,873,
FUR-CH-10003168,"Office Star Swivel Stool, Set of Two",Furniture,Chairs,874,
FUR-CH-10003180,"Novimex Steel Folding Chair, Adjustable",Furniture,Chairs,875,
FUR-CH-10003195,"Hon Rocking Chair, Red",Furniture,Chairs,876,
FUR-CH-10003199,Office Star - Contemporary Task Swivel Chair,Furniture,Chairs,877,
FUR-CH-10003232,"Harbour Creations Executive Leather Armchair, Adjustable",Furniture,Chairs,878,
FUR-CH-10003248,"SAFCO Bag Chairs, Black",Furniture,Chairs,879,
FUR-CH-10003249,"Office Star Steel Folding Chair, Black",Furniture,Chairs,880,
FUR-CH-10003249,"Novimex Chairmat, Adjustable",Furniture,Chairs,881,
FUR-CH-10003282,"SAFCO Bag Chairs, Black",Furniture,Chairs,882,
FUR-CH-10003298,"Office Star - Contemporary Task Swivel chair with Loop Arms, Charcoal",Furniture,Chairs,883,
FUR-CH-10003312,Hon 2090 “Pillow Soft” Series Mid Back Swivel/Tilt Chairs,Furniture,Chairs,884,
FUR-CH-10003312,"SAFCO Swivel Stool, Adjustable",Furniture,Chairs,885,
FUR-CH-10003336,"SAFCO Chairmat, Adjustable",Furniture,Chairs,886,
FUR-CH-10003341,"Office Star Chairmat, Red",Furniture,Chairs,887,
FUR-CH-10003353,"Hon Executive Leather Armchair, Black",Furniture,Chairs,888,
FUR-CH-10003354,"Harbour Creations Swivel Stool, Red",Furniture,Chairs,889,
FUR-CH-10003354,"Novimex Bag Chairs, Black",Furniture,Chairs,890,
FUR-CH-10003355,"Harbour Creations Chairmat, Adjustable",Furniture,Chairs,891,
FUR-CH-10003362,"Office Star Swivel Stool, Adjustable",Furniture,Chairs,892,
FUR-CH-10003365,"Office Star Executive Leather Armchair, Adjustable",Furniture,Chairs,893,
FUR-CH-10003379,Global Commerce Series High-Back Swivel/Tilt Chairs,Furniture,Chairs,894,
FUR-CH-10003392,"Novimex Steel Folding Chair, Red",Furniture,Chairs,895,
FUR-CH-10003396,Global Deluxe Steno Chair,Furniture,Chairs,896,
FUR-CH-10003419,"Hon Steel Folding Chair, Black",Furniture,Chairs,897,
FUR-CH-10003423,"Novimex Rocking Chair, Set of Two",Furniture,Chairs,898,
FUR-CH-10003440,"Harbour Creations Steel Folding Chair, Set of Two",Furniture,Chairs,899,
FUR-CH-10003448,"Harbour Creations Bag Chairs, Set of Two",Furniture,Chairs,900,
FUR-CH-10003485,"Hon Swivel Stool, Set of Two",Furniture,Chairs,901,
FUR-CH-10003499,"SAFCO Swivel Stool, Red",Furniture,Chairs,902,
FUR-CH-10003508,"Novimex Swivel Stool, Set of Two",Furniture,Chairs,903,
FUR-CH-10003512,"Novimex Bag Chairs, Set of Two",Furniture,Chairs,904,
FUR-CH-10003514,"Harbour Creations Rocking Chair, Set of Two",Furniture,Chairs,905,
FUR-CH-10003535,"Global Armless Task Chair, Royal Blue",Furniture,Chairs,906,
FUR-CH-10003540,"Office Star Bag Chairs, Set of Two",Furniture,Chairs,907,
FUR-CH-10003551,"Hon Swivel Stool, Black",Furniture,Chairs,908,
FUR-CH-10003558,"Hon Swivel Stool, Black",Furniture,Chairs,909,
FUR-CH-10003559,"Office Star Chairmat, Black",Furniture,Chairs,910,
FUR-CH-10003580,"Harbour Creations Bag Chairs, Black",Furniture,Chairs,911,
FUR-CH-10003581,"Hon Executive Leather Armchair, Adjustable",Furniture,Chairs,912,
FUR-CH-10003597,"SAFCO Executive Leather Armchair, Set of Two",Furniture,Chairs,913,
FUR-CH-10003606,SAFCO Folding Chair Trolley,Furniture,Chairs,914,
FUR-CH-10003608,"SAFCO Chairmat, Set of Two",Furniture,Chairs,915,
FUR-CH-10003616,"Novimex Executive Leather Armchair, Adjustable",Furniture,Chairs,916,
FUR-CH-10003618,"SAFCO Rocking Chair, Red",Furniture,Chairs,917,
FUR-CH-10003621,"Harbour Creations Chairmat, Adjustable",Furniture,Chairs,918,
FUR-CH-10003623,"SAFCO Steel Folding Chair, Black",Furniture,Chairs,919,
FUR-CH-10003692,"SAFCO Swivel Stool, Set of Two",Furniture,Chairs,920,
FUR-CH-10003696,"Novimex Bag Chairs, Black",Furniture,Chairs,921,
FUR-CH-10003697,"Novimex Chairmat, Adjustable",Furniture,Chairs,922,
FUR-CH-10003702,"Office Star Rocking Chair, Adjustable",Furniture,Chairs,923,
FUR-CH-10003706,"Harbour Creations Chairmat, Black",Furniture,Chairs,924,
FUR-CH-10003733,"Hon Steel Folding Chair, Set of Two",Furniture,Chairs,925,
FUR-CH-10003746,Hon 4070 Series Pagoda Round Back Stacking Chairs,Furniture,Chairs,926,
FUR-CH-10003746,"Novimex Executive Leather Armchair, Black",Furniture,Chairs,927,
FUR-CH-10003750,"Harbour Creations Rocking Chair, Red",Furniture,Chairs,928,
FUR-CH-10003760,"Office Star Bag Chairs, Set of Two",Furniture,Chairs,929,
FUR-CH-10003761,Global Italian Leather Office Chair,Furniture,Chairs,930,
FUR-CH-10003771,"Harbour Creations Steel Folding Chair, Black",Furniture,Chairs,931,
FUR-CH-10003772,"Office Star Chairmat, Red",Furniture,Chairs,932,
FUR-CH-10003774,"Global Wood Trimmed Manager's Task Chair, Khaki",Furniture,Chairs,933,
FUR-CH-10003794,"SAFCO Bag Chairs, Set of Two",Furniture,Chairs,934,
FUR-CH-10003808,"Harbour Creations Steel Folding Chair, Adjustable",Furniture,Chairs,935,
FUR-CH-10003817,"Global Value Steno Chair, Gray",Furniture,Chairs,936,
FUR-CH-10003822,"SAFCO Steel Folding Chair, Adjustable",Furniture,Chairs,937,
FUR-CH-10003833,Novimex Fabric Task Chair,Furniture,Chairs,938,
FUR-CH-10003836,"Harbour Creations Rocking Chair, Red",Furniture,Chairs,939,
FUR-CH-10003841,"Harbour Creations Swivel Stool, Black",Furniture,Chairs,940,
FUR-CH-10003842,"Harbour Creations Chairmat, Red",Furniture,Chairs,941,
FUR-CH-10003844,"Office Star Rocking Chair, Black",Furniture,Chairs,942,
FUR-CH-10003846,Hon Valutask Swivel Chairs,Furniture,Chairs,943,
FUR-CH-10003846,"Office Star Swivel Stool, Set of Two",Furniture,Chairs,944,
FUR-CH-10003848,"Office Star Rocking Chair, Adjustable",Furniture,Chairs,945,
FUR-CH-10003853,"Harbour Creations Steel Folding Chair, Red",Furniture,Chairs,946,
FUR-CH-10003861,"Novimex Rocking Chair, Set of Two",Furniture,Chairs,947,
FUR-CH-10003874,"Hon Chairmat, Red",Furniture,Chairs,948,
FUR-CH-10003875,"Office Star Swivel Stool, Set of Two",Furniture,Chairs,949,
FUR-CH-10003883,"Office Star Swivel Stool, Set of Two",Furniture,Chairs,950,
FUR-CH-10003894,"Harbour Creations Steel Folding Chair, Adjustable",Furniture,Chairs,951,
FUR-CH-10003910,"Harbour Creations Chairmat, Adjustable",Furniture,Chairs,952,
FUR-CH-10003941,"Novimex Executive Leather Armchair, Adjustable",Furniture,Chairs,953,
FUR-CH-10003948,"Harbour Creations Swivel Stool, Set of Two",Furniture,Chairs,954,
FUR-CH-10003950,"Novimex Executive Leather Armchair, Black",Furniture,Chairs,955,
FUR-CH-10003956,Novimex High-Tech Fabric Mesh Task Chair,Furniture,Chairs,956,
FUR-CH-10003965,"Hon Rocking Chair, Red",Furniture,Chairs,957,
FUR-CH-10003968,Novimex Turbo Task Chair,Furniture,Chairs,958,
FUR-CH-10003973,GuestStacker Chair with Chrome Finish Legs,Furniture,Chairs,959,
FUR-CH-10003981,Global Commerce Series Low-Back Swivel/Tilt Chairs,Furniture,Chairs,960,
FUR-CH-10003982,"Harbour Creations Swivel Stool, Adjustable",Furniture,Chairs,961,
FUR-CH-10004007,"SAFCO Steel Folding Chair, Set of Two",Furniture,Chairs,962,
FUR-CH-10004009,"SAFCO Rocking Chair, Set of Two",Furniture,Chairs,963,
FUR-CH-10004010,"SAFCO Bag Chairs, Red",Furniture,Chairs,964,
FUR-CH-10004011,"SAFCO Executive Leather Armchair, Black",Furniture,Chairs,965,
FUR-CH-10004026,"SAFCO Rocking Chair, Adjustable",Furniture,Chairs,966,
FUR-CH-10004040,"Office Star Steel Folding Chair, Set of Two",Furniture,Chairs,967,
FUR-CH-10004047,"SAFCO Rocking Chair, Adjustable",Furniture,Chairs,968,
FUR-CH-10004049,"SAFCO Bag Chairs, Set of Two",Furniture,Chairs,969,
FUR-CH-10004050,"Novimex Executive Leather Armchair, Adjustable",Furniture,Chairs,970,
FUR-CH-10004054,"Hon Rocking Chair, Set of Two",Furniture,Chairs,971,
FUR-CH-10004062,"Office Star Rocking Chair, Adjustable",Furniture,Chairs,972,
FUR-CH-10004063,Global Deluxe High-Back Manager's Chair,Furniture,Chairs,973,
FUR-CH-10004065,"SAFCO Bag Chairs, Adjustable",Furniture,Chairs,974,
FUR-CH-10004082,"Office Star Chairmat, Black",Furniture,Chairs,975,
FUR-CH-10004086,Hon 4070 Series Pagoda Armless Upholstered Stacking Chairs,Furniture,Chairs,976,
FUR-CH-10004089,"Harbour Creations Bag Chairs, Set of Two",Furniture,Chairs,977,
FUR-CH-10004095,"SAFCO Executive Leather Armchair, Adjustable",Furniture,Chairs,978,
FUR-CH-10004095,"Novimex Steel Folding Chair, Black",Furniture,Chairs,979,
FUR-CH-10004101,"SAFCO Swivel Stool, Adjustable",Furniture,Chairs,980,
FUR-CH-10004151,"Harbour Creations Steel Folding Chair, Red",Furniture,Chairs,981,
FUR-CH-10004163,"Novimex Steel Folding Chair, Adjustable",Furniture,Chairs,982,
FUR-CH-10004194,"Harbour Creations Steel Folding Chair, Set of Two",Furniture,Chairs,983,
FUR-CH-10004194,"Novimex Bag Chairs, Red",Furniture,Chairs,984,
FUR-CH-10004196,"Novimex Swivel Stool, Red",Furniture,Chairs,985,
FUR-CH-10004199,"SAFCO Executive Leather Armchair, Adjustable",Furniture,Chairs,986,
FUR-CH-10004218,"Global Fabric Manager's Chair, Dark Gray",Furniture,Chairs,987,
FUR-CH-10004219,"Office Star Bag Chairs, Red",Furniture,Chairs,988,
FUR-CH-10004242,"Office Star Steel Folding Chair, Black",Furniture,Chairs,989,
FUR-CH-10004255,"SAFCO Executive Leather Armchair, Red",Furniture,Chairs,990,
FUR-CH-10004277,"SAFCO Swivel Stool, Black",Furniture,Chairs,991,
FUR-CH-10004287,SAFCO Arco Folding Chair,Furniture,Chairs,992,
FUR-CH-10004289,Global Super Steno Chair,Furniture,Chairs,993,
FUR-CH-10004306,"SAFCO Bag Chairs, Red",Furniture,Chairs,994,
FUR-CH-10004309,"SAFCO Steel Folding Chair, Adjustable",Furniture,Chairs,995,
FUR-CH-10004312,"Hon Bag Chairs, Set of Two",Furniture,Chairs,996,
FUR-CH-10004331,"SAFCO Rocking Chair, Red",Furniture,Chairs,997,
FUR-CH-10004338,"Hon Bag Chairs, Red",Furniture,Chairs,998,
FUR-CH-10004339,"SAFCO Steel Folding Chair, Red",Furniture,Chairs,999,
FUR-CH-10004355,"Harbour Creations Rocking Chair, Set of Two",Furniture,Chairs,1000,
FUR-CH-10004365,"Novimex Rocking Chair, Black",Furniture,Chairs,1001,
FUR-CH-10004387,"Office Star Bag Chairs, Red",Furniture,Chairs,1002,
FUR-CH-10004387,"Hon Chairmat, Red",Furniture,Chairs,1003,
FUR-CH-10004441,"SAFCO Bag Chairs, Black",Furniture,Chairs,1004,
FUR-CH-10004447,"Harbour Creations Rocking Chair, Set of Two",Furniture,Chairs,1005,
FUR-CH-10004448,"Hon Chairmat, Set of Two",Furniture,Chairs,1006,
FUR-CH-10004455,"Harbour Creations Swivel Stool, Red",Furniture,Chairs,1007,
FUR-CH-10004462,"Hon Executive Leather Armchair, Adjustable",Furniture,Chairs,1008,
FUR-CH-10004467,"Harbour Creations Chairmat, Set of Two",Furniture,Chairs,1009,
FUR-CH-10004477,"Global Push Button Manager's Chair, Indigo",Furniture,Chairs,1010,
FUR-CH-10004478,"Hon Steel Folding Chair, Adjustable",Furniture,Chairs,1011,
FUR-CH-10004491,"SAFCO Swivel Stool, Adjustable",Furniture,Chairs,1012,
FUR-CH-10004495,"Global Leather and Oak Executive Chair, Black",Furniture,Chairs,1013,
FUR-CH-10004506,"Novimex Steel Folding Chair, Set of Two",Furniture,Chairs,1014,
FUR-CH-10004536,"Novimex Bag Chairs, Set of Two",Furniture,Chairs,1015,
FUR-CH-10004540,Global Chrome Stack Chair,Furniture,Chairs,1016,
FUR-CH-10004547,"Office Star Bag Chairs, Black",Furniture,Chairs,1017,
FUR-CH-10004572,"Office Star Executive Leather Armchair, Adjustable",Furniture,Chairs,1018,
FUR-CH-10004572,"Harbour Creations Bag Chairs, Red",Furniture,Chairs,1019,
FUR-CH-10004576,"Hon Bag Chairs, Adjustable",Furniture,Chairs,1020,
FUR-CH-10004580,"Office Star Bag Chairs, Adjustable",Furniture,Chairs,1021,
FUR-CH-10004584,"Office Star Steel Folding Chair, Set of Two",Furniture,Chairs,1022,
FUR-CH-10004592,"Hon Rocking Chair, Set of Two",Furniture,Chairs,1023,
FUR-CH-10004600,"Harbour Creations Chairmat, Red",Furniture,Chairs,1024,
FUR-CH-10004606,"Hon Rocking Chair, Red",Furniture,Chairs,1025,
FUR-CH-10004609,"Harbour Creations Steel Folding Chair, Adjustable",Furniture,Chairs,1026,
FUR-CH-10004626,Office Star Flex Back Scooter Chair with Aluminum Finish Frame,Furniture,Chairs,1027,
FUR-CH-10004642,"Hon Steel Folding Chair, Set of Two",Furniture,Chairs,1028,
FUR-CH-10004652,"Hon Bag Chairs, Black",Furniture,Chairs,1029,
FUR-CH-10004669,"Novimex Executive Leather Armchair, Black",Furniture,Chairs,1030,
FUR-CH-10004675,"Lifetime Advantage Folding Chairs, 4/Carton",Furniture,Chairs,1031,
FUR-CH-10004676,"Office Star Rocking Chair, Black",Furniture,Chairs,1032,
FUR-CH-10004685,"Harbour Creations Swivel Stool, Set of Two",Furniture,Chairs,1033,
FUR-CH-10004694,"Office Star Rocking Chair, Black",Furniture,Chairs,1034,
FUR-CH-10004698,"Padded Folding Chairs, Black, 4/Carton",Furniture,Chairs,1035,
FUR-CH-10004705,"Hon Executive Leather Armchair, Black",Furniture,Chairs,1036,
FUR-CH-10004725,"Office Star Bag Chairs, Set of Two",Furniture,Chairs,1037,
FUR-CH-10004736,"Novimex Bag Chairs, Adjustable",Furniture,Chairs,1038,
FUR-CH-10004746,"Office Star Executive Leather Armchair, Adjustable",Furniture,Chairs,1039,
FUR-CH-10004751,"Hon Steel Folding Chair, Black",Furniture,Chairs,1040,
FUR-CH-10004754,"Global Stack Chair with Arms, Black",Furniture,Chairs,1041,
FUR-CH-10004755,"Novimex Swivel Stool, Red",Furniture,Chairs,1042,
FUR-CH-10004774,"Novimex Executive Leather Armchair, Red",Furniture,Chairs,1043,
FUR-CH-10004783,"Novimex Chairmat, Red",Furniture,Chairs,1044,
FUR-CH-10004790,"Office Star Bag Chairs, Black",Furniture,Chairs,1045,
FUR-CH-10004792,"SAFCO Swivel Stool, Set of Two",Furniture,Chairs,1046,
FUR-CH-10004795,"SAFCO Swivel Stool, Red",Furniture,Chairs,1047,
FUR-CH-10004801,"Office Star Bag Chairs, Set of Two",Furniture,Chairs,1048,
FUR-CH-10004810,"Hon Swivel Stool, Set of Two",Furniture,Chairs,1049,
FUR-CH-10004826,"Hon Steel Folding Chair, Set of Two",Furniture,Chairs,1050,
FUR-CH-10004827,"SAFCO Chairmat, Black",Furniture,Chairs,1051,
FUR-CH-10004844,"Novimex Swivel Stool, Adjustable",Furniture,Chairs,1052,
FUR-CH-10004853,"Global Manager's Adjustable Task Chair, Storm",Furniture,Chairs,1053,
FUR-CH-10004860,Global Low Back Tilter Chair,Furniture,Chairs,1054,
FUR-CH-10004863,"SAFCO Swivel Stool, Black",Furniture,Chairs,1055,
FUR-CH-10004875,Harbour Creations 67200 Series Stacking Chairs,Furniture,Chairs,1056,
FUR-CH-10004886,Bevis Steel Folding Chairs,Furniture,Chairs,1057,
FUR-CH-10004899,"SAFCO Rocking Chair, Adjustable",Furniture,Chairs,1058,
FUR-CH-10004910,"Office Star Executive Leather Armchair, Red",Furniture,Chairs,1059,
FUR-CH-10004913,"Office Star Rocking Chair, Red",Furniture,Chairs,1060,
FUR-CH-10004920,"Office Star Chairmat, Red",Furniture,Chairs,1061,
FUR-CH-10004943,"Office Star Bag Chairs, Adjustable",Furniture,Chairs,1062,
FUR-CH-10004969,"Office Star Bag Chairs, Red",Furniture,Chairs,1063,
FUR-CH-10004983,Office Star - Mid Back Dual function Ergonomic High Back Chair with 2-Way Adjustable Arms,Furniture,Chairs,1064,
FUR-CH-10004992,"Hon Bag Chairs, Red",Furniture,Chairs,1065,
FUR-CH-10004993,"Hon Swivel Stool, Black",Furniture,Chairs,1066,
FUR-CH-10004997,Hon Every-Day Series Multi-Task Chairs,Furniture,Chairs,1067,
FUR-HAR-10000100,"Harbour Creations Swivel Stool, Adjustable",Furniture,Chairs,1750,
FUR-HAR-10000334,"Harbour Creations Swivel Stool, Red",Furniture,Chairs,1751,
FUR-HAR-10000441,"Harbour Creations Rocking Chair, Adjustable",Furniture,Chairs,1752,
FUR-HAR-10000870,"Harbour Creations Bag Chairs, Black",Furniture,Chairs,1753,
FUR-HAR-10001089,"Harbour Creations Rocking Chair, Black",Furniture,Chairs,1754,
FUR-HAR-10001144,"Harbour Creations Bag Chairs, Adjustable",Furniture,Chairs,1755,
FUR-HAR-10001374,"Harbour Creations Executive Leather Armchair, Red",Furniture,Chairs,1756,
FUR-HAR-10001792,"Harbour Creations Bag Chairs, Red",Furniture,Chairs,1757,
FUR-HAR-10002178,"Harbour Creations Rocking Chair, Set of Two",Furniture,Chairs,1758,
FUR-HAR-10002223,"Harbour Creations Chairmat, Set of Two",Furniture,Chairs,1759,
FUR-HAR-10002288,"Harbour Creations Rocking Chair, Red",Furniture,Chairs,1760,
FUR-HAR-10002328,"Harbour Creations Swivel Stool, Black",Furniture,Chairs,1761,
FUR-HAR-10002546,"Harbour Creations Chairmat, Black",Furniture,Chairs,1762,
FUR-HAR-10002632,"Harbour Creations Chairmat, Adjustable",Furniture,Chairs,1763,
FUR-HAR-10002697,"Harbour Creations Executive Leather Armchair, Adjustable",Furniture,Chairs,1764,
FUR-HAR-10002873,"Harbour Creations Executive Leather Armchair, Adjustable",Furniture,Chairs,1765,
FUR-HAR-10003124,"Harbour Creations Chairmat, Red",Furniture,Chairs,1766,
FUR-HAR-10003548,"Harbour Creations Bag Chairs, Set of Two",Furniture,Chairs,1767,
FUR-HAR-10003770,"Harbour Creations Steel Folding Chair, Set of Two",Furniture,Chairs,1768,
FUR-HAR-10004086,"Harbour Creations Steel Folding Chair, Black",Furniture,Chairs,1769,
FUR-HAR-10004129,"Harbour Creations Swivel Stool, Set of Two",Furniture,Chairs,1770,
FUR-HAR-10004593,"Harbour Creations Executive Leather Armchair, Black",Furniture,Chairs,1771,
FUR-HAR-10004726,"Harbour Creations Steel Folding Chair, Adjustable",Furniture,Chairs,1772,
FUR-HON-10000029,"Hon Bag Chairs, Black",Furniture,Chairs,1773,
FUR-HON-10000103,"Hon Swivel Stool, Red",Furniture,Chairs,1774,
FUR-HON-10000191,"Hon Bag Chairs, Adjustable",Furniture,Chairs,1775,
FUR-HON-10000339,"Hon Bag Chairs, Set of Two",Furniture,Chairs,1777,
FUR-HON-10000344,"Hon Rocking Chair, Red",Furniture,Chairs,1778,
FUR-HON-10000722,"Hon Rocking Chair, Adjustable",Furniture,Chairs,1779,
FUR-HON-10001504,"Hon Rocking Chair, Black",Furniture,Chairs,1782,
FUR-HON-10001558,"Hon Swivel Stool, Black",Furniture,Chairs,1783,
FUR-HON-10001622,"Hon Chairmat, Red",Furniture,Chairs,1784,
FUR-HON-10001627,"Hon Swivel Stool, Adjustable",Furniture,Chairs,1785,
FUR-HON-10001689,"Hon Executive Leather Armchair, Red",Furniture,Chairs,1786,
FUR-HON-10001776,"Hon Bag Chairs, Red",Furniture,Chairs,1787,
FUR-HON-10001847,"Hon Executive Leather Armchair, Adjustable",Furniture,Chairs,1788,
FUR-HON-10001851,"Hon Executive Leather Armchair, Black",Furniture,Chairs,1789,
FUR-HON-10002424,"Hon Steel Folding Chair, Red",Furniture,Chairs,1791,
FUR-HON-10002570,"Hon Chairmat, Set of Two",Furniture,Chairs,1792,
FUR-HON-10002599,"Hon Chairmat, Adjustable",Furniture,Chairs,1793,
FUR-HON-10002941,"Hon Swivel Stool, Set of Two",Furniture,Chairs,1795,
FUR-HON-10003137,"Hon Steel Folding Chair, Set of Two",Furniture,Chairs,1797,
FUR-HON-10003533,"Hon Executive Leather Armchair, Adjustable",Furniture,Chairs,1799,
FUR-HON-10003593,"Hon Steel Folding Chair, Adjustable",Furniture,Chairs,1800,
FUR-HON-10003653,"Hon Steel Folding Chair, Black",Furniture,Chairs,1801,
FUR-HON-10004137,"Hon Rocking Chair, Set of Two",Furniture,Chairs,1804,
FUR-HON-10004632,"Hon Chairmat, Black",Furniture,Chairs,1805,
FUR-NOV-10000123,"Novimex Rocking Chair, Red",Furniture,Chairs,1844,
FUR-NOV-10000222,"Novimex Steel Folding Chair, Adjustable",Furniture,Chairs,1845,
FUR-NOV-10000283,"Novimex Chairmat, Black",Furniture,Chairs,1846,
FUR-NOV-10000323,"Novimex Executive Leather Armchair, Adjustable",Furniture,Chairs,1847,
FUR-NOV-10000669,"Novimex Chairmat, Set of Two",Furniture,Chairs,1848,
FUR-NOV-10000847,"Novimex Executive Leather Armchair, Adjustable",Furniture,Chairs,1849,
FUR-NOV-10001972,"Novimex Swivel Stool, Red",Furniture,Chairs,1850,
FUR-NOV-10002107,"Novimex Rocking Chair, Adjustable",Furniture,Chairs,1851,
FUR-NOV-10002333,"Novimex Steel Folding Chair, Black",Furniture,Chairs,1852,
FUR-NOV-10002453,"Novimex Rocking Chair, Black",Furniture,Chairs,1853,
FUR-NOV-10002655,"Novimex Swivel Stool, Adjustable",Furniture,Chairs,1854,
FUR-NOV-10002791,"Novimex Swivel Stool, Set of Two",Furniture,Chairs,1855,
FUR-NOV-10002911,"Novimex Steel Folding Chair, Set of Two",Furniture,Chairs,1856,
FUR-NOV-10002939,"Novimex Swivel Stool, Black",Furniture,Chairs,1857,
FUR-NOV-10003053,"Novimex Bag Chairs, Set of Two",Furniture,Chairs,1858,
FUR-NOV-10003195,"Novimex Chairmat, Red",Furniture,Chairs,1859,
FUR-NOV-10003257,"Novimex Chairmat, Adjustable",Furniture,Chairs,1860,
FUR-NOV-10003754,"Novimex Rocking Chair, Set of Two",Furniture,Chairs,1861,
FUR-NOV-10004003,"Novimex Steel Folding Chair, Red",Furniture,Chairs,1862,
FUR-NOV-10004563,"Novimex Bag Chairs, Black",Furniture,Chairs,1863,
FUR-NOV-10004602,"Novimex Executive Leather Armchair, Red",Furniture,Chairs,1864,
FUR-NOV-10004925,"Novimex Executive Leather Armchair, Black",Furniture,Chairs,1865,
FUR-NOV-10004962,"Novimex Bag Chairs, Adjustable",Furniture,Chairs,1866,
FUR-OFF-10000303,"Office Star Rocking Chair, Set of Two",Furniture,Chairs,1867,
FUR-OFF-10000344,"Office Star Bag Chairs, Adjustable",Furniture,Chairs,1868,
FUR-OFF-10001125,"Office Star Rocking Chair, Adjustable",Furniture,Chairs,1869,
FUR-OFF-10001132,"Office Star Swivel Stool, Adjustable",Furniture,Chairs,1870,
FUR-OFF-10001187,"Office Star Chairmat, Black",Furniture,Chairs,1871,
FUR-OFF-10001224,"Office Star Swivel Stool, Red",Furniture,Chairs,1872,
FUR-OFF-10001552,"Office Star Bag Chairs, Set of Two",Furniture,Chairs,1873,
FUR-OFF-10001661,"Office Star Chairmat, Red",Furniture,Chairs,1874,
FUR-OFF-10001798,"Office Star Steel Folding Chair, Red",Furniture,Chairs,1875,
FUR-OFF-10002330,"Office Star Executive Leather Armchair, Black",Furniture,Chairs,1876,
FUR-OFF-10002395,"Office Star Rocking Chair, Red",Furniture,Chairs,1877,
FUR-OFF-10002486,"Office Star Bag Chairs, Black",Furniture,Chairs,1878,
FUR-OFF-10002511,"Office Star Steel Folding Chair, Black",Furniture,Chairs,1879,
FUR-OFF-10002542,"Office Star Executive Leather Armchair, Adjustable",Furniture,Chairs,1880,
FUR-OFF-10002740,"Office Star Steel Folding Chair, Set of Two",Furniture,Chairs,1881,
FUR-OFF-10003019,"Office Star Steel Folding Chair, Adjustable",Furniture,Chairs,1882,
FUR-OFF-10003104,"Office Star Bag Chairs, Red",Furniture,Chairs,1883,
FUR-OFF-10003688,"Office Star Rocking Chair, Black",Furniture,Chairs,1884,
FUR-OFF-10003703,"Office Star Chairmat, Set of Two",Furniture,Chairs,1885,
FUR-OFF-10003713,"Office Star Chairmat, Adjustable",Furniture,Chairs,1886,
FUR-OFF-10004214,"Office Star Executive Leather Armchair, Red",Furniture,Chairs,1887,
FUR-OFF-10004495,"Office Star Swivel Stool, Black",Furniture,Chairs,1888,
FUR-OFF-10004824,"Office Star Swivel Stool, Set of Two",Furniture,Chairs,1889,
FUR-SAF-10000351,"SAFCO Chairmat, Black",Furniture,Chairs,1918,
FUR-SAF-10000565,"SAFCO Bag Chairs, Adjustable",Furniture,Chairs,1921,
FUR-SAF-10000593,"SAFCO Chairmat, Adjustable",Furniture,Chairs,1922,
FUR-SAF-10001136,"SAFCO Swivel Stool, Adjustable",Furniture,Chairs,1927,
FUR-SAF-10001793,"SAFCO Executive Leather Armchair, Black",Furniture,Chairs,1930,
FUR-SAF-10001870,"SAFCO Chairmat, Set of Two",Furniture,Chairs,1931,
FUR-SAF-10001873,"SAFCO Bag Chairs, Set of Two",Furniture,Chairs,1932,
FUR-SAF-10001949,"SAFCO Bag Chairs, Red",Furniture,Chairs,1933,
FUR-SAF-10002112,"SAFCO Executive Leather Armchair, Set of Two",Furniture,Chairs,1935,
FUR-SAF-10002121,"SAFCO Rocking Chair, Black",Furniture,Chairs,1936,
FUR-SAF-10002180,"SAFCO Executive Leather Armchair, Red",Furniture,Chairs,1937,
FUR-SAF-10002314,"SAFCO Swivel Stool, Black",Furniture,Chairs,1939,
FUR-SAF-10002529,"SAFCO Chairmat, Red",Furniture,Chairs,1943,
FUR-SAF-10002557,"SAFCO Steel Folding Chair, Red",Furniture,Chairs,1944,
FUR-SAF-10002616,"SAFCO Steel Folding Chair, Adjustable",Furniture,Chairs,1945,
FUR-SAF-10002757,"SAFCO Rocking Chair, Red",Furniture,Chairs,1946,
FUR-SAF-10003160,"SAFCO Rocking Chair, Adjustable",Furniture,Chairs,1949,
FUR-SAF-10003402,"SAFCO Bag Chairs, Black",Furniture,Chairs,1950,
FUR-SAF-10003745,"SAFCO Rocking Chair, Set of Two",Furniture,Chairs,1953,
FUR-SAF-10003819,"SAFCO Swivel Stool, Set of Two",Furniture,Chairs,1954,
FUR-SAF-10004252,"SAFCO Executive Leather Armchair, Adjustable",Furniture,Chairs,1956,
FUR-SAF-10004525,"SAFCO Swivel Stool, Red",Furniture,Chairs,1958,
FUR-SAF-10004664,"SAFCO Steel Folding Chair, Set of Two",Furniture,Chairs,1960,
FUR-BO-10000002,"Bush Classic Bookcase, Mobile",Furniture,Bookcases,49,
FUR-BO-10000008,"Sauder Library with Doors, Traditional",Furniture,Bookcases,50,
FUR-BO-10000021,"Dania Corner Shelving, Metal",Furniture,Bookcases,51,
FUR-BO-10000022,"Dania Floating Shelf Set, Traditional",Furniture,Bookcases,52,
FUR-BO-10000034,"Safco Classic Bookcase, Pine",Furniture,Bookcases,53,
FUR-BO-10000035,"Dania Classic Bookcase, Pine",Furniture,Bookcases,54,
FUR-BO-10000038,"Bush Library with Doors, Pine",Furniture,Bookcases,55,
FUR-BO-10000071,"Safco 3-Shelf Cabinet, Metal",Furniture,Bookcases,56,
FUR-BO-10000087,"Dania Classic Bookcase, Mobile",Furniture,Bookcases,57,
FUR-BO-10000087,"Sauder Corner Shelving, Pine",Furniture,Bookcases,58,
FUR-BO-10000112,"Bush Birmingham Collection Bookcase, Dark Cherry",Furniture,Bookcases,59,
FUR-BO-10000112,"Dania Corner Shelving, Pine",Furniture,Bookcases,60,
FUR-BO-10000120,"Sauder Stackable Bookrack, Mobile",Furniture,Bookcases,61,
FUR-BO-10000148,"Bush 3-Shelf Cabinet, Metal",Furniture,Bookcases,62,
FUR-BO-10000155,"Dania Corner Shelving, Metal",Furniture,Bookcases,63,
FUR-BO-10000160,"Safco Library with Doors, Pine",Furniture,Bookcases,64,
FUR-BO-10000170,"Safco Library with Doors, Mobile",Furniture,Bookcases,65,
FUR-BO-10000175,"Ikea Stackable Bookrack, Metal",Furniture,Bookcases,66,
FUR-BO-10000184,"Sauder Floating Shelf Set, Mobile",Furniture,Bookcases,67,
FUR-BO-10000195,"Dania Stackable Bookrack, Pine",Furniture,Bookcases,68,
FUR-BO-10000203,"Sauder Library with Doors, Metal",Furniture,Bookcases,69,
FUR-BO-10000208,"Bush Stackable Bookrack, Mobile",Furniture,Bookcases,70,
FUR-BO-10000210,"Ikea Library with Doors, Pine",Furniture,Bookcases,71,
FUR-BO-10000214,"Ikea Library with Doors, Pine",Furniture,Bookcases,72,
FUR-BO-10000243,"Safco Floating Shelf Set, Pine",Furniture,Bookcases,73,
FUR-BO-10000259,"Safco Classic Bookcase, Traditional",Furniture,Bookcases,74,
FUR-BO-10000265,"Bush Floating Shelf Set, Pine",Furniture,Bookcases,75,
FUR-BO-10000268,"Ikea 3-Shelf Cabinet, Traditional",Furniture,Bookcases,76,
FUR-BO-10000268,"Bush Library with Doors, Pine",Furniture,Bookcases,77,
FUR-BO-10000269,"Dania Stackable Bookrack, Pine",Furniture,Bookcases,78,
FUR-BO-10000279,"Dania Classic Bookcase, Pine",Furniture,Bookcases,79,
FUR-BO-10000288,"Safco Classic Bookcase, Traditional",Furniture,Bookcases,80,
FUR-BO-10000311,"Safco Floating Shelf Set, Metal",Furniture,Bookcases,81,
FUR-BO-10000321,"Dania Floating Shelf Set, Mobile",Furniture,Bookcases,82,
FUR-BO-10000330,"Sauder Camden County Barrister Bookcase, Planked Cherry Finish",Furniture,Bookcases,83,
FUR-BO-10000362,Sauder Inglewood Library Bookcases,Furniture,Bookcases,84,
FUR-BO-10000378,"Bush Floating Shelf Set, Pine",Furniture,Bookcases,85,
FUR-BO-10000402,"Sauder Stackable Bookrack, Traditional",Furniture,Bookcases,86,
FUR-BO-10000411,"Sauder Floating Shelf Set, Metal",Furniture,Bookcases,87,
FUR-BO-10000425,"Bush Floating Shelf Set, Traditional",Furniture,Bookcases,88,
FUR-BO-10000468,O'Sullivan 2-Shelf Heavy-Duty Bookcases,Furniture,Bookcases,89,
FUR-BO-10000490,"Bush Library with Doors, Metal",Furniture,Bookcases,90,
FUR-BO-10000502,"Sauder Classic Bookcase, Mobile",Furniture,Bookcases,91,
FUR-BO-10000514,"Bush Library with Doors, Traditional",Furniture,Bookcases,92,
FUR-BO-10000517,"Ikea Stackable Bookrack, Metal",Furniture,Bookcases,93,
FUR-BO-10000533,"Dania Corner Shelving, Pine",Furniture,Bookcases,94,
FUR-BO-10000567,"Sauder Classic Bookcase, Traditional",Furniture,Bookcases,95,
FUR-BO-10000596,"Sauder Classic Bookcase, Mobile",Furniture,Bookcases,96,
FUR-BO-10000610,"Ikea Stackable Bookrack, Mobile",Furniture,Bookcases,97,
FUR-BO-10000616,"Dania Corner Shelving, Pine",Furniture,Bookcases,98,
FUR-BO-10000623,"Safco Library with Doors, Metal",Furniture,Bookcases,99,
FUR-BO-10000624,"Safco Classic Bookcase, Metal",Furniture,Bookcases,100,
FUR-BO-10000636,"Dania Floating Shelf Set, Metal",Furniture,Bookcases,101,
FUR-BO-10000655,"Dania Classic Bookcase, Traditional",Furniture,Bookcases,102,
FUR-BO-10000666,"Ikea 3-Shelf Cabinet, Mobile",Furniture,Bookcases,103,
FUR-BO-10000668,"Ikea Corner Shelving, Traditional",Furniture,Bookcases,104,
FUR-BO-10000668,"Sauder Classic Bookcase, Mobile",Furniture,Bookcases,105,
FUR-BO-10000670,"Dania Corner Shelving, Metal",Furniture,Bookcases,106,
FUR-BO-10000676,"Bush Stackable Bookrack, Pine",Furniture,Bookcases,107,
FUR-BO-10000684,"Sauder Corner Shelving, Traditional",Furniture,Bookcases,108,
FUR-BO-10000699,"Sauder 3-Shelf Cabinet, Traditional",Furniture,Bookcases,109,
FUR-BO-10000700,"Sauder Floating Shelf Set, Metal",Furniture,Bookcases,110,
FUR-BO-10000711,"Hon Metal Bookcases, Gray",Furniture,Bookcases,111,
FUR-BO-10000712,"Bush Corner Shelving, Pine",Furniture,Bookcases,112,
FUR-BO-10000728,"Ikea Classic Bookcase, Mobile",Furniture,Bookcases,113,
FUR-BO-10000728,"Dania Corner Shelving, Traditional",Furniture,Bookcases,114,
FUR-BO-10000734,"Bush Corner Shelving, Pine",Furniture,Bookcases,115,
FUR-BO-10000746,"Ikea Corner Shelving, Mobile",Furniture,Bookcases,116,
FUR-BO-10000780,O'Sullivan Plantations 2-Door Library in Landvery Oak,Furniture,Bookcases,117,
FUR-BO-10000786,"Sauder Stackable Bookrack, Pine",Furniture,Bookcases,118,
FUR-BO-10000791,"Dania Library with Doors, Traditional",Furniture,Bookcases,119,
FUR-BO-10000797,"Safco 3-Shelf Cabinet, Pine",Furniture,Bookcases,120,
FUR-BO-10000807,"Sauder Floating Shelf Set, Mobile",Furniture,Bookcases,121,
FUR-BO-10000820,"Sauder 3-Shelf Cabinet, Metal",Furniture,Bookcases,122,
FUR-BO-10000847,"Dania Stackable Bookrack, Mobile",Furniture,Bookcases,123,
FUR-BO-10000883,"Dania Corner Shelving, Mobile",Furniture,Bookcases,124,
FUR-BO-10000889,"Safco 3-Shelf Cabinet, Mobile",Furniture,Bookcases,125,
FUR-BO-10000891,"Ikea Classic Bookcase, Pine",Furniture,Bookcases,126,
FUR-BO-10000892,"Bush Corner Shelving, Mobile",Furniture,Bookcases,127,
FUR-BO-10000895,"Sauder Stackable Bookrack, Pine",Furniture,Bookcases,128,
FUR-BO-10000895,"Sauder Corner Shelving, Metal",Furniture,Bookcases,129,
FUR-BO-10000936,"Bush Floating Shelf Set, Traditional",Furniture,Bookcases,130,
FUR-BO-10000961,"Bush Stackable Bookrack, Pine",Furniture,Bookcases,131,
FUR-BO-10000967,"Ikea Library with Doors, Pine",Furniture,Bookcases,132,
FUR-BO-10000980,"Bush Library with Doors, Traditional",Furniture,Bookcases,133,
FUR-BO-10001003,"Dania 3-Shelf Cabinet, Traditional",Furniture,Bookcases,134,
FUR-BO-10001010,"Dania Corner Shelving, Mobile",Furniture,Bookcases,135,
FUR-BO-10001039,"Dania Classic Bookcase, Traditional",Furniture,Bookcases,136,
FUR-BO-10001042,"Dania 3-Shelf Cabinet, Pine",Furniture,Bookcases,137,
FUR-BO-10001067,"Bush Stackable Bookrack, Pine",Furniture,Bookcases,138,
FUR-BO-10001073,"Safco Classic Bookcase, Metal",Furniture,Bookcases,139,
FUR-BO-10001099,"Bush Corner Shelving, Traditional",Furniture,Bookcases,140,
FUR-BO-10001133,"Ikea Classic Bookcase, Mobile",Furniture,Bookcases,141,
FUR-BO-10001147,"Bush Floating Shelf Set, Metal",Furniture,Bookcases,142,
FUR-BO-10001155,"Ikea 3-Shelf Cabinet, Metal",Furniture,Bookcases,143,
FUR-BO-10001155,"Dania 3-Shelf Cabinet, Traditional",Furniture,Bookcases,144,
FUR-BO-10001165,"Bush Library with Doors, Mobile",Furniture,Bookcases,145,
FUR-BO-10001192,"Bush Library with Doors, Mobile",Furniture,Bookcases,146,
FUR-BO-10001196,"Bush Library with Doors, Pine",Furniture,Bookcases,147,
FUR-BO-10001201,"Bush Stackable Bookrack, Mobile",Furniture,Bookcases,148,
FUR-BO-10001212,"Safco Classic Bookcase, Mobile",Furniture,Bookcases,149,
FUR-BO-10001216,"Sauder 3-Shelf Cabinet, Mobile",Furniture,Bookcases,150,
FUR-BO-10001233,"Ikea 3-Shelf Cabinet, Mobile",Furniture,Bookcases,151,
FUR-BO-10001254,"Dania 3-Shelf Cabinet, Mobile",Furniture,Bookcases,152,
FUR-BO-10001255,"Ikea Library with Doors, Mobile",Furniture,Bookcases,153,
FUR-BO-10001256,"Ikea Corner Shelving, Pine",Furniture,Bookcases,154,
FUR-BO-10001271,"Sauder Classic Bookcase, Pine",Furniture,Bookcases,155,
FUR-BO-10001276,"Safco Floating Shelf Set, Mobile",Furniture,Bookcases,156,
FUR-BO-10001287,"Dania Floating Shelf Set, Metal",Furniture,Bookcases,157,
FUR-BO-10001295,"Safco Floating Shelf Set, Traditional",Furniture,Bookcases,158,
FUR-BO-10001309,"Ikea Classic Bookcase, Traditional",Furniture,Bookcases,159,
FUR-BO-10001318,"Safco Library with Doors, Mobile",Furniture,Bookcases,160,
FUR-BO-10001324,"Sauder Floating Shelf Set, Pine",Furniture,Bookcases,161,
FUR-BO-10001326,"Bush 3-Shelf Cabinet, Pine",Furniture,Bookcases,162,
FUR-BO-10001337,O'Sullivan Living Dimensions 2-Shelf Bookcases,Furniture,Bookcases,163,
FUR-BO-10001342,"Safco Corner Shelving, Metal",Furniture,Bookcases,164,
FUR-BO-10001356,"Ikea Library with Doors, Mobile",Furniture,Bookcases,165,
FUR-BO-10001358,"Bush 3-Shelf Cabinet, Traditional",Furniture,Bookcases,166,
FUR-BO-10001362,"Ikea Classic Bookcase, Metal",Furniture,Bookcases,167,
FUR-BO-10001369,"Sauder Stackable Bookrack, Mobile",Furniture,Bookcases,168,
FUR-BO-10001370,"Sauder Classic Bookcase, Mobile",Furniture,Bookcases,169,
FUR-BO-10001372,"Safco Classic Bookcase, Pine",Furniture,Bookcases,170,
FUR-BO-10001385,"Sauder Corner Shelving, Metal",Furniture,Bookcases,171,
FUR-BO-10001387,"Safco Floating Shelf Set, Traditional",Furniture,Bookcases,172,
FUR-BO-10001390,"Bush Floating Shelf Set, Traditional",Furniture,Bookcases,173,
FUR-BO-10001392,"Sauder Classic Bookcase, Traditional",Furniture,Bookcases,174,
FUR-BO-10001393,"Safco 3-Shelf Cabinet, Pine",Furniture,Bookcases,175,
FUR-BO-10001405,"Bush Stackable Bookrack, Pine",Furniture,Bookcases,176,
FUR-BO-10001436,"Bush Corner Shelving, Traditional",Furniture,Bookcases,177,
FUR-BO-10001452,"Dania Stackable Bookrack, Pine",Furniture,Bookcases,178,
FUR-BO-10001461,"Safco Floating Shelf Set, Traditional",Furniture,Bookcases,179,
FUR-BO-10001471,"Sauder Classic Bookcase, Metal",Furniture,Bookcases,180,
FUR-BO-10001476,"Safco Corner Shelving, Pine",Furniture,Bookcases,181,
FUR-BO-10001483,"Bush Corner Shelving, Metal",Furniture,Bookcases,182,
FUR-BO-10001498,"Dania Classic Bookcase, Pine",Furniture,Bookcases,183,
FUR-BO-10001501,"Bush Classic Bookcase, Metal",Furniture,Bookcases,184,
FUR-BO-10001507,"Ikea Library with Doors, Traditional",Furniture,Bookcases,185,
FUR-BO-10001519,O'Sullivan 3-Shelf Heavy-Duty Bookcases,Furniture,Bookcases,186,
FUR-BO-10001524,"Bush Stackable Bookrack, Pine",Furniture,Bookcases,187,
FUR-BO-10001537,"Ikea Corner Shelving, Metal",Furniture,Bookcases,188,
FUR-BO-10001541,"Bush Stackable Bookrack, Traditional",Furniture,Bookcases,189,
FUR-BO-10001553,"Sauder Library with Doors, Traditional",Furniture,Bookcases,190,
FUR-BO-10001555,"Bush Corner Shelving, Metal",Furniture,Bookcases,191,
FUR-BO-10001558,"Safco 3-Shelf Cabinet, Pine",Furniture,Bookcases,192,
FUR-BO-10001567,"Bush Westfield Collection Bookcases, Dark Cherry Finish, Fully Assembled",Furniture,Bookcases,193,
FUR-BO-10001580,"Dania Stackable Bookrack, Pine",Furniture,Bookcases,194,
FUR-BO-10001585,"Ikea Floating Shelf Set, Traditional",Furniture,Bookcases,195,
FUR-BO-10001585,"Sauder Floating Shelf Set, Mobile",Furniture,Bookcases,196,
FUR-BO-10001596,"Dania Library with Doors, Mobile",Furniture,Bookcases,197,
FUR-BO-10001598,"Bush Corner Shelving, Pine",Furniture,Bookcases,198,
FUR-BO-10001601,"Sauder Mission Library with Doors, Fruitwood Finish",Furniture,Bookcases,199,
FUR-BO-10001608,"Hon Metal Bookcases, Black",Furniture,Bookcases,200,
FUR-BO-10001619,O'Sullivan Cherrywood Estates Traditional Bookcase,Furniture,Bookcases,201,
FUR-BO-10001621,"Dania Stackable Bookrack, Traditional",Furniture,Bookcases,202,
FUR-BO-10001641,"Bush 3-Shelf Cabinet, Traditional",Furniture,Bookcases,203,
FUR-BO-10001646,"Safco Corner Shelving, Metal",Furniture,Bookcases,204,
FUR-BO-10001646,"Safco Library with Doors, Pine",Furniture,Bookcases,205,
FUR-BO-10001668,"Ikea Floating Shelf Set, Pine",Furniture,Bookcases,206,
FUR-BO-10001679,"Ikea 3-Shelf Cabinet, Traditional",Furniture,Bookcases,207,
FUR-BO-10001699,"Ikea 3-Shelf Cabinet, Mobile",Furniture,Bookcases,208,
FUR-BO-10001708,"Safco Stackable Bookrack, Pine",Furniture,Bookcases,209,
FUR-BO-10001714,"Dania Floating Shelf Set, Mobile",Furniture,Bookcases,210,
FUR-BO-10001721,"Bush Corner Shelving, Mobile",Furniture,Bookcases,211,
FUR-BO-10001739,"Dania Classic Bookcase, Mobile",Furniture,Bookcases,212,
FUR-BO-10001746,"Dania 3-Shelf Cabinet, Pine",Furniture,Bookcases,213,
FUR-BO-10001749,"Bush Classic Bookcase, Traditional",Furniture,Bookcases,214,
FUR-BO-10001753,"Dania Stackable Bookrack, Traditional",Furniture,Bookcases,215,
FUR-BO-10001779,"Safco Stackable Bookrack, Pine",Furniture,Bookcases,216,
FUR-BO-10001781,"Bush Library with Doors, Traditional",Furniture,Bookcases,217,
FUR-BO-10001798,Bush Somerset Collection Bookcase,Furniture,Bookcases,218,
FUR-BO-10001811,"Atlantic Metals Mobile 5-Shelf Bookcases, Custom Colors",Furniture,Bookcases,219,
FUR-BO-10001822,"Dania Library with Doors, Metal",Furniture,Bookcases,220,
FUR-BO-10001831,"Sauder Floating Shelf Set, Metal",Furniture,Bookcases,221,
FUR-BO-10001834,"Ikea 3-Shelf Cabinet, Mobile",Furniture,Bookcases,222,
FUR-BO-10001835,"Safco Library with Doors, Traditional",Furniture,Bookcases,223,
FUR-BO-10001860,"Sauder Corner Shelving, Traditional",Furniture,Bookcases,224,
FUR-BO-10001867,"Dania Corner Shelving, Mobile",Furniture,Bookcases,225,
FUR-BO-10001872,"Bush Stackable Bookrack, Pine",Furniture,Bookcases,226,
FUR-BO-10001873,"Ikea Floating Shelf Set, Mobile",Furniture,Bookcases,227,
FUR-BO-10001874,"Sauder Corner Shelving, Pine",Furniture,Bookcases,228,
FUR-BO-10001875,"Bush Library with Doors, Mobile",Furniture,Bookcases,229,
FUR-BO-10001876,"Safco Corner Shelving, Pine",Furniture,Bookcases,230,
FUR-BO-10001888,"Dania Floating Shelf Set, Pine",Furniture,Bookcases,231,
FUR-BO-10001892,"Sauder Library with Doors, Pine",Furniture,Bookcases,232,
FUR-BO-10001918,"Sauder Forest Hills Library with Doors, Woodland Oak Finish",Furniture,Bookcases,233,
FUR-BO-10001934,"Bush Library with Doors, Metal",Furniture,Bookcases,234,
FUR-BO-10001943,"Safco Library with Doors, Traditional",Furniture,Bookcases,235,
FUR-BO-10001946,"Sauder 3-Shelf Cabinet, Metal",Furniture,Bookcases,236,
FUR-BO-10001966,"Ikea Corner Shelving, Metal",Furniture,Bookcases,237,
FUR-BO-10001967,"Safco Corner Shelving, Mobile",Furniture,Bookcases,238,
FUR-BO-10001969,"Sauder 3-Shelf Cabinet, Pine",Furniture,Bookcases,239,
FUR-BO-10001972,O'Sullivan 4-Shelf Bookcase in Odessa Pine,Furniture,Bookcases,240,
FUR-BO-10002000,"Ikea Classic Bookcase, Metal",Furniture,Bookcases,241,
FUR-BO-10002003,"Sauder Classic Bookcase, Metal",Furniture,Bookcases,242,
FUR-BO-10002008,"Bush Stackable Bookrack, Traditional",Furniture,Bookcases,243,
FUR-BO-10002031,"Sauder Classic Bookcase, Pine",Furniture,Bookcases,244,
FUR-BO-10002032,"Ikea Stackable Bookrack, Pine",Furniture,Bookcases,245,
FUR-BO-10002042,"Bush Classic Bookcase, Metal",Furniture,Bookcases,246,
FUR-BO-10002084,"Dania Library with Doors, Metal",Furniture,Bookcases,247,
FUR-BO-10002109,"Safco Stackable Bookrack, Pine",Furniture,Bookcases,248,
FUR-BO-10002133,"Bush Corner Shelving, Mobile",Furniture,Bookcases,249,
FUR-BO-10002142,"Ikea Classic Bookcase, Traditional",Furniture,Bookcases,250,
FUR-BO-10002182,"Safco Floating Shelf Set, Pine",Furniture,Bookcases,251,
FUR-BO-10002202,"Atlantic Metals Mobile 2-Shelf Bookcases, Custom Colors",Furniture,Bookcases,252,
FUR-BO-10002204,"Bush Classic Bookcase, Pine",Furniture,Bookcases,253,
FUR-BO-10002204,"Bush Corner Shelving, Traditional",Furniture,Bookcases,254,
FUR-BO-10002204,"Dania Floating Shelf Set, Traditional",Furniture,Bookcases,255,
FUR-BO-10002206,"Bush Saratoga Collection 5-Shelf Bookcase, Hanover Cherry, *Special Order",Furniture,Bookcases,256,
FUR-BO-10002213,"Sauder Forest Hills Library, Woodland Oak Finish",Furniture,Bookcases,257,
FUR-BO-10002213,DMI Eclipse Executive Suite Bookcases,Furniture,Bookcases,258,
FUR-BO-10002214,"Dania Floating Shelf Set, Traditional",Furniture,Bookcases,259,
FUR-BO-10002235,"Bush 3-Shelf Cabinet, Pine",Furniture,Bookcases,260,
FUR-BO-10002250,"Dania Floating Shelf Set, Mobile",Furniture,Bookcases,261,
FUR-BO-10002268,Sauder Barrister Bookcases,Furniture,Bookcases,262,
FUR-BO-10002277,"Bush Floating Shelf Set, Mobile",Furniture,Bookcases,263,
FUR-BO-10002285,"Safco Corner Shelving, Pine",Furniture,Bookcases,264,
FUR-BO-10002289,"Ikea Corner Shelving, Pine",Furniture,Bookcases,265,
FUR-BO-10002300,"Dania Classic Bookcase, Traditional",Furniture,Bookcases,266,
FUR-BO-10002300,"Safco 3-Shelf Cabinet, Mobile",Furniture,Bookcases,267,
FUR-BO-10002308,"Safco Floating Shelf Set, Metal",Furniture,Bookcases,268,
FUR-BO-10002309,"Dania 3-Shelf Cabinet, Traditional",Furniture,Bookcases,269,
FUR-BO-10002318,"Dania Classic Bookcase, Mobile",Furniture,Bookcases,270,
FUR-BO-10002324,"Sauder Stackable Bookrack, Pine",Furniture,Bookcases,271,
FUR-BO-10002325,"Bush Classic Bookcase, Metal",Furniture,Bookcases,272,
FUR-BO-10002334,"Ikea 3-Shelf Cabinet, Pine",Furniture,Bookcases,273,
FUR-BO-10002346,"Dania Stackable Bookrack, Mobile",Furniture,Bookcases,274,
FUR-BO-10002352,"Ikea 3-Shelf Cabinet, Mobile",Furniture,Bookcases,275,
FUR-BO-10002378,"Dania 3-Shelf Cabinet, Metal",Furniture,Bookcases,276,
FUR-BO-10002383,"Sauder Floating Shelf Set, Pine",Furniture,Bookcases,277,
FUR-BO-10002387,"Safco Library with Doors, Metal",Furniture,Bookcases,278,
FUR-BO-10002390,"Ikea Library with Doors, Metal",Furniture,Bookcases,279,
FUR-BO-10002423,"Safco Floating Shelf Set, Mobile",Furniture,Bookcases,280,
FUR-BO-10002444,"Sauder Library with Doors, Mobile",Furniture,Bookcases,281,
FUR-BO-10002462,"Ikea Classic Bookcase, Pine",Furniture,Bookcases,282,
FUR-BO-10002471,"Safco 3-Shelf Cabinet, Metal",Furniture,Bookcases,283,
FUR-BO-10002510,"Safco 3-Shelf Cabinet, Traditional",Furniture,Bookcases,284,
FUR-BO-10002510,"Bush 3-Shelf Cabinet, Mobile",Furniture,Bookcases,285,
FUR-BO-10002529,"Safco Library with Doors, Metal",Furniture,Bookcases,286,
FUR-BO-10002545,"Atlantic Metals Mobile 3-Shelf Bookcases, Custom Colors",Furniture,Bookcases,287,
FUR-BO-10002574,"Bush Corner Shelving, Traditional",Furniture,Bookcases,288,
FUR-BO-10002580,"Safco Classic Bookcase, Pine",Furniture,Bookcases,289,
FUR-BO-10002592,"Safco Stackable Bookrack, Traditional",Furniture,Bookcases,290,
FUR-BO-10002598,"Hon Metal Bookcases, Putty",Furniture,Bookcases,291,
FUR-BO-10002613,"Atlantic Metals Mobile 4-Shelf Bookcases, Custom Colors",Furniture,Bookcases,292,
FUR-BO-10002632,"Sauder Corner Shelving, Pine",Furniture,Bookcases,293,
FUR-BO-10002679,"Ikea Stackable Bookrack, Mobile",Furniture,Bookcases,294,
FUR-BO-10002680,"Sauder 3-Shelf Cabinet, Traditional",Furniture,Bookcases,295,
FUR-BO-10002682,"Safco Stackable Bookrack, Mobile",Furniture,Bookcases,296,
FUR-BO-10002708,"Dania Library with Doors, Pine",Furniture,Bookcases,297,
FUR-BO-10002736,"Sauder Stackable Bookrack, Mobile",Furniture,Bookcases,298,
FUR-BO-10002738,"Sauder Corner Shelving, Mobile",Furniture,Bookcases,299,
FUR-BO-10002740,"Ikea Classic Bookcase, Metal",Furniture,Bookcases,300,
FUR-BO-10002766,"Bush Classic Bookcase, Traditional",Furniture,Bookcases,301,
FUR-BO-10002781,"Sauder Floating Shelf Set, Traditional",Furniture,Bookcases,302,
FUR-BO-10002782,"Safco Corner Shelving, Traditional",Furniture,Bookcases,303,
FUR-BO-10002793,"Safco Floating Shelf Set, Traditional",Furniture,Bookcases,304,
FUR-BO-10002812,"Sauder 3-Shelf Cabinet, Pine",Furniture,Bookcases,305,
FUR-BO-10002819,"Ikea Stackable Bookrack, Traditional",Furniture,Bookcases,306,
FUR-BO-10002824,Bush Mission Pointe Library,Furniture,Bookcases,307,
FUR-BO-10002852,"Bush Stackable Bookrack, Pine",Furniture,Bookcases,308,
FUR-BO-10002853,O'Sullivan 5-Shelf Heavy-Duty Bookcases,Furniture,Bookcases,309,
FUR-BO-10002866,"Safco Classic Bookcase, Pine",Furniture,Bookcases,310,
FUR-BO-10002889,"Dania Stackable Bookrack, Pine",Furniture,Bookcases,311,
FUR-BO-10002892,"Safco Classic Bookcase, Mobile",Furniture,Bookcases,312,
FUR-BO-10002906,"Ikea Corner Shelving, Traditional",Furniture,Bookcases,313,
FUR-BO-10002916,"Rush Hierlooms Collection 1"" Thick Stackable Bookcases",Furniture,Bookcases,314,
FUR-BO-10002926,"Bush Stackable Bookrack, Mobile",Furniture,Bookcases,315,
FUR-BO-10002936,"Ikea Stackable Bookrack, Pine",Furniture,Bookcases,316,
FUR-BO-10002964,"Dania Floating Shelf Set, Pine",Furniture,Bookcases,317,
FUR-BO-10002968,"Bush Library with Doors, Metal",Furniture,Bookcases,318,
FUR-BO-10002975,"Dania Stackable Bookrack, Traditional",Furniture,Bookcases,319,
FUR-BO-10002981,"Sauder Stackable Bookrack, Traditional",Furniture,Bookcases,320,
FUR-BO-10002981,"Bush Floating Shelf Set, Metal",Furniture,Bookcases,321,
FUR-BO-10002985,"Sauder Corner Shelving, Mobile",Furniture,Bookcases,322,
FUR-BO-10002990,"Dania Library with Doors, Traditional",Furniture,Bookcases,323,
FUR-BO-10002992,"Dania Library with Doors, Traditional",Furniture,Bookcases,324,
FUR-BO-10003007,"Ikea Stackable Bookrack, Metal",Furniture,Bookcases,325,
FUR-BO-10003022,"Dania 3-Shelf Cabinet, Metal",Furniture,Bookcases,326,
FUR-BO-10003028,"Sauder 3-Shelf Cabinet, Mobile",Furniture,Bookcases,327,
FUR-BO-10003029,"Sauder Library with Doors, Traditional",Furniture,Bookcases,328,
FUR-BO-10003034,"O'Sullivan Elevations Bookcase, Cherry Finish",Furniture,Bookcases,329,
FUR-BO-10003034,"Sauder Stackable Bookrack, Pine",Furniture,Bookcases,330,
FUR-BO-10003043,"Dania 3-Shelf Cabinet, Mobile",Furniture,Bookcases,331,
FUR-BO-10003046,"Safco Library with Doors, Mobile",Furniture,Bookcases,332,
FUR-BO-10003078,"Safco Corner Shelving, Traditional",Furniture,Bookcases,333,
FUR-BO-10003086,"Safco Library with Doors, Traditional",Furniture,Bookcases,334,
FUR-BO-10003103,"Ikea Classic Bookcase, Metal",Furniture,Bookcases,335,
FUR-BO-10003103,"Dania Floating Shelf Set, Pine",Furniture,Bookcases,336,
FUR-BO-10003106,"Sauder Corner Shelving, Metal",Furniture,Bookcases,337,
FUR-BO-10003112,"Sauder Floating Shelf Set, Traditional",Furniture,Bookcases,338,
FUR-BO-10003126,"Dania Library with Doors, Traditional",Furniture,Bookcases,339,
FUR-BO-10003159,"Sauder Camden County Collection Libraries, Planked Cherry Finish",Furniture,Bookcases,340,
FUR-BO-10003159,"Dania Stackable Bookrack, Pine",Furniture,Bookcases,341,
FUR-BO-10003174,"Dania Floating Shelf Set, Pine",Furniture,Bookcases,342,
FUR-BO-10003181,"Safco Corner Shelving, Metal",Furniture,Bookcases,343,
FUR-BO-10003185,"Ikea Floating Shelf Set, Metal",Furniture,Bookcases,344,
FUR-BO-10003199,"Bush Classic Bookcase, Mobile",Furniture,Bookcases,345,
FUR-BO-10003206,"Sauder Floating Shelf Set, Pine",Furniture,Bookcases,346,
FUR-BO-10003221,"Safco Corner Shelving, Mobile",Furniture,Bookcases,347,
FUR-BO-10003272,O'Sullivan Living Dimensions 5-Shelf Bookcases,Furniture,Bookcases,348,
FUR-BO-10003282,"Ikea Classic Bookcase, Mobile",Furniture,Bookcases,349,
FUR-BO-10003284,"Sauder Floating Shelf Set, Mobile",Furniture,Bookcases,350,
FUR-BO-10003287,"Dania Corner Shelving, Traditional",Furniture,Bookcases,351,
FUR-BO-10003291,"Dania Corner Shelving, Metal",Furniture,Bookcases,352,
FUR-BO-10003297,"Ikea 3-Shelf Cabinet, Metal",Furniture,Bookcases,353,
FUR-BO-10003301,"Dania Floating Shelf Set, Metal",Furniture,Bookcases,354,
FUR-BO-10003320,"Dania Classic Bookcase, Metal",Furniture,Bookcases,355,
FUR-BO-10003323,"Safco 3-Shelf Cabinet, Mobile",Furniture,Bookcases,356,
FUR-BO-10003326,"Safco Stackable Bookrack, Traditional",Furniture,Bookcases,357,
FUR-BO-10003333,"Sauder Stackable Bookrack, Traditional",Furniture,Bookcases,358,
FUR-BO-10003383,"Safco Floating Shelf Set, Mobile",Furniture,Bookcases,359,
FUR-BO-10003384,"Ikea Corner Shelving, Traditional",Furniture,Bookcases,360,
FUR-BO-10003386,"Sauder 3-Shelf Cabinet, Mobile",Furniture,Bookcases,361,
FUR-BO-10003404,"Global Adaptabilites Bookcase, Cherry/Storm Gray Finish",Furniture,Bookcases,362,
FUR-BO-10003408,"Ikea 3-Shelf Cabinet, Metal",Furniture,Bookcases,363,
FUR-BO-10003433,Sauder Cornerstone Collection Library,Furniture,Bookcases,364,
FUR-BO-10003438,"Dania Corner Shelving, Pine",Furniture,Bookcases,365,
FUR-BO-10003441,"Bush Westfield Collection Bookcases, Fully Assembled",Furniture,Bookcases,366,
FUR-BO-10003450,"Bush Westfield Collection Bookcases, Dark Cherry Finish",Furniture,Bookcases,367,
FUR-BO-10003463,"Ikea Stackable Bookrack, Metal",Furniture,Bookcases,368,
FUR-BO-10003499,"Ikea Library with Doors, Pine",Furniture,Bookcases,369,
FUR-BO-10003530,"Safco Classic Bookcase, Metal",Furniture,Bookcases,370,
FUR-BO-10003530,"Safco 3-Shelf Cabinet, Pine",Furniture,Bookcases,371,
FUR-BO-10003541,"Bush Classic Bookcase, Metal",Furniture,Bookcases,372,
FUR-BO-10003543,"Safco Floating Shelf Set, Mobile",Furniture,Bookcases,373,
FUR-BO-10003546,Hon 4-Shelf Metal Bookcases,Furniture,Bookcases,374,
FUR-BO-10003549,"Sauder Floating Shelf Set, Metal",Furniture,Bookcases,375,
FUR-BO-10003554,"Dania 3-Shelf Cabinet, Mobile",Furniture,Bookcases,376,
FUR-BO-10003559,"Sauder Stackable Bookrack, Pine",Furniture,Bookcases,377,
FUR-BO-10003563,"Bush 3-Shelf Cabinet, Mobile",Furniture,Bookcases,378,
FUR-BO-10003589,"Dania Floating Shelf Set, Traditional",Furniture,Bookcases,379,
FUR-BO-10003604,"Ikea Corner Shelving, Mobile",Furniture,Bookcases,380,
FUR-BO-10003631,"Safco Stackable Bookrack, Mobile",Furniture,Bookcases,381,
FUR-BO-10003647,"Ikea Classic Bookcase, Pine",Furniture,Bookcases,382,
FUR-BO-10003660,"Bush Cubix Collection Bookcases, Fully Assembled",Furniture,Bookcases,383,
FUR-BO-10003661,"Sauder Floating Shelf Set, Traditional",Furniture,Bookcases,384,
FUR-BO-10003668,"Sauder Floating Shelf Set, Pine",Furniture,Bookcases,385,
FUR-BO-10003688,"Bush Stackable Bookrack, Pine",Furniture,Bookcases,386,
FUR-BO-10003697,"Safco Floating Shelf Set, Mobile",Furniture,Bookcases,387,
FUR-BO-10003706,"Sauder Stackable Bookrack, Pine",Furniture,Bookcases,388,
FUR-BO-10003713,"Sauder Corner Shelving, Mobile",Furniture,Bookcases,389,
FUR-BO-10003734,"Dania Classic Bookcase, Metal",Furniture,Bookcases,390,
FUR-BO-10003738,"Dania Library with Doors, Mobile",Furniture,Bookcases,391,
FUR-BO-10003768,"Sauder 3-Shelf Cabinet, Traditional",Furniture,Bookcases,392,
FUR-BO-10003779,"Ikea Library with Doors, Traditional",Furniture,Bookcases,393,
FUR-BO-10003783,"Dania Library with Doors, Pine",Furniture,Bookcases,394,
FUR-BO-10003793,"Bush 3-Shelf Cabinet, Metal",Furniture,Bookcases,395,
FUR-BO-10003828,"Bush 3-Shelf Cabinet, Metal",Furniture,Bookcases,396,
FUR-BO-10003873,"Safco Library with Doors, Mobile",Furniture,Bookcases,397,
FUR-BO-10003878,"Safco Corner Shelving, Mobile",Furniture,Bookcases,398,
FUR-BO-10003880,"Dania Corner Shelving, Pine",Furniture,Bookcases,399,
FUR-BO-10003881,"Sauder Floating Shelf Set, Mobile",Furniture,Bookcases,400,
FUR-BO-10003887,"Ikea Floating Shelf Set, Traditional",Furniture,Bookcases,401,
FUR-BO-10003893,Sauder Camden County Collection Library,Furniture,Bookcases,402,
FUR-BO-10003894,"Safco Value Mate Steel Bookcase, Baked Enamel Finish on Steel, Black",Furniture,Bookcases,403,
FUR-BO-10003903,"Dania 3-Shelf Cabinet, Pine",Furniture,Bookcases,404,
FUR-BO-10003904,"Ikea Corner Shelving, Traditional",Furniture,Bookcases,405,
FUR-BO-10003905,"Ikea Stackable Bookrack, Mobile",Furniture,Bookcases,406,
FUR-BO-10003913,"Safco Stackable Bookrack, Pine",Furniture,Bookcases,407,
FUR-BO-10003945,"Sauder 3-Shelf Cabinet, Metal",Furniture,Bookcases,408,
FUR-BO-10003965,O'Sullivan Manor Hill 2-Door Library in Brianna Oak,Furniture,Bookcases,409,
FUR-BO-10003966,"Sauder Facets Collection Library, Sky Alder Finish",Furniture,Bookcases,410,
FUR-BO-10003968,"Sauder Library with Doors, Mobile",Furniture,Bookcases,411,
FUR-BO-10003985,"Sauder Classic Bookcase, Traditional",Furniture,Bookcases,412,
FUR-BO-10003991,"Bush Classic Bookcase, Traditional",Furniture,Bookcases,413,
FUR-BO-10004015,"Bush Andora Bookcase, Maple/Graphite Gray Finish",Furniture,Bookcases,414,
FUR-BO-10004032,"Bush Corner Shelving, Pine",Furniture,Bookcases,415,
FUR-BO-10004043,"Dania Classic Bookcase, Metal",Furniture,Bookcases,416,
FUR-BO-10004053,"Dania Library with Doors, Metal",Furniture,Bookcases,417,
FUR-BO-10004055,"Safco Corner Shelving, Metal",Furniture,Bookcases,418,
FUR-BO-10004075,"Safco Floating Shelf Set, Metal",Furniture,Bookcases,419,
FUR-BO-10004080,"Ikea Stackable Bookrack, Traditional",Furniture,Bookcases,420,
FUR-BO-10004082,"Sauder Classic Bookcase, Metal",Furniture,Bookcases,421,
FUR-BO-10004098,"Ikea Stackable Bookrack, Pine",Furniture,Bookcases,422,
FUR-BO-10004103,"Dania Library with Doors, Pine",Furniture,Bookcases,423,
FUR-BO-10004113,"Sauder Classic Bookcase, Pine",Furniture,Bookcases,424,
FUR-BO-10004119,"Ikea Floating Shelf Set, Traditional",Furniture,Bookcases,425,
FUR-BO-10004129,"Sauder Classic Bookcase, Pine",Furniture,Bookcases,426,
FUR-BO-10004135,"Ikea Stackable Bookrack, Traditional",Furniture,Bookcases,427,
FUR-BO-10004142,"Safco Classic Bookcase, Traditional",Furniture,Bookcases,428,
FUR-BO-10004161,"Bush Corner Shelving, Mobile",Furniture,Bookcases,429,
FUR-BO-10004162,"Ikea Floating Shelf Set, Pine",Furniture,Bookcases,430,
FUR-BO-10004191,"Safco Corner Shelving, Traditional",Furniture,Bookcases,431,
FUR-BO-10004199,"Ikea 3-Shelf Cabinet, Pine",Furniture,Bookcases,432,
FUR-BO-10004218,"Bush Heritage Pine Collection 5-Shelf Bookcase, Albany Pine Finish, *Special Order",Furniture,Bookcases,433,
FUR-BO-10004219,"Safco 3-Shelf Cabinet, Metal",Furniture,Bookcases,434,
FUR-BO-10004230,"Bush Corner Shelving, Metal",Furniture,Bookcases,435,
FUR-BO-10004238,"Ikea Corner Shelving, Pine",Furniture,Bookcases,436,
FUR-BO-10004254,"Ikea Classic Bookcase, Traditional",Furniture,Bookcases,437,
FUR-BO-10004312,"Bush Floating Shelf Set, Traditional",Furniture,Bookcases,438,
FUR-BO-10004316,"Bush 3-Shelf Cabinet, Pine",Furniture,Bookcases,439,
FUR-BO-10004327,"Bush 3-Shelf Cabinet, Mobile",Furniture,Bookcases,440,
FUR-BO-10004340,"Safco Classic Bookcase, Mobile",Furniture,Bookcases,441,
FUR-BO-10004357,O'Sullivan Living Dimensions 3-Shelf Bookcases,Furniture,Bookcases,442,
FUR-BO-10004360,Rush Hierlooms Collection Rich Wood Bookcases,Furniture,Bookcases,443,
FUR-BO-10004371,"Dania Classic Bookcase, Pine",Furniture,Bookcases,444,
FUR-BO-10004388,"Ikea Library with Doors, Metal",Furniture,Bookcases,445,
FUR-BO-10004399,"Bush Floating Shelf Set, Pine",Furniture,Bookcases,446,
FUR-BO-10004404,"Ikea 3-Shelf Cabinet, Pine",Furniture,Bookcases,447,
FUR-BO-10004407,"Ikea Floating Shelf Set, Metal",Furniture,Bookcases,448,
FUR-BO-10004408,"Dania Stackable Bookrack, Pine",Furniture,Bookcases,449,
FUR-BO-10004409,"Safco Value Mate Series Steel Bookcases, Baked Enamel Finish on Steel, Gray",Furniture,Bookcases,450,
FUR-BO-10004423,"Ikea Corner Shelving, Pine",Furniture,Bookcases,451,
FUR-BO-10004425,"Sauder Library with Doors, Mobile",Furniture,Bookcases,452,
FUR-BO-10004430,"Bush Floating Shelf Set, Metal",Furniture,Bookcases,453,
FUR-BO-10004434,"Ikea Library with Doors, Traditional",Furniture,Bookcases,454,
FUR-BO-10004441,"Ikea Library with Doors, Metal",Furniture,Bookcases,455,
FUR-BO-10004445,"Bush Stackable Bookrack, Pine",Furniture,Bookcases,456,
FUR-BO-10004452,"Bush Classic Bookcase, Pine",Furniture,Bookcases,457,
FUR-BO-10004459,"Safco 3-Shelf Cabinet, Traditional",Furniture,Bookcases,458,
FUR-BO-10004467,Bestar Classic Bookcase,Furniture,Bookcases,459,
FUR-BO-10004472,"Dania Library with Doors, Pine",Furniture,Bookcases,460,
FUR-BO-10004483,"Ikea Floating Shelf Set, Pine",Furniture,Bookcases,461,
FUR-BO-10004504,"Sauder 3-Shelf Cabinet, Mobile",Furniture,Bookcases,462,
FUR-BO-10004507,"Ikea Corner Shelving, Metal",Furniture,Bookcases,463,
FUR-BO-10004508,"Ikea Floating Shelf Set, Mobile",Furniture,Bookcases,464,
FUR-BO-10004529,"Sauder 3-Shelf Cabinet, Pine",Furniture,Bookcases,465,
FUR-BO-10004537,"Dania Floating Shelf Set, Mobile",Furniture,Bookcases,466,
FUR-BO-10004541,"Dania Library with Doors, Mobile",Furniture,Bookcases,467,
FUR-BO-10004547,"Bush Stackable Bookrack, Traditional",Furniture,Bookcases,468,
FUR-BO-10004558,"Sauder Library with Doors, Pine",Furniture,Bookcases,469,
FUR-BO-10004560,"Bush Floating Shelf Set, Mobile",Furniture,Bookcases,470,
FUR-BO-10004565,"Sauder Corner Shelving, Traditional",Furniture,Bookcases,471,
FUR-BO-10004567,"Bush Floating Shelf Set, Mobile",Furniture,Bookcases,472,
FUR-BO-10004585,"Ikea 3-Shelf Cabinet, Traditional",Furniture,Bookcases,473,
FUR-BO-10004620,"Safco Stackable Bookrack, Mobile",Furniture,Bookcases,474,
FUR-BO-10004630,"Ikea Library with Doors, Mobile",Furniture,Bookcases,475,
FUR-BO-10004633,"Safco Stackable Bookrack, Traditional",Furniture,Bookcases,476,
FUR-BO-10004648,"Sauder Library with Doors, Pine",Furniture,Bookcases,477,
FUR-BO-10004660,"Sauder Library with Doors, Metal",Furniture,Bookcases,478,
FUR-BO-10004665,"Bush Classic Bookcase, Mobile",Furniture,Bookcases,479,
FUR-BO-10004670,"Dania Library with Doors, Mobile",Furniture,Bookcases,480,
FUR-BO-10004679,"Safco Library with Doors, Pine",Furniture,Bookcases,481,
FUR-BO-10004681,"Ikea Stackable Bookrack, Metal",Furniture,Bookcases,482,
FUR-BO-10004690,O'Sullivan Cherrywood Estates Traditional Barrister Bookcase,Furniture,Bookcases,483,
FUR-BO-10004695,O'Sullivan 2-Door Barrister Bookcase in Odessa Pine,Furniture,Bookcases,484,
FUR-BO-10004699,"Dania 3-Shelf Cabinet, Mobile",Furniture,Bookcases,485,
FUR-BO-10004704,"Bush Corner Shelving, Pine",Furniture,Bookcases,486,
FUR-BO-10004707,"Ikea Library with Doors, Traditional",Furniture,Bookcases,487,
FUR-BO-10004709,"Bush Westfield Collection Bookcases, Medium Cherry Finish",Furniture,Bookcases,488,
FUR-BO-10004709,"Bush Classic Bookcase, Pine",Furniture,Bookcases,489,
FUR-BO-10004725,"Sauder Library with Doors, Metal",Furniture,Bookcases,490,
FUR-BO-10004771,"Ikea Classic Bookcase, Traditional",Furniture,Bookcases,491,
FUR-BO-10004771,"Safco Library with Doors, Traditional",Furniture,Bookcases,492,
FUR-BO-10004773,"Ikea Floating Shelf Set, Mobile",Furniture,Bookcases,493,
FUR-BO-10004806,"Sauder Classic Bookcase, Metal",Furniture,Bookcases,494,
FUR-BO-10004806,"Safco Corner Shelving, Traditional",Furniture,Bookcases,495,
FUR-BO-10004821,"Dania Corner Shelving, Traditional",Furniture,Bookcases,496,
FUR-BO-10004824,"Safco Stackable Bookrack, Traditional",Furniture,Bookcases,497,
FUR-BO-10004834,"Safco 3-Shelf Cabinet, Mobile",Furniture,Bookcases,498,
FUR-BO-10004834,"Riverside Palais Royal Lawyers Bookcase, Royale Cherry Finish",Furniture,Bookcases,499,
FUR-BO-10004842,"Dania 3-Shelf Cabinet, Pine",Furniture,Bookcases,500,
FUR-BO-10004844,"Sauder Corner Shelving, Mobile",Furniture,Bookcases,501,
FUR-BO-10004852,"Sauder Classic Bookcase, Traditional",Furniture,Bookcases,502,
FUR-BO-10004878,"Ikea 3-Shelf Cabinet, Traditional",Furniture,Bookcases,503,
FUR-BO-10004899,"Safco Floating Shelf Set, Pine",Furniture,Bookcases,504,
FUR-BO-10004911,"Ikea Corner Shelving, Mobile",Furniture,Bookcases,505,
FUR-BO-10004914,"Bush 3-Shelf Cabinet, Traditional",Furniture,Bookcases,506,
FUR-BO-10004917,"Dania Stackable Bookrack, Mobile",Furniture,Bookcases,507,
FUR-BO-10004924,"Sauder Library with Doors, Traditional",Furniture,Bookcases,508,
FUR-BO-10004926,"Safco 3-Shelf Cabinet, Traditional",Furniture,Bookcases,509,
FUR-BO-10004935,"Ikea Stackable Bookrack, Mobile",Furniture,Bookcases,510,
FUR-BO-10004947,"Safco Stackable Bookrack, Pine",Furniture,Bookcases,511,
FUR-BO-10004980,"Bush Library with Doors, Mobile",Furniture,Bookcases,512,
FUR-BO-10004999,"Safco Classic Bookcase, Metal",Furniture,Bookcases,513,
FUR-BUS-10000332,"Bush Library with Doors, Traditional",Furniture,Bookcases,514,
FUR-BUS-10000984,"Bush 3-Shelf Cabinet, Traditional",Furniture,Bookcases,515,
FUR-BUS-10001187,"Bush Classic Bookcase, Metal",Furniture,Bookcases,516,
FUR-BUS-10001243,"Bush Classic Bookcase, Pine",Furniture,Bookcases,517,
FUR-BUS-10001781,"Bush Library with Doors, Metal",Furniture,Bookcases,518,
FUR-BUS-10001876,"Bush 3-Shelf Cabinet, Pine",Furniture,Bookcases,519,
FUR-BUS-10002040,"Bush Library with Doors, Mobile",Furniture,Bookcases,520,
FUR-BUS-10002138,"Bush Stackable Bookrack, Pine",Furniture,Bookcases,521,
FUR-BUS-10002192,"Bush 3-Shelf Cabinet, Metal",Furniture,Bookcases,522,
FUR-BUS-10002639,"Bush Corner Shelving, Mobile",Furniture,Bookcases,523,
FUR-BUS-10002989,"Bush Classic Bookcase, Traditional",Furniture,Bookcases,524,
FUR-BUS-10003055,"Bush Stackable Bookrack, Pine",Furniture,Bookcases,525,
FUR-BUS-10003368,"Bush Floating Shelf Set, Mobile",Furniture,Bookcases,526,
FUR-BUS-10003708,"Bush Stackable Bookrack, Traditional",Furniture,Bookcases,527,
FUR-BUS-10003724,"Bush Corner Shelving, Metal",Furniture,Bookcases,528,
FUR-BUS-10004121,"Bush 3-Shelf Cabinet, Mobile",Furniture,Bookcases,529,
FUR-BUS-10004336,"Bush Corner Shelving, Traditional",Furniture,Bookcases,530,
FUR-BUS-10004475,"Bush Floating Shelf Set, Traditional",Furniture,Bookcases,531,
FUR-BUS-10004622,"Bush Corner Shelving, Pine",Furniture,Bookcases,532,
FUR-BUS-10004644,"Bush Library with Doors, Pine",Furniture,Bookcases,533,
FUR-BUS-10004820,"Bush Classic Bookcase, Mobile",Furniture,Bookcases,534,
FUR-BUS-10004854,"Bush Floating Shelf Set, Pine",Furniture,Bookcases,535,
FUR-BUS-10004882,"Bush Floating Shelf Set, Metal",Furniture,Bookcases,536,
FUR-DAN-10000597,"Dania Floating Shelf Set, Traditional",Furniture,Bookcases,1078,
FUR-DAN-10001340,"Dania Corner Shelving, Mobile",Furniture,Bookcases,1079,
FUR-DAN-10001462,"Dania Stackable Bookrack, Pine",Furniture,Bookcases,1080,
FUR-DAN-10001557,"Dania Floating Shelf Set, Pine",Furniture,Bookcases,1081,
FUR-DAN-10001584,"Dania Stackable Bookrack, Pine",Furniture,Bookcases,1082,
FUR-DAN-10001622,"Dania Library with Doors, Pine",Furniture,Bookcases,1083,
FUR-DAN-10001875,"Dania Floating Shelf Set, Metal",Furniture,Bookcases,1084,
FUR-DAN-10001993,"Dania 3-Shelf Cabinet, Mobile",Furniture,Bookcases,1085,
FUR-DAN-10002017,"Dania Classic Bookcase, Traditional",Furniture,Bookcases,1086,
FUR-DAN-10002028,"Dania Classic Bookcase, Mobile",Furniture,Bookcases,1087,
FUR-DAN-10002167,"Dania Library with Doors, Mobile",Furniture,Bookcases,1088,
FUR-DAN-10002314,"Dania Stackable Bookrack, Traditional",Furniture,Bookcases,1089,
FUR-DAN-10002348,"Dania Classic Bookcase, Pine",Furniture,Bookcases,1090,
FUR-DAN-10002631,"Dania 3-Shelf Cabinet, Pine",Furniture,Bookcases,1091,
FUR-DAN-10002741,"Dania Corner Shelving, Pine",Furniture,Bookcases,1092,
FUR-DAN-10002846,"Dania Floating Shelf Set, Mobile",Furniture,Bookcases,1093,
FUR-DAN-10002967,"Dania 3-Shelf Cabinet, Metal",Furniture,Bookcases,1094,
FUR-DAN-10003011,"Dania Corner Shelving, Metal",Furniture,Bookcases,1095,
FUR-DAN-10003065,"Dania Library with Doors, Traditional",Furniture,Bookcases,1096,
FUR-DAN-10003334,"Dania 3-Shelf Cabinet, Traditional",Furniture,Bookcases,1097,
FUR-DAN-10004510,"Dania Library with Doors, Metal",Furniture,Bookcases,1098,
FUR-DAN-10004625,"Dania Stackable Bookrack, Mobile",Furniture,Bookcases,1099,
FUR-DAN-10004745,"Dania Corner Shelving, Traditional",Furniture,Bookcases,1100,
FUR-DAN-10004940,"Dania Classic Bookcase, Metal",Furniture,Bookcases,1101,
FUR-IKE-10000521,"Ikea Classic Bookcase, Mobile",Furniture,Bookcases,1808,
FUR-IKE-10000619,"Ikea Corner Shelving, Pine",Furniture,Bookcases,1809,
FUR-IKE-10000649,"Ikea Library with Doors, Pine",Furniture,Bookcases,1810,
FUR-IKE-10001301,"Ikea Stackable Bookrack, Pine",Furniture,Bookcases,1811,
FUR-IKE-10001312,"Ikea Classic Bookcase, Traditional",Furniture,Bookcases,1812,
FUR-IKE-10001539,"Ikea Classic Bookcase, Pine",Furniture,Bookcases,1813,
FUR-IKE-10002147,"Ikea Classic Bookcase, Metal",Furniture,Bookcases,1814,
FUR-IKE-10002147,"Ikea 3-Shelf Cabinet, Traditional",Furniture,Bookcases,1815,
FUR-IKE-10002268,"Ikea Floating Shelf Set, Metal",Furniture,Bookcases,1816,
FUR-IKE-10002509,"Ikea 3-Shelf Cabinet, Metal",Furniture,Bookcases,1817,
FUR-IKE-10002719,"Ikea Library with Doors, Metal",Furniture,Bookcases,1818,
FUR-IKE-10002894,"Ikea Library with Doors, Traditional",Furniture,Bookcases,1819,
FUR-IKE-10003015,"Ikea Library with Doors, Mobile",Furniture,Bookcases,1820,
FUR-IKE-10003053,"Ikea 3-Shelf Cabinet, Mobile",Furniture,Bookcases,1821,
FUR-IKE-10003251,"Ikea Floating Shelf Set, Mobile",Furniture,Bookcases,1822,
FUR-IKE-10003262,"Ikea Floating Shelf Set, Traditional",Furniture,Bookcases,1823,
FUR-IKE-10003576,"Ikea Floating Shelf Set, Pine",Furniture,Bookcases,1824,
FUR-IKE-10003642,"Ikea 3-Shelf Cabinet, Pine",Furniture,Bookcases,1825,
FUR-IKE-10003682,"Ikea Corner Shelving, Metal",Furniture,Bookcases,1826,
FUR-IKE-10003771,"Ikea Corner Shelving, Traditional",Furniture,Bookcases,1827,
FUR-IKE-10003796,"Ikea Stackable Bookrack, Metal",Furniture,Bookcases,1828,
FUR-IKE-10004160,"Ikea Stackable Bookrack, Traditional",Furniture,Bookcases,1829,
FUR-IKE-10004815,"Ikea Stackable Bookrack, Mobile",Furniture,Bookcases,1830,
FUR-IKE-10004853,"Ikea Corner Shelving, Mobile",Furniture,Bookcases,1831,
FUR-SAF-10000085,"Safco Library with Doors, Pine",Furniture,Bookcases,1914,
FUR-SAF-10000204,"Safco Library with Doors, Metal",Furniture,Bookcases,1915,
FUR-SAF-10000213,"Safco Classic Bookcase, Mobile",Furniture,Bookcases,1916,
FUR-SAF-10000265,"Safco Library with Doors, Metal",Furniture,Bookcases,1917,
FUR-SAF-10000508,"Safco Library with Doors, Traditional",Furniture,Bookcases,1919,
FUR-SAF-10000545,"Safco 3-Shelf Cabinet, Pine",Furniture,Bookcases,1920,
FUR-SAF-10000607,"Safco Stackable Bookrack, Mobile",Furniture,Bookcases,1923,
FUR-SAF-10000678,"Safco Floating Shelf Set, Mobile",Furniture,Bookcases,1924,
FUR-SAF-10000881,"Safco 3-Shelf Cabinet, Metal",Furniture,Bookcases,1925,
FUR-SAF-10000949,"Safco Floating Shelf Set, Pine",Furniture,Bookcases,1926,
FUR-SAF-10001322,"Safco Stackable Bookrack, Traditional",Furniture,Bookcases,1928,
FUR-SAF-10001428,"Safco Corner Shelving, Pine",Furniture,Bookcases,1929,
FUR-SAF-10001956,"Safco Classic Bookcase, Metal",Furniture,Bookcases,1934,
FUR-SAF-10002253,"Safco Stackable Bookrack, Pine",Furniture,Bookcases,1938,
FUR-SAF-10002360,"Safco Stackable Bookrack, Pine",Furniture,Bookcases,1940,
FUR-SAF-10002400,"Safco Corner Shelving, Metal",Furniture,Bookcases,1941,
FUR-SAF-10002495,"Safco Library with Doors, Mobile",Furniture,Bookcases,1942,
FUR-SAF-10002846,"Safco Classic Bookcase, Pine",Furniture,Bookcases,1947,
FUR-SAF-10002940,"Safco Corner Shelving, Mobile",Furniture,Bookcases,1948,
FUR-SAF-10003469,"Safco Classic Bookcase, Traditional",Furniture,Bookcases,1951,
FUR-SAF-10003540,"Safco Floating Shelf Set, Metal",Furniture,Bookcases,1952,
FUR-SAF-10004173,"Safco Corner Shelving, Traditional",Furniture,Bookcases,1955,
FUR-SAF-10004426,"Safco 3-Shelf Cabinet, Traditional",Furniture,Bookcases,1957,
FUR-SAF-10004530,"Safco Floating Shelf Set, Traditional",Furniture,Bookcases,1959,
FUR-SAU-10000209,"Sauder Corner Shelving, Metal",Furniture,Bookcases,1961,
FUR-SAU-10000637,"Sauder Library with Doors, Metal",Furniture,Bookcases,1962,
FUR-SAU-10000745,"Sauder 3-Shelf Cabinet, Pine",Furniture,Bookcases,1963,
FUR-SAU-10000893,"Sauder Stackable Bookrack, Mobile",Furniture,Bookcases,1964,
FUR-SAU-10001776,"Sauder Stackable Bookrack, Pine",Furniture,Bookcases,1965,
FUR-SAU-10002043,"Sauder Floating Shelf Set, Metal",Furniture,Bookcases,1966,
FUR-SAU-10002167,"Sauder 3-Shelf Cabinet, Metal",Furniture,Bookcases,1967,
FUR-SAU-10002255,"Sauder Classic Bookcase, Pine",Furniture,Bookcases,1968,
FUR-SAU-10002331,"Sauder Library with Doors, Traditional",Furniture,Bookcases,1969,
FUR-SAU-10002540,"Sauder Stackable Bookrack, Traditional",Furniture,Bookcases,1970,
FUR-SAU-10002642,"Sauder 3-Shelf Cabinet, Traditional",Furniture,Bookcases,1971,
FUR-SAU-10002714,"Sauder Corner Shelving, Pine",Furniture,Bookcases,1972,
FUR-SAU-10003188,"Sauder Stackable Bookrack, Pine",Furniture,Bookcases,1973,
FUR-SAU-10003203,"Sauder 3-Shelf Cabinet, Mobile",Furniture,Bookcases,1974,
FUR-SAU-10003694,"Sauder Library with Doors, Mobile",Furniture,Bookcases,1975,
FUR-SAU-10003795,"Sauder Corner Shelving, Traditional",Furniture,Bookcases,1976,
FUR-SAU-10003872,"Sauder Floating Shelf Set, Pine",Furniture,Bookcases,1977,
FUR-SAU-10003928,"Sauder Classic Bookcase, Metal",Furniture,Bookcases,1978,
FUR-SAU-10003933,"Sauder Classic Bookcase, Mobile",Furniture,Bookcases,1979,
FUR-SAU-10004053,"Sauder Floating Shelf Set, Mobile",Furniture,Bookcases,1980,
FUR-SAU-10004137,"Sauder Floating Shelf Set, Traditional",Furniture,Bookcases,1981,
FUR-SAU-10004221,"Sauder Corner Shelving, Mobile",Furniture,Bookcases,1982,
FUR-SAU-10004653,"Sauder Classic Bookcase, Traditional",Furniture,Bookcases,1983,
FUR-BAR-10000560,"Barricks Round Table, with Bottom Storage",Furniture,Tables,25,
FUR-BAR-10000831,"Barricks Training Table, Fully Assembled",Furniture,Tables,26,
FUR-BAR-10000946,"Barricks Computer Table, with Bottom Storage",Furniture,Tables,27,
FUR-BAR-10001039,"Barricks Coffee Table, Fully Assembled",Furniture,Tables,28,
FUR-BAR-10002449,"Barricks Training Table, Adjustable Height",Furniture,Tables,29,
FUR-BAR-10002710,"Barricks Coffee Table, Adjustable Height",Furniture,Tables,30,
FUR-BAR-10003465,"Barricks Computer Table, Adjustable Height",Furniture,Tables,31,
FUR-BAR-10003532,"Barricks Conference Table, Rectangular",Furniture,Tables,32,
FUR-BAR-10003576,"Barricks Training Table, with Bottom Storage",Furniture,Tables,33,
FUR-BAR-10004434,"Barricks Wood Table, Rectangular",Furniture,Tables,34,
FUR-BAR-10004553,"Barricks Training Table, Rectangular",Furniture,Tables,35,
FUR-BAR-10004561,"Barricks Wood Table, Fully Assembled",Furniture,Tables,36,
FUR-BAR-10004682,"Barricks Round Table, Fully Assembled",Furniture,Tables,37,
FUR-BEV-10000326,"Bevis Wood Table, Rectangular",Furniture,Tables,38,
FUR-BEV-10000388,"Bevis Coffee Table, Rectangular",Furniture,Tables,39,
FUR-BEV-10001048,"Bevis Conference Table, with Bottom Storage",Furniture,Tables,40,
FUR-BEV-10001217,"Bevis Wood Table, Fully Assembled",Furniture,Tables,41,
FUR-BEV-10001853,"Bevis Computer Table, Adjustable Height",Furniture,Tables,42,
FUR-BEV-10002193,"Bevis Round Table, Adjustable Height",Furniture,Tables,43,
FUR-BEV-10002369,"Bevis Training Table, Fully Assembled",Furniture,Tables,44,
FUR-BEV-10002803,"Bevis Conference Table, Fully Assembled",Furniture,Tables,45,
FUR-BEV-10003414,"Bevis Computer Table, Fully Assembled",Furniture,Tables,46,
FUR-BEV-10004805,"Bevis Conference Table, Rectangular",Furniture,Tables,47,
FUR-BEV-10004919,"Bevis Wood Table, with Bottom Storage",Furniture,Tables,48,
FUR-CHR-10000585,"Chromcraft Coffee Table, Adjustable Height",Furniture,Tables,1068,
FUR-CHR-10000888,"Chromcraft Computer Table, Fully Assembled",Furniture,Tables,1069,
FUR-CHR-10001018,"Chromcraft Round Table, Rectangular",Furniture,Tables,1070,
FUR-CHR-10001570,"Chromcraft Conference Table, Rectangular",Furniture,Tables,1071,
FUR-CHR-10001784,"Chromcraft Coffee Table, with Bottom Storage",Furniture,Tables,1072,
FUR-CHR-10002165,"Chromcraft Wood Table, Adjustable Height",Furniture,Tables,1073,
FUR-CHR-10002278,"Chromcraft Round Table, Adjustable Height",Furniture,Tables,1074,
FUR-CHR-10002686,"Chromcraft Computer Table, Adjustable Height",Furniture,Tables,1075,
FUR-CHR-10003806,"Chromcraft Conference Table, with Bottom Storage",Furniture,Tables,1076,
FUR-CHR-10004803,"Chromcraft Wood Table, Fully Assembled",Furniture,Tables,1077,
FUR-HON-10000224,"Hon Computer Table, with Bottom Storage",Furniture,Tables,1776,
FUR-HON-10001015,"Hon Training Table, Rectangular",Furniture,Tables,1780,
FUR-HON-10001343,"Hon Coffee Table, Fully Assembled",Furniture,Tables,1781,
FUR-HON-10001960,"Hon Wood Table, Rectangular",Furniture,Tables,1790,
FUR-HON-10002837,"Hon Round Table, with Bottom Storage",Furniture,Tables,1794,
FUR-HON-10003080,"Hon Computer Table, Adjustable Height",Furniture,Tables,1796,
FUR-HON-10003412,"Hon Wood Table, Fully Assembled",Furniture,Tables,1798,
FUR-HON-10003871,"Hon Conference Table, Fully Assembled",Furniture,Tables,1802,
FUR-HON-10003950,"Hon Coffee Table, Adjustable Height",Furniture,Tables,1803,
FUR-HON-10004932,"Hon Conference Table, with Bottom Storage",Furniture,Tables,1806,
FUR-HON-10004987,"Hon Training Table, Adjustable Height",Furniture,Tables,1807,
FUR-LES-10000488,"Lesro Coffee Table, Adjustable Height",Furniture,Tables,1832,
FUR-LES-10000874,"Lesro Computer Table, Fully Assembled",Furniture,Tables,1833,
FUR-LES-10000904,"Lesro Training Table, with Bottom Storage",Furniture,Tables,1834,
FUR-LES-10002026,"Lesro Conference Table, Rectangular",Furniture,Tables,1835,
FUR-LES-10002613,"Lesro Wood Table, Rectangular",Furniture,Tables,1836,
FUR-LES-10002616,"Lesro Conference Table, with Bottom Storage",Furniture,Tables,1837,
FUR-LES-10002852,"Lesro Computer Table, Adjustable Height",Furniture,Tables,1838,
FUR-LES-10003082,"Lesro Coffee Table, Rectangular",Furniture,Tables,1839,
FUR-LES-10003538,"Lesro Coffee Table, Fully Assembled",Furniture,Tables,1840,
FUR-LES-10004098,"Lesro Round Table, Rectangular",Furniture,Tables,1841,
FUR-LES-10004420,"Lesro Coffee Table, with Bottom Storage",Furniture,Tables,1842,
FUR-LES-10004886,"Lesro Conference Table, Fully Assembled",Furniture,Tables,1843,
FUR-TA-10000022,"Hon Conference Table, Adjustable Height",Furniture,Tables,1984,
FUR-TA-10000038,"Chromcraft Conference Table, Adjustable Height",Furniture,Tables,1985,
FUR-TA-10000052,"Hon Training Table, Adjustable Height",Furniture,Tables,1986,
FUR-TA-10000073,"Lesro Coffee Table, Adjustable Height",Furniture,Tables,1987,
FUR-TA-10000075,"Bevis Coffee Table, Fully Assembled",Furniture,Tables,1988,
FUR-TA-10000115,"Barricks Coffee Table, Fully Assembled",Furniture,Tables,1989,
FUR-TA-10000136,"Chromcraft Conference Table, Adjustable Height",Furniture,Tables,1990,
FUR-TA-10000147,"Lesro Coffee Table, Rectangular",Furniture,Tables,1991,
FUR-TA-10000164,"Lesro Training Table, Fully Assembled",Furniture,Tables,1992,
FUR-TA-10000184,"Barricks Conference Table, Fully Assembled",Furniture,Tables,1993,
FUR-TA-10000198,Chromcraft Bull-Nose Wood Oval Conference Tables & Bases,Furniture,Tables,1994,
FUR-TA-10000207,"Chromcraft Round Table, Fully Assembled",Furniture,Tables,1995,
FUR-TA-10000222,"Bevis Training Table, Adjustable Height",Furniture,Tables,1996,
FUR-TA-10000226,"Chromcraft Conference Table, with Bottom Storage",Furniture,Tables,1997,
FUR-TA-10000245,"Chromcraft Computer Table, Adjustable Height",Furniture,Tables,1998,
FUR-TA-10000283,"Hon Wood Table, with Bottom Storage",Furniture,Tables,1999,
FUR-TA-10000299,"Lesro Round Table, Adjustable Height",Furniture,Tables,2000,
FUR-TA-10000304,"Barricks Training Table, with Bottom Storage",Furniture,Tables,2001,
FUR-TA-10000310,"Barricks Training Table, Rectangular",Furniture,Tables,2002,
FUR-TA-10000317,"Barricks Computer Table, Fully Assembled",Furniture,Tables,2003,
FUR-TA-10000323,"Lesro Round Table, Fully Assembled",Furniture,Tables,2004,
FUR-TA-10000347,"Hon Computer Table, Adjustable Height",Furniture,Tables,2005,
FUR-TA-10000355,"Bevis Wood Table, with Bottom Storage",Furniture,Tables,2006,
FUR-TA-10000360,"Chromcraft Wood Table, Fully Assembled",Furniture,Tables,2007,
FUR-TA-10000403,"Barricks Computer Table, Fully Assembled",Furniture,Tables,2008,
FUR-TA-10000403,"Barricks Wood Table, Adjustable Height",Furniture,Tables,2009,
FUR-TA-10000434,"Chromcraft Coffee Table, with Bottom Storage",Furniture,Tables,2010,
FUR-TA-10000478,"Bevis Round Table, Fully Assembled",Furniture,Tables,2011,
FUR-TA-10000486,"Barricks Wood Table, Adjustable Height",Furniture,Tables,2012,
FUR-TA-10000490,"Lesro Training Table, with Bottom Storage",Furniture,Tables,2013,
FUR-TA-10000518,"Chromcraft Round Table, Fully Assembled",Furniture,Tables,2014,
FUR-TA-10000519,"Bevis Computer Table, Fully Assembled",Furniture,Tables,2015,
FUR-TA-10000558,"Hon Wood Table, Rectangular",Furniture,Tables,2016,
FUR-TA-10000577,Bretford CR4500 Series Slim Rectangular Table,Furniture,Tables,2017,
FUR-TA-10000591,"Chromcraft Training Table, with Bottom Storage",Furniture,Tables,2018,
FUR-TA-10000593,"Chromcraft Training Table, Fully Assembled",Furniture,Tables,2019,
FUR-TA-10000617,"Hon Practical Foundations 30 x 60 Training Table, Light Gray/Charcoal",Furniture,Tables,2020,
FUR-TA-10000637,"Bevis Conference Table, Rectangular",Furniture,Tables,2021,
FUR-TA-10000649,"Bevis Computer Table, Adjustable Height",Furniture,Tables,2022,
FUR-TA-10000649,"Barricks Computer Table, with Bottom Storage",Furniture,Tables,2023,
FUR-TA-10000665,"Bevis Computer Table, Fully Assembled",Furniture,Tables,2024,
FUR-TA-10000670,"Chromcraft Coffee Table, Adjustable Height",Furniture,Tables,2025,
FUR-TA-10000671,"Barricks Conference Table, with Bottom Storage",Furniture,Tables,2026,
FUR-TA-10000687,"Bevis Conference Table, with Bottom Storage",Furniture,Tables,2027,
FUR-TA-10000688,"Chromcraft Bull-Nose Wood Round Conference Table Top, Wood Base",Furniture,Tables,2028,
FUR-TA-10000695,"Lesro Wood Table, Rectangular",Furniture,Tables,2029,
FUR-TA-10000750,"Hon Round Table, Fully Assembled",Furniture,Tables,2030,
FUR-TA-10000789,"Lesro Training Table, with Bottom Storage",Furniture,Tables,2031,
FUR-TA-10000805,"Bevis Wood Table, Adjustable Height",Furniture,Tables,2032,
FUR-TA-10000849,Bevis Rectangular Conference Tables,Furniture,Tables,2033,
FUR-TA-10000855,"Chromcraft Training Table, Rectangular",Furniture,Tables,2034,
FUR-TA-10000861,"Barricks Conference Table, with Bottom Storage",Furniture,Tables,2035,
FUR-TA-10000927,"Bevis Conference Table, Fully Assembled",Furniture,Tables,2036,
FUR-TA-10000945,"Bevis Coffee Table, Adjustable Height",Furniture,Tables,2037,
FUR-TA-10000962,"Hon Conference Table, Adjustable Height",Furniture,Tables,2038,
FUR-TA-10000963,"Chromcraft Round Table, with Bottom Storage",Furniture,Tables,2039,
FUR-TA-10000971,"Bevis Training Table, Rectangular",Furniture,Tables,2040,
FUR-TA-10000989,"Lesro Conference Table, Rectangular",Furniture,Tables,2041,
FUR-TA-10000991,"Lesro Computer Table, Adjustable Height",Furniture,Tables,2042,
FUR-TA-10001039,KI Adjustable-Height Table,Furniture,Tables,2043,
FUR-TA-10001056,"Barricks Conference Table, Adjustable Height",Furniture,Tables,2044,
FUR-TA-10001086,"SAFCO PlanMaster Boards, 60w x 37-1/2d, White Melamine",Furniture,Tables,2045,
FUR-TA-10001089,"Hon Computer Table, with Bottom Storage",Furniture,Tables,2046,
FUR-TA-10001090,"Chromcraft Round Table, Rectangular",Furniture,Tables,2047,
FUR-TA-10001095,Chromcraft Round Conference Tables,Furniture,Tables,2048,
FUR-TA-10001100,"Barricks Computer Table, Fully Assembled",Furniture,Tables,2049,
FUR-TA-10001100,"Lesro Training Table, Adjustable Height",Furniture,Tables,2050,
FUR-TA-10001113,"Barricks Training Table, Fully Assembled",Furniture,Tables,2051,
FUR-TA-10001116,"Barricks Conference Table, Fully Assembled",Furniture,Tables,2052,
FUR-TA-10001192,"Hon Training Table, Fully Assembled",Furniture,Tables,2053,
FUR-TA-10001205,"Chromcraft Wood Table, Rectangular",Furniture,Tables,2054,
FUR-TA-10001226,"Hon Conference Table, Rectangular",Furniture,Tables,2055,
FUR-TA-10001228,"Bevis Training Table, Rectangular",Furniture,Tables,2056,
FUR-TA-10001229,"Chromcraft Computer Table, Rectangular",Furniture,Tables,2057,
FUR-TA-10001237,"Barricks Coffee Table, Fully Assembled",Furniture,Tables,2058,
FUR-TA-10001272,"Barricks Training Table, Fully Assembled",Furniture,Tables,2059,
FUR-TA-10001276,"Lesro Training Table, Fully Assembled",Furniture,Tables,2060,
FUR-TA-10001276,"Lesro Coffee Table, with Bottom Storage",Furniture,Tables,2061,
FUR-TA-10001285,"Chromcraft Conference Table, Fully Assembled",Furniture,Tables,2062,
FUR-TA-10001289,"Lesro Conference Table, Fully Assembled",Furniture,Tables,2063,
FUR-TA-10001306,"Hon Wood Table, Adjustable Height",Furniture,Tables,2064,
FUR-TA-10001307,"SAFCO PlanMaster Heigh-Adjustable Drafting Table Base, 43w x 30d x 30-37h, Black",Furniture,Tables,2065,
FUR-TA-10001327,"Barricks Training Table, Rectangular",Furniture,Tables,2066,
FUR-TA-10001359,"Chromcraft Training Table, with Bottom Storage",Furniture,Tables,2067,
FUR-TA-10001360,"Bevis Round Table, Rectangular",Furniture,Tables,2068,
FUR-TA-10001371,"Chromcraft Coffee Table, Fully Assembled",Furniture,Tables,2069,
FUR-TA-10001386,"Lesro Conference Table, Fully Assembled",Furniture,Tables,2070,
FUR-TA-10001433,"Barricks Coffee Table, Adjustable Height",Furniture,Tables,2071,
FUR-TA-10001433,"Bevis Round Table, with Bottom Storage",Furniture,Tables,2072,
FUR-TA-10001494,"Lesro Wood Table, Adjustable Height",Furniture,Tables,2073,
FUR-TA-10001496,"Barricks Computer Table, Fully Assembled",Furniture,Tables,2074,
FUR-TA-10001520,"Lesro Sheffield Collection Coffee Table, End Table, Center Table, Corner Table",Furniture,Tables,2075,
FUR-TA-10001531,"Lesro Training Table, Adjustable Height",Furniture,Tables,2076,
FUR-TA-10001539,Chromcraft Rectangular Conference Tables,Furniture,Tables,2077,
FUR-TA-10001549,"Barricks Coffee Table, Rectangular",Furniture,Tables,2078,
FUR-TA-10001558,"Barricks Training Table, Rectangular",Furniture,Tables,2079,
FUR-TA-10001572,"Hon Wood Table, Rectangular",Furniture,Tables,2080,
FUR-TA-10001595,"Chromcraft Coffee Table, Adjustable Height",Furniture,Tables,2081,
FUR-TA-10001600,"Lesro Coffee Table, Fully Assembled",Furniture,Tables,2082,
FUR-TA-10001602,"Barricks Round Table, Adjustable Height",Furniture,Tables,2083,
FUR-TA-10001622,"Lesro Coffee Table, with Bottom Storage",Furniture,Tables,2084,
FUR-TA-10001633,"Bevis Wood Table, with Bottom Storage",Furniture,Tables,2085,
FUR-TA-10001642,"Lesro Round Table, Rectangular",Furniture,Tables,2086,
FUR-TA-10001664,"Chromcraft Conference Table, with Bottom Storage",Furniture,Tables,2087,
FUR-TA-10001676,Hon 61000 Series Interactive Training Tables,Furniture,Tables,2088,
FUR-TA-10001691,"Barricks Non-Folding Utility Table with Steel Legs, Laminate Tops",Furniture,Tables,2089,
FUR-TA-10001693,"Bevis Training Table, with Bottom Storage",Furniture,Tables,2090,
FUR-TA-10001705,Bush Advantage Collection Round Conference Table,Furniture,Tables,2091,
FUR-TA-10001726,"Bevis Conference Table, with Bottom Storage",Furniture,Tables,2092,
FUR-TA-10001726,"Bevis Coffee Table, Fully Assembled",Furniture,Tables,2093,
FUR-TA-10001740,"Barricks Conference Table, Adjustable Height",Furniture,Tables,2094,
FUR-TA-10001744,"Lesro Coffee Table, Adjustable Height",Furniture,Tables,2095,
FUR-TA-10001768,Hon Racetrack Conference Tables,Furniture,Tables,2096,
FUR-TA-10001771,"Bush Cubix Conference Tables, Fully Assembled",Furniture,Tables,2097,
FUR-TA-10001786,"Chromcraft Computer Table, with Bottom Storage",Furniture,Tables,2098,
FUR-TA-10001833,"Bevis Round Table, Fully Assembled",Furniture,Tables,2099,
FUR-TA-10001857,Balt Solid Wood Rectangular Table,Furniture,Tables,2100,
FUR-TA-10001866,Bevis Round Conference Room Tables and Bases,Furniture,Tables,2101,
FUR-TA-10001889,Bush Advantage Collection Racetrack Conference Table,Furniture,Tables,2102,
FUR-TA-10001889,"Bevis Conference Table, Fully Assembled",Furniture,Tables,2103,
FUR-TA-10001930,"Bevis Computer Table, with Bottom Storage",Furniture,Tables,2104,
FUR-TA-10001932,"Chromcraft 48"" x 96"" Racetrack Double Pedestal Table",Furniture,Tables,2105,
FUR-TA-10001935,"Hon Coffee Table, Fully Assembled",Furniture,Tables,2106,
FUR-TA-10001950,Balt Solid Wood Round Tables,Furniture,Tables,2107,
FUR-TA-10001968,"Bevis Computer Table, with Bottom Storage",Furniture,Tables,2108,
FUR-TA-10001980,"Hon Wood Table, Rectangular",Furniture,Tables,2109,
FUR-TA-10002041,"Bevis Round Conference Table Top, X-Base",Furniture,Tables,2110,
FUR-TA-10002041,"Lesro Computer Table, Fully Assembled",Furniture,Tables,2111,
FUR-TA-10002065,"Bevis Round Table, Rectangular",Furniture,Tables,2112,
FUR-TA-10002088,"Barricks Coffee Table, Adjustable Height",Furniture,Tables,2113,
FUR-TA-10002093,"Chromcraft Wood Table, Adjustable Height",Furniture,Tables,2114,
FUR-TA-10002095,"Lesro Training Table, Fully Assembled",Furniture,Tables,2115,
FUR-TA-10002101,"Bevis Conference Table, Fully Assembled",Furniture,Tables,2116,
FUR-TA-10002146,"Hon Coffee Table, with Bottom Storage",Furniture,Tables,2117,
FUR-TA-10002153,"Lesro Round Table, with Bottom Storage",Furniture,Tables,2118,
FUR-TA-10002172,"Hon Conference Table, Rectangular",Furniture,Tables,2119,
FUR-TA-10002228,"Bevis Traditional Conference Table Top, Plinth Base",Furniture,Tables,2120,
FUR-TA-10002235,"Chromcraft Round Table, Adjustable Height",Furniture,Tables,2121,
FUR-TA-10002256,"Hon Wood Table, Fully Assembled",Furniture,Tables,2122,
FUR-TA-10002341,"Barricks Computer Table, Fully Assembled",Furniture,Tables,2123,
FUR-TA-10002351,"Hon Training Table, Adjustable Height",Furniture,Tables,2124,
FUR-TA-10002356,Bevis Boat-Shaped Conference Table,Furniture,Tables,2125,
FUR-TA-10002411,"Hon Round Table, with Bottom Storage",Furniture,Tables,2126,
FUR-TA-10002433,"Chromcraft Computer Table, with Bottom Storage",Furniture,Tables,2127,
FUR-TA-10002467,"Lesro Conference Table, Adjustable Height",Furniture,Tables,2128,
FUR-TA-10002482,"Bevis Wood Table, Fully Assembled",Furniture,Tables,2129,
FUR-TA-10002487,"Bevis Training Table, with Bottom Storage",Furniture,Tables,2130,
FUR-TA-10002497,"Chromcraft Computer Table, Adjustable Height",Furniture,Tables,2131,
FUR-TA-10002519,"Lesro Conference Table, with Bottom Storage",Furniture,Tables,2132,
FUR-TA-10002523,"Barricks Training Table, Rectangular",Furniture,Tables,2133,
FUR-TA-10002527,"Barricks Round Table, Fully Assembled",Furniture,Tables,2134,
FUR-TA-10002530,"Iceberg OfficeWorks 42"" Round Tables",Furniture,Tables,2135,
FUR-TA-10002533,BPI Conference Tables,Furniture,Tables,2136,
FUR-TA-10002544,"Barricks Training Table, Fully Assembled",Furniture,Tables,2137,
FUR-TA-10002557,"Barricks Conference Table, Rectangular",Furniture,Tables,2138,
FUR-TA-10002568,"Chromcraft Coffee Table, Rectangular",Furniture,Tables,2139,
FUR-TA-10002571,"Chromcraft Coffee Table, Adjustable Height",Furniture,Tables,2140,
FUR-TA-10002582,"Barricks Coffee Table, Rectangular",Furniture,Tables,2141,
FUR-TA-10002607,KI Conference Tables,Furniture,Tables,2142,
FUR-TA-10002611,"Barricks Computer Table, with Bottom Storage",Furniture,Tables,2143,
FUR-TA-10002622,"Bush Andora Conference Table, Maple/Graphite Gray Finish",Furniture,Tables,2144,
FUR-TA-10002638,"Barricks Wood Table, Rectangular",Furniture,Tables,2145,
FUR-TA-10002645,Hon Rectangular Conference Tables,Furniture,Tables,2146,
FUR-TA-10002650,"Hon Wood Table, with Bottom Storage",Furniture,Tables,2147,
FUR-TA-10002699,"Hon Round Table, Rectangular",Furniture,Tables,2148,
FUR-TA-10002774,Laminate Occasional Tables,Furniture,Tables,2149,
FUR-TA-10002786,"Lesro Computer Table, Fully Assembled",Furniture,Tables,2150,
FUR-TA-10002789,"Hon Coffee Table, with Bottom Storage",Furniture,Tables,2151,
FUR-TA-10002797,"Chromcraft Round Table, Adjustable Height",Furniture,Tables,2152,
FUR-TA-10002827,"Hon Computer Table, Fully Assembled",Furniture,Tables,2153,
FUR-TA-10002833,"Lesro Training Table, Rectangular",Furniture,Tables,2154,
FUR-TA-10002855,Bevis Round Conference Table Top & Single Column Base,Furniture,Tables,2155,
FUR-TA-10002860,"Hon Training Table, with Bottom Storage",Furniture,Tables,2156,
FUR-TA-10002868,"Barricks Coffee Table, Adjustable Height",Furniture,Tables,2157,
FUR-TA-10002885,"Lesro Computer Table, Fully Assembled",Furniture,Tables,2158,
FUR-TA-10002903,"Bevis Round Bullnose 29"" High Table Top",Furniture,Tables,2159,
FUR-TA-10002912,"Lesro Conference Table, Rectangular",Furniture,Tables,2160,
FUR-TA-10002912,"Lesro Conference Table, Fully Assembled",Furniture,Tables,2161,
FUR-TA-10002931,"Hon Round Table, with Bottom Storage",Furniture,Tables,2162,
FUR-TA-10002935,"Bevis Coffee Table, Adjustable Height",Furniture,Tables,2163,
FUR-TA-10002951,"Barricks Round Table, Adjustable Height",Furniture,Tables,2164,
FUR-TA-10002957,"Bevis Training Table, Fully Assembled",Furniture,Tables,2165,
FUR-TA-10002958,"Chromcraft Conference Table, Fully Assembled",Furniture,Tables,2166,
FUR-TA-10002958,"Bevis Oval Conference Table, Walnut",Furniture,Tables,2167,
FUR-TA-10002966,"Chromcraft Computer Table, Fully Assembled",Furniture,Tables,2168,
FUR-TA-10002972,"Barricks Computer Table, Fully Assembled",Furniture,Tables,2169,
FUR-TA-10002979,"Bevis Coffee Table, Rectangular",Furniture,Tables,2170,
FUR-TA-10002982,"Lesro Coffee Table, Adjustable Height",Furniture,Tables,2171,
FUR-TA-10003003,"Lesro Wood Table, Rectangular",Furniture,Tables,2172,
FUR-TA-10003006,"Hon Wood Table, Rectangular",Furniture,Tables,2173,
FUR-TA-10003008,"Lesro Round Back Collection Coffee Table, End Table",Furniture,Tables,2174,
FUR-TA-10003030,"Lesro Training Table, Adjustable Height",Furniture,Tables,2175,
FUR-TA-10003055,"Lesro Round Table, Fully Assembled",Furniture,Tables,2176,
FUR-TA-10003078,"Hon Training Table, Fully Assembled",Furniture,Tables,2177,
FUR-TA-10003079,"Hon Training Table, Rectangular",Furniture,Tables,2178,
FUR-TA-10003152,"Lesro Round Table, Adjustable Height",Furniture,Tables,2179,
FUR-TA-10003157,"Hon Coffee Table, with Bottom Storage",Furniture,Tables,2180,
FUR-TA-10003164,"Bevis Wood Table, Rectangular",Furniture,Tables,2181,
FUR-TA-10003171,"Bevis Training Table, Fully Assembled",Furniture,Tables,2182,
FUR-TA-10003179,"Lesro Wood Table, Fully Assembled",Furniture,Tables,2183,
FUR-TA-10003179,"Chromcraft Round Table, Adjustable Height",Furniture,Tables,2184,
FUR-TA-10003185,"Chromcraft Computer Table, Fully Assembled",Furniture,Tables,2185,
FUR-TA-10003222,"Barricks Wood Table, with Bottom Storage",Furniture,Tables,2186,
FUR-TA-10003228,"Hon Computer Table, Fully Assembled",Furniture,Tables,2187,
FUR-TA-10003238,"Chromcraft Bull-Nose Wood 48"" x 96"" Rectangular Conference Tables",Furniture,Tables,2188,
FUR-TA-10003254,"Bevis Round Table, Adjustable Height",Furniture,Tables,2189,
FUR-TA-10003268,"Lesro Round Table, Rectangular",Furniture,Tables,2190,
FUR-TA-10003273,"Lesro Training Table, Rectangular",Furniture,Tables,2191,
FUR-TA-10003291,"Bevis Computer Table, Fully Assembled",Furniture,Tables,2192,
FUR-TA-10003307,"Barricks Conference Table, Fully Assembled",Furniture,Tables,2193,
FUR-TA-10003319,"Barricks Coffee Table, with Bottom Storage",Furniture,Tables,2194,
FUR-TA-10003323,"Bevis Round Table, Adjustable Height",Furniture,Tables,2195,
FUR-TA-10003354,"Barricks Conference Table, Adjustable Height",Furniture,Tables,2196,
FUR-TA-10003358,"Hon Round Table, Rectangular",Furniture,Tables,2197,
FUR-TA-10003371,"Chromcraft Training Table, Adjustable Height",Furniture,Tables,2198,
FUR-TA-10003386,"Hon Round Table, with Bottom Storage",Furniture,Tables,2199,
FUR-TA-10003392,Global Adaptabilities Conference Tables,Furniture,Tables,2200,
FUR-TA-10003405,"Lesro Computer Table, Adjustable Height",Furniture,Tables,2201,
FUR-TA-10003449,"Chromcraft Coffee Table, Rectangular",Furniture,Tables,2202,
FUR-TA-10003451,"Hon Coffee Table, Adjustable Height",Furniture,Tables,2203,
FUR-TA-10003469,Balt Split Level Computer Training Table,Furniture,Tables,2204,
FUR-TA-10003473,Bretford Rectangular Conference Table Tops,Furniture,Tables,2205,
FUR-TA-10003485,"Bevis Training Table, Rectangular",Furniture,Tables,2206,
FUR-TA-10003497,"Bevis Training Table, Adjustable Height",Furniture,Tables,2207,
FUR-TA-10003510,"Hon Computer Table, Fully Assembled",Furniture,Tables,2208,
FUR-TA-10003518,"Chromcraft Training Table, Fully Assembled",Furniture,Tables,2209,
FUR-TA-10003522,"Chromcraft Conference Table, with Bottom Storage",Furniture,Tables,2210,
FUR-TA-10003527,"Chromcraft Wood Table, with Bottom Storage",Furniture,Tables,2211,
FUR-TA-10003539,"Bevis Wood Table, Fully Assembled",Furniture,Tables,2212,
FUR-TA-10003568,"Chromcraft Conference Table, Rectangular",Furniture,Tables,2213,
FUR-TA-10003569,Bretford CR8500 Series Meeting Room Furniture,Furniture,Tables,2214,
FUR-TA-10003576,"Hon Coffee Table, Adjustable Height",Furniture,Tables,2215,
FUR-TA-10003583,"Lesro Computer Table, with Bottom Storage",Furniture,Tables,2216,
FUR-TA-10003591,"Bevis Wood Table, Rectangular",Furniture,Tables,2217,
FUR-TA-10003594,"Hon Conference Table, with Bottom Storage",Furniture,Tables,2218,
FUR-TA-10003596,"Lesro Computer Table, Adjustable Height",Furniture,Tables,2219,
FUR-TA-10003597,"Bevis Wood Table, with Bottom Storage",Furniture,Tables,2220,
FUR-TA-10003627,"Bevis Conference Table, with Bottom Storage",Furniture,Tables,2221,
FUR-TA-10003637,"Lesro Coffee Table, with Bottom Storage",Furniture,Tables,2222,
FUR-TA-10003641,"Barricks Wood Table, with Bottom Storage",Furniture,Tables,2223,
FUR-TA-10003663,"Bevis Computer Table, Adjustable Height",Furniture,Tables,2224,
FUR-TA-10003690,"Hon Computer Table, Fully Assembled",Furniture,Tables,2225,
FUR-TA-10003715,Hon 2111 Invitation Series Corner Table,Furniture,Tables,2226,
FUR-TA-10003747,"Lesro Round Table, Rectangular",Furniture,Tables,2227,
FUR-TA-10003748,Bevis 36 x 72 Conference Tables,Furniture,Tables,2228,
FUR-TA-10003748,"Bevis Round Table, Adjustable Height",Furniture,Tables,2229,
FUR-TA-10003771,"Hon Computer Table, Adjustable Height",Furniture,Tables,2230,
FUR-TA-10003782,"Lesro Training Table, Rectangular",Furniture,Tables,2231,
FUR-TA-10003785,"Hon Round Table, Adjustable Height",Furniture,Tables,2232,
FUR-TA-10003786,"Hon Training Table, Fully Assembled",Furniture,Tables,2233,
FUR-TA-10003790,"Bevis Computer Table, Fully Assembled",Furniture,Tables,2234,
FUR-TA-10003837,Anderson Hickey Conga Table Tops & Accessories,Furniture,Tables,2235,
FUR-TA-10003855,"Lesro Round Table, with Bottom Storage",Furniture,Tables,2236,
FUR-TA-10003887,"Hon Conference Table, Adjustable Height",Furniture,Tables,2237,
FUR-TA-10003893,"Lesro Wood Table, with Bottom Storage",Furniture,Tables,2238,
FUR-TA-10003899,"Barricks Round Table, with Bottom Storage",Furniture,Tables,2239,
FUR-TA-10003926,"Lesro Conference Table, Adjustable Height",Furniture,Tables,2240,
FUR-TA-10003926,"Hon Wood Table, with Bottom Storage",Furniture,Tables,2241,
FUR-TA-10003929,"Hon Computer Table, Fully Assembled",Furniture,Tables,2242,
FUR-TA-10003954,Hon 94000 Series Round Tables,Furniture,Tables,2243,
FUR-TA-10003954,"Barricks Conference Table, with Bottom Storage",Furniture,Tables,2244,
FUR-TA-10003963,"Bevis Conference Table, Fully Assembled",Furniture,Tables,2245,
FUR-TA-10004005,"Bevis Coffee Table, Rectangular",Furniture,Tables,2246,
FUR-TA-10004050,"Lesro Coffee Table, Fully Assembled",Furniture,Tables,2247,
FUR-TA-10004054,"Lesro Conference Table, with Bottom Storage",Furniture,Tables,2248,
FUR-TA-10004086,KI Adjustable-Height Table,Furniture,Tables,2249,
FUR-TA-10004132,"Bevis Coffee Table, with Bottom Storage",Furniture,Tables,2250,
FUR-TA-10004134,"Barricks Training Table, with Bottom Storage",Furniture,Tables,2251,
FUR-TA-10004147,Hon 4060 Series Tables,Furniture,Tables,2252,
FUR-TA-10004152,"Barricks 18"" x 48"" Non-Folding Utility Table with Bottom Storage Shelf",Furniture,Tables,2253,
FUR-TA-10004154,"Riverside Furniture Oval Coffee Table, Oval End Table, End Table with Drawer",Furniture,Tables,2254,
FUR-TA-10004154,"Lesro Round Table, Adjustable Height",Furniture,Tables,2255,
FUR-TA-10004175,"Hon 30"" x 60"" Table with Locking Drawer",Furniture,Tables,2256,
FUR-TA-10004219,"Bevis Computer Table, with Bottom Storage",Furniture,Tables,2257,
FUR-TA-10004249,"Lesro Wood Table, Fully Assembled",Furniture,Tables,2258,
FUR-TA-10004256,Bretford “Just In Time” Height-Adjustable Multi-Task Work Tables,Furniture,Tables,2259,
FUR-TA-10004289,BoxOffice By Design Rectangular and Half-Moon Meeting Room Tables,Furniture,Tables,2260,
FUR-TA-10004306,"Barricks Round Table, Fully Assembled",Furniture,Tables,2261,
FUR-TA-10004308,"Lesro Wood Table, Adjustable Height",Furniture,Tables,2262,
FUR-TA-10004336,"Hon Wood Table, Fully Assembled",Furniture,Tables,2263,
FUR-TA-10004342,"Chromcraft Round Table, with Bottom Storage",Furniture,Tables,2264,
FUR-TA-10004353,"Chromcraft Wood Table, with Bottom Storage",Furniture,Tables,2265,
FUR-TA-10004371,"Lesro Round Table, Adjustable Height",Furniture,Tables,2266,
FUR-TA-10004383,"Bevis Coffee Table, Adjustable Height",Furniture,Tables,2267,
FUR-TA-10004406,"Bevis Computer Table, Fully Assembled",Furniture,Tables,2268,
FUR-TA-10004416,"Bevis Wood Table, Adjustable Height",Furniture,Tables,2269,
FUR-TA-10004440,"Chromcraft Wood Table, Fully Assembled",Furniture,Tables,2270,
FUR-TA-10004442,Riverside Furniture Stanwyck Manor Table Series,Furniture,Tables,2271,
FUR-TA-10004468,"Lesro Training Table, Fully Assembled",Furniture,Tables,2272,
FUR-TA-10004484,"Barricks Wood Table, Adjustable Height",Furniture,Tables,2273,
FUR-TA-10004504,"Lesro Computer Table, with Bottom Storage",Furniture,Tables,2274,
FUR-TA-10004524,"Bevis Round Table, with Bottom Storage",Furniture,Tables,2275,
FUR-TA-10004531,"Chromcraft Coffee Table, Rectangular",Furniture,Tables,2276,
FUR-TA-10004534,Bevis 44 x 96 Conference Tables,Furniture,Tables,2277,
FUR-TA-10004544,"Chromcraft Coffee Table, Fully Assembled",Furniture,Tables,2278,
FUR-TA-10004575,Hon 5100 Series Wood Tables,Furniture,Tables,2279,
FUR-TA-10004584,"Hon Training Table, Rectangular",Furniture,Tables,2280,
FUR-TA-10004607,Hon 2111 Invitation Series Straight Table,Furniture,Tables,2281,
FUR-TA-10004619,Hon Non-Folding Utility Tables,Furniture,Tables,2282,
FUR-TA-10004634,"Bevis Training Table, Adjustable Height",Furniture,Tables,2283,
FUR-TA-10004649,"Barricks Round Table, Rectangular",Furniture,Tables,2284,
FUR-TA-10004653,"Chromcraft Training Table, Rectangular",Furniture,Tables,2285,
FUR-TA-10004667,"Bevis Wood Table, Adjustable Height",Furniture,Tables,2286,
FUR-TA-10004680,"Lesro Wood Table, Fully Assembled",Furniture,Tables,2287,
FUR-TA-10004711,"Lesro Conference Table, Adjustable Height",Furniture,Tables,2288,
FUR-TA-10004722,"Barricks Computer Table, Adjustable Height",Furniture,Tables,2289,
FUR-TA-10004730,"Barricks Training Table, Adjustable Height",Furniture,Tables,2290,
FUR-TA-10004744,"Lesro Conference Table, with Bottom Storage",Furniture,Tables,2291,
FUR-TA-10004745,"Chromcraft Conference Table, Rectangular",Furniture,Tables,2292,
FUR-TA-10004748,"Bevis Coffee Table, Fully Assembled",Furniture,Tables,2293,
FUR-TA-10004757,"Barricks Training Table, with Bottom Storage",Furniture,Tables,2294,
FUR-TA-10004767,Safco Drafting Table,Furniture,Tables,2295,
FUR-TA-10004801,"Hon Conference Table, Rectangular",Furniture,Tables,2296,
FUR-TA-10004810,"Barricks Computer Table, Adjustable Height",Furniture,Tables,2297,
FUR-TA-10004817,"Lesro Coffee Table, with Bottom Storage",Furniture,Tables,2298,
FUR-TA-10004820,"Barricks Wood Table, Fully Assembled",Furniture,Tables,2299,
FUR-TA-10004826,"Bevis Training Table, Rectangular",Furniture,Tables,2300,
FUR-TA-10004832,"Hon Conference Table, with Bottom Storage",Furniture,Tables,2301,
FUR-TA-10004840,"Hon Conference Table, Adjustable Height",Furniture,Tables,2302,
FUR-TA-10004892,"Chromcraft Wood Table, with Bottom Storage",Furniture,Tables,2303,
FUR-TA-10004915,"Office Impressions End Table, 20-1/2""H x 24""W x 20""D",Furniture,Tables,2304,
FUR-TA-10004937,"Chromcraft Conference Table, Rectangular",Furniture,Tables,2305,
FUR-TA-10004957,"Bevis Wood Table, Fully Assembled",Furniture,Tables,2306,
FUR-TA-10004972,"Chromcraft Wood Table, Rectangular",Furniture,Tables,2307,
,,,,,
,,,,,
,,,,,
,,,,,
,,,,,
,,,,,
,,,,,
,,,,,
,,,,,
,,,,,
,,,,,
,,,,,
,,,,,
,,,,,
,,,,,
,,,,,
,,,,,
,,,,,
,,,,,
,,,,,
,,,,,
,,,,,
,,,,,
,,,,,
,,,,,
,,,,,
,,,,,
,,,,,
,,,,,
,,,,,
,,,,,
,,,,,
,,,,,
,,,,,
,,,,,
,,,,,
,,,,,
,,,,,
,,,,,
,,,,,
,,,,,
,,,,,
,,,,,
,,,,,
,,,,,
,,,,,
,,,,,
,,,,,
,,,,,
,,,,,
,,,,,
,,,,,
,,,,,
,,,,,
,,,,,
,,,,,
,,,,,
,,,,,
,,,,,
,,,,,
,,,,,
,,,,,
,,,,,
,,,,,
,,,,,
,,,,,
,,,,,
,,,,,
,,,,,
,,,,,
,,,,,
,,,,,
,,,,,
,,,,,
,,,,,
,,,,,
,,,,,
,,,,,
,,,,,
,,,,,
,,,,,
,,,,,
,,,,,
,,,,,
,,,,,
,,,,,
,,,,,
,,,,,
,,,,,
,,,,,
,,,,,
,,,,,
,,,,,
,,,,,
,,,,,
,,,,,
,,,,,
,,,,,
,,,,,
,,,,,
,,,,,
,,,,,
,,,,,
,,,,,
,,,,,
,,,,,
,,,,,
,,,,,
,,,,,
,,,,,
,,,,,
,,,,,
,,,,,
,,,,,
,,,,,
,,,,,
,,,,,
,,,,,
,,,,,
,,,,,
,,,,,
,,,,,
,,,,,
,,,,,
,,,,,
,,,,,
,,,,,
,,,,,
,,,,,
,,,,,
,,,,,
,,,,,
,,,,,
,,,,,
,,,,,
,,,,,
,,,,,
,,,,,
,,,,,
,,,,,
,,,,,
,,,,,
,,,,,
,,,,,
,,,,,
,,,,,
,,,,,
,,,,,
,,,,,
,,,,,
,,,,,
,,,,,
,,,,,
,,,,,
,,,,,
,,,,,
,,,,,
,,,,,
,,,,,
,,,,,
,,,,,
,,,,,
,,,,,
,,,,,
,,,,,
,,,,,
,,,,,
,,,,,
,,,,,
,,,,,
,,,,,
,,,,,
,,,,,
,,,,,
,,,,,
,,,,,
,,,,,
,,,,,
,,,,,
,,,,,
,,,,,
,,,,,
,,,,,
,,,,,
,,,,,
,,,,,
,,,,,
,,,,,
,,,,,
,,,,,
,,,,,
,,,,,
,,,,,
,,,,,
,,,,,
,,,,,
,,,,,
,,,,,
,,,,,
,,,,,
,,,,,
,,,,,
,,,,,
,,,,,
,,,,,
,,,,,
,,,,,
,,,,,
,,,,,
,,,,,
,,,,,
,,,,,
,,,,,
,,,,,
,,,,,
,,,,,
,,,,,
,,,,,
,,,,,
,,,,,
,,,,,
,,,,,
,,,,,
,,,,,
,,,,,
,,,,,
,,,,,
,,,,,
,,,,,
,,,,,
,,,,,
,,,,,
,,,,,
,,,,,
,,,,,
,,,,,
,,,,,
,,,,,
,,,,,
,,,,,
,,,,,
,,,,,
,,,,,
,,,,,
,,,,,
,,,,,
,,,,,
,,,,,
,,,,,
,,,,,
,,,,,
,,,,,
,,,,,
,,,,,
,,,,,
,,,,,
,,,,,
,,,,,
,,,,,
,,,,,
,,,,,
,,,,,
,,,,,
,,,,,
,,,,,
,,,,,
,,,,,
,,,,,
,,,,,
,,,,,
,,,,,
,,,,,
,,,,,
,,,,,
,,,,,
,,,,,
,,,,,
,,,,,
,,,,,
,,,,,
,,,,,
,,,,,
,,,,,
,,,,,
,,,,,
,,,,,
,,,,,
,,,,,
,,,,,
,,,,,
,,,,,
,,,,,
,,,,,
,,,,,
,,,,,
,,,,,
,,,,,
,,,,,
,,,,,
,,,,,
,,,,,
,,,,,
,,,,,
,,,,,
,,,,,
,,,,,
,,,,,
,,,,,
,,,,,
,,,,,
,,,,,
,,,,,
,,,,,
,,,,,
,,,,,
,,,,,
,,,,,
,,,,,
,,,,,
,,,,,
,,,,,
,,,,,
,,,,,
,,,,,
,,,,,
,,,,,
,,,,,
,,,,,
,,,,,
,,,,,
,,,,,
,,,,,
,,,,,
,,,,,
,,,,,
,,,,,
,,,,,
,,,,,
,,,,,
,,,,,
,,,,,
,,,,,
,,,,,
,,,,,
,,,,,
,,,,,
,,,,,
,,,,,
,,,,,
,,,,,
,,,,,
,,,,,
,,,,,
,,,,,
,,,,,
,,,,,
,,,,,
,,,,,
,,,,,
,,,,,
,,,,,
,,,,,
,,,,,
,,,,,
,,,,,
,,,,,
,,,,,
,,,,,
,,,,,
,,,,,
,,,,,
,,,,,
,,,,,
,,,,,
,,,,,
,,,,,
,,,,,
,,,,,
,,,,,
,,,,,
,,,,,
,,,,,
,,,,,
,,,,,
,,,,,
,,,,,
,,,,,
,,,,,
,,,,,
,,,,,
,,,,,
,,,,,
,,,,,
,,,,,
,,,,,
,,,,,
,,,,,
,,,,,
,,,,,
,,,,,
,,,,,
,,,,,
,,,,,
,,,,,
,,,,,
,,,,,
,,,,,
,,,,,
,,,,,
,,,,,
,,,,,
,,,,,
,,,,,
,,,,,
,,,,,
,,,,,
,,,,,
,,,,,
,,,,,
,,,,,
,,,,,
,,,,,
,,,,,
,,,,,
,,,,,
,,,,,
,,,,,
,,,,,
,,,,,
,,,,,
,,,,,
,,,,,
,,,,,
,,,,,
,,,,,
,,,,,
,,,,,
,,,,,
,,,,,
,,,,,
,,,,,
,,,,,
,,,,,
,,,,,
,,,,,
,,,,,
,,,,,
,,,,,
,,,,,
,,,,,
,,,,,
,,,,,
,,,,,
,,,,,
,,,,,
,,,,,
,,,,,
,,,,,
,,,,,
,,,,,
,,,,,
,,,,,
,,,,,
,,,,,
,,,,,
,,,,,
,,,,,
,,,,,
,,,,,
,,,,,
,,,,,
,,,,,
,,,,,
,,,,,
,,,,,
,,,,,
,,,,,
,,,,,
,,,,,
,,,,,
,,,,,
,,,,,
,,,,,
,,,,,
,,,,,
,,,,,
,,,,,
,,,,,
,,,,,
,,,,,
,,,,,
,,,,,
,,,,,
,,,,,
,,,,,
,,,,,
,,,,,
,,,,,
,,,,,
,,,,,
,,,,,
,,,,,
,,,,,
,,,,,
,,,,,
,,,,,
,,,,,
,,,,,
,,,,,
,,,,,
,,,,,
,,,,,
,,,,,
,,,,,
,,,,,
,,,,,
,,,,,
,,,,,
,,,,,
,,,,,
,,,,,
,,,,,
,,,,,
,,,,,
,,,,,
,,,,,
,,,,,
,,,,,
,,,,,
,,,,,
,,,,,
,,,,,
,,,,,
,,,,,
,,,,,
,,,,,
,,,,,
,,,,,
,,,,,
,,,,,
,,,,,
,,,,,
,,,,,
,,,,,
,,,,,
,,,,,
,,,,,
,,,,,
,,,,,
,,,,,
,,,,,
,,,,,
,,,,,
,,,,,
,,,,,
,,,,,
,,,,,
,,,,,
,,,,,
,,,,,
,,,,,
,,,,,
,,,,,
,,,,,
,,,,,
,,,,,
,,,,,
,,,,,
,,,,,
,,,,,
,,,,,
,,,,,
,,,,,
,,,,,
,,,,,
,,,,,
,,,,,
,,,,,
,,,,,
,,,,,
,,,,,
,,,,,
,,,,,
,,,,,
,,,,,
,,,,,
,,,,,
,,,,,
,,,,,
,,,,,
,,,,,
,,,,,
,,,,,
,,,,,
,,,,,
,,,,,
,,,,,
,,,,,
,,,,,
,,,,,
,,,,,
,,,,,
,,,,,
,,,,,
,,,,,
,,,,,
,,,,,
,,,,,
,,,,,
,,,,,
,,,,,
,,,,,
,,,,,
,,,,,
,,,,,
,,,,,
,,,,,
,,,,,
,,,,,
,,,,,
,,,,,
,,,,,
,,,,,
,,,,,
,,,,,
,,,,,
,,,,,
,,,,,
,,,,,
,,,,,
,,,,,
,,,,,
,,,,,
,,,,,
,,,,,
,,,,,
,,,,,
,,,,,
,,,,,
,,,,,
,,,,,
,,,,,
,,,,,
,,,,,
,,,,,
,,,,,
,,,,,
,,,,,
,,,,,
,,,,,
,,,,,
,,,,,
,,,,,
,,,,,
,,,,,
,,,,,
,,,,,
,,,,,
,,,,,
,,,,,
,,,,,
,,,,,
,,,,,
,,,,,
,,,,,
,,,,,
,,,,,
,,,,,
,,,,,
,,,,,
,,,,,
,,,,,
,,,,,
,,,,,
,,,,,
,,,,,
,,,,,
,,,,,
,,,,,
,,,,,
,,,,,
,,,,,
,,,,,
,,,,,
,,,,,
,,,,,
,,,,,
,,,,,
,,,,,
,,,,,
,,,,,
,,,,,
,,,,,
,,,,,
,,,,,
,,,,,
,,,,,
,,,,,
,,,,,
,,,,,
,,,,,
,,,,,
,,,,,
,,,,,
,,,,,
,,,,,
,,,,,
,,,,,
,,,,,
,,,,,
,,,,,
,,,,,
,,,,,
,,,,,
,,,,,
,,,,,
,,,,,
,,,,,
,,,,,
,,,,,
,,,,,
,,,,,
,,,,,
,,,,,
,,,,,
,,,,,
,,,,,
,,,,,
,,,,,
,,,,,
,,,,,
,,,,,
,,,,,
,,,,,
,,,,,
,,,,,
,,,,,
,,,,,
,,,,,
,,,,,
,,,,,
,,,,,
,,,,,
,,,,,
,,,,,
,,,,,
,,,,,
,,,,,
,,,,,
,,,,,
,,,,,
,,,,,
,,,,,
,,,,,
,,,,,
,,,,,
,,,,,
,,,,,
,,,,,
,,,,,
,,,,,
,,,,,
,,,,,
,,,,,
,,,,,
,,,,,
,,,,,
,,,,,
,,,,,
,,,,,
,,,,,
,,,,,
,,,,,
,,,,,
,,,,,
,,,,,
,,,,,
,,,,,
,,,,,
,,,,,
,,,,,
,,,,,
,,,,,
,,,,,
,,,,,
,,,,,
,,,,,
,,,,,
,,,,,
,,,,,
,,,,,
,,,,,
,,,,,
,,,,,
,,,,,
,,,,,
,,,,,
,,,,,
,,,,,
,,,,,
,,,,,
,,,,,
,,,,,
,,,,,
,,,,,
,,,,,
,,,,,
,,,,,
,,,,,
,,,,,
,,,,,
,,,,,
,,,,,
,,,,,
,,,,,
,,,,,
,,,,,
,,,,,
,,,,,
,,,,,
,,,,,
,,,,,
,,,,,
,,,,,
,,,,,
,,,,,
,,,,,
,,,,,
,,,,,
,,,,,
,,,,,
,,,,,
,,,,,
,,,,,
,,,,,
,,,,,
,,,,,
,,,,,
,,,,,
,,,,,
,,,,,
,,,,,
,,,,,
,,,,,
,,,,,
,,,,,
,,,,,
,,,,,
,,,,,
,,,,,
,,,,,
,,,,,
,,,,,
,,,,,
,,,,,
,,,,,
,,,,,
,,,,,
,,,,,
,,,,,
,,,,,
,,,,,
,,,,,
,,,,,
,,,,,
,,,,,
,,,,,
,,,,,
,,,,,
,,,,,
,,,,,
,,,,,
,,,,,
,,,,,
,,,,,
,,,,,
,,,,,
,,,,,
,,,,,
,,,,,
,,,,,
,,,,,
,,,,,
,,,,,
,,,,,
,,,,,
,,,,,
,,,,,
,,,,,
,,,,,
,,,,,
,,,,,
,,,,,
,,,,,
,,,,,
,,,,,
,,,,,
,,,,,
,,,,,
,,,,,
,,,,,
,,,,,
,,,,,
,,,,,
,,,,,
,,,,,
,,,,,
,,,,,
,,,,,
,,,,,
,,,,,
,,,,,
,,,,,
,,,,,
,,,,,
,,,,,
,,,,,
,,,,,
,,,,,
,,,,,
,,,,,
,,,,,
,,,,,
,,,,,
,,,,,
,,,,,
,,,,,
,,,,,
,,,,,
,,,,,
,,,,,
,,,,,
,,,,,
,,,,,
,,,,,
,,,,,
,,,,,
,,,,,
,,,,,
,,,,,
,,,,,
,,,,,
,,,,,
,,,,,
,,,,,
,,,,,
,,,,,
,,,,,
,,,,,
,,,,,
,,,,,
,,,,,
,,,,,
,,,,,
,,,,,
,,,,,
,,,,,
,,,,,
,,,,,
,,,,,
,,,,,
,,,,,
,,,,,
,,,,,
,,,,,
,,,,,
,,,,,
,,,,,
,,,,,
,,,,,
,,,,,
,,,,,
,,,,,
,,,,,
,,,,,
,,,,,
,,,,,
,,,,,
,,,,,
,,,,,
,,,,,
,,,,,
,,,,,
,,,,,
,,,,,
,,,,,
,,,,,
,,,,,
,,,,,
,,,,,
,,,,,
,,,,,
,,,,,
,,,,,
,,,,,
,,,,,
,,,,,
,,,,,
,,,,,
,,,,,
,,,,,
,,,,,
,,,,,
,,,,,
,,,,,
,,,,,
,,,,,
,,,,,
,,,,,
,,,,,
,,,,,
,,,,,
,,,,,
,,,,,
,,,,,
,,,,,
,,,,,
,,,,,
,,,,,
,,,,,
,,,,,
,,,,,
,,,,,
,,,,,
,,,,,
,,,,,
,,,,,
,,,,,
,,,,,
,,,,,
,,,,,
,,,,,
,,,,,
,,,,,
,,,,,
,,,,,
,,,,,
,,,,,
,,,,,
,,,,,
,,,,,
,,,,,
,,,,,
,,,,,
,,,,,
,,,,,
,,,,,
,,,,,
,,,,,
,,,,,
,,,,,
,,,,,
,,,,,
,,,,,
,,,,,
,,,,,
,,,,,
,,,,,
,,,,,
,,,,,
,,,,,
,,,,,
,,,,,
,,,,,
,,,,,
,,,,,
,,,,,
,,,,,
,,,,,
,,,,,
,,,,,
,,,,,
,,,,,
,,,,,
,,,,,
,,,,,
,,,,,
,,,,,
,,,,,
,,,,,
,,,,,
,,,,,
,,,,,
,,,,,
,,,,,
,,,,,
,,,,,
,,,,,
,,,,,
,,,,,
,,,,,
,,,,,
,,,,,
,,,,,
,,,,,
,,,,,
,,,,,
,,,,,
,,,,,
,,,,,
,,,,,
,,,,,
,,,,,
,,,,,
,,,,,
,,,,,
,,,,,
,,,,,
,,,,,
,,,,,
,,,,,
,,,,,
,,,,,
,,,,,
,,,,,
,,,,,
,,,,,
,,,,,
,,,,,
,,,,,
,,,,,
,,,,,
,,,,,
,,,,,
,,,,,
,,,,,
,,,,,
,,,,,
,,,,,
,,,,,
,,,,,
,,,,,
,,,,,
,,,,,
,,,,,
,,,,,
,,,,,
,,,,,
,,,,,
,,,,,
,,,,,
,,,,,
,,,,,
,,,,,
,,,,,
,,,,,
,,,,,
,,,,,
,,,,,
,,,,,
,,,,,
,,,,,
,,,,,
,,,,,
,,,,,
,,,,,
,,,,,
,,,,,
,,,,,
,,,,,
,,,,,
,,,,,
,,,,,
,,,,,
,,,,,
,,,,,
,,,,,
,,,,,
,,,,,
,,,,,
,,,,,
,,,,,
,,,,,
,,,,,
,,,,,
,,,,,
,,,,,
,,,,,
,,,,,
,,,,,
,,,,,
,,,,,
,,,,,
,,,,,
,,,,,
,,,,,
,,,,,
,,,,,
,,,,,
,,,,,
,,,,,
,,,,,
,,,,,
,,,,,
,,,,,
,,,,,
,,,,,
,,,,,
,,,,,
,,,,,
,,,,,
,,,,,
,,,,,
,,,,,
,,,,,
,,,,,
,,,,,
,,,,,
,,,,,
,,,,,
,,,,,
,,,,,
,,,,,
,,,,,
,,,,,
,,,,,
,,,,,
,,,,,
,,,,,
,,,,,
,,,,,
,,,,,
,,,,,
,,,,,
,,,,,
,,,,,
,,,,,
,,,,,
,,,,,
,,,,,
,,,,,
,,,,,
,,,,,
,,,,,
,,,,,
,,,,,
,,,,,
,,,,,
,,,,,
,,,,,
,,,,,
,,,,,
,,,,,
,,,,,
,,,,,
,,,,,
,,,,,
,,,,,
,,,,,
,,,,,
,,,,,
,,,,,
,,,,,
,,,,,
,,,,,
,,,,,
,,,,,
,,,,,
,,,,,
,,,,,
,,,,,
,,,,,
,,,,,
,,,,,
,,,,,
,,,,,
,,,,,
,,,,,
,,,,,
,,,,,
,,,,,
,,,,,
,,,,,
,,,,,
,,,,,
,,,,,
,,,,,
,,,,,
,,,,,
,,,,,
,,,,,
,,,,,
,,,,,
,,,,,
,,,,,
,,,,,
,,,,,
,,,,,
,,,,,
,,,,,
,,,,,
,,,,,
,,,,,
,,,,,
,,,,,
,,,,,
,,,,,
,,,,,
,,,,,
,,,,,
,,,,,
,,,,,
,,,,,
,,,,,
,,,,,
,,,,,
,,,,,
,,,,,
,,,,,
,,,,,
,,,,,
,,,,,
,,,,,
,,,,,
,,,,,
,,,,,
,,,,,
,,,,,
,,,,,
,,,,,
,,,,,
,,,,,
,,,,,
,,,,,
,,,,,
,,,,,
,,,,,
,,,,,
,,,,,
,,,,,
,,,,,
,,,,,
,,,,,
,,,,,
,,,,,
,,,,,
,,,,,
,,,,,
,,,,,
,,,,,
,,,,,
,,,,,
,,,,,
,,,,,
,,,,,
,,,,,
,,,,,
,,,,,
,,,,,
,,,,,
,,,,,
,,,,,
,,,,,
,,,,,
,,,,,
,,,,,
,,,,,
,,,,,
,,,,,
,,,,,
,,,,,
,,,,,
,,,,,
,,,,,
,,,,,
,,,,,
,,,,,
,,,,,
,,,,,
,,,,,
,,,,,
,,,,,
,,,,,
,,,,,
,,,,,
,,,,,
,,,,,
,,,,,
,,,,,
,,,,,
,,,,,
,,,,,
,,,,,
,,,,,
,,,,,
,,,,,
,,,,,
,,,,,
,,,,,
,,,,,
,,,,,
,,,,,
,,,,,
,,,,,
,,,,,
,,,,,
,,,,,
,,,,,
,,,,,
,,,,,
,,,,,
,,,,,
,,,,,
,,,,,
,,,,,
,,,,,
,,,,,
,,,,,
,,,,,
,,,,,
,,,,,
,,,,,
,,,,,
,,,,,
,,,,,
,,,,,
,,,,,
,,,,,
,,,,,
,,,,,
,,,,,
,,,,,
,,,,,
,,,,,
,,,,,
,,,,,
,,,,,
,,,,,
,,,,,
,,,,,
,,,,,
,,,,,
,,,,,
,,,,,
,,,,,
,,,,,
,,,,,
,,,,,
,,,,,
,,,,,
,,,,,
,,,,,
,,,,,
,,,,,
,,,,,
,,,,,
,,,,,
,,,,,
,,,,,
,,,,,
,,,,,
,,,,,
,,,,,
,,,,,
,,,,,
,,,,,
,,,,,
,,,,,
,,,,,
,,,,,
,,,,,
,,,,,
,,,,,
,,,,,
,,,,,
,,,,,
,,,,,
,,,,,
,,,,,
,,,,,
,,,,,
,,,,,
,,,,,
,,,,,
,,,,,
,,,,,
,,,,,
,,,,,
,,,,,
,,,,,
,,,,,
,,,,,
,,,,,
,,,,,
,,,,,
,,,,,
,,,,,
,,,,,
,,,,,
,,,,,
,,,,,
,,,,,
,,,,,
,,,,,
,,,,,
,,,,,
,,,,,
,,,,,
,,,,,
,,,,,
,,,,,
,,,,,
,,,,,
,,,,,
,,,,,
,,,,,
,,,,,
,,,,,
,,,,,
,,,,,
,,,,,
,,,,,
,,,,,
,,,,,
,,,,,
,,,,,
,,,,,
,,,,,
,,,,,
,,,,,
,,,,,
,,,,,
,,,,,
,,,,,
,,,,,
,,,,,
,,,,,
,,,,,
,,,,,
,,,,,
,,,,,
,,,,,
,,,,,
,,,,,
,,,,,
,,,,,
,,,,,
,,,,,
,,,,,
,,,,,
,,,,,
,,,,,
,,,,,
,,,,,
,,,,,
,,,,,
,,,,,
,,,,,
,,,,,
,,,,,
,,,,,
,,,,,
,,,,,
,,,,,
,,,,,
,,,,,
,,,,,
,,,,,
,,,,,
,,,,,
,,,,,
,,,,,
,,,,,
,,,,,
,,,,,
,,,,,
,,,,,
,,,,,
,,,,,
,,,,,
,,,,,
,,,,,
,,,,,
,,,,,
,,,,,
,,,,,
,,,,,
,,,,,
,,,,,
,,,,,
,,,,,
,,,,,
,,,,,
,,,,,
,,,,,
,,,,,
,,,,,
,,,,,
,,,,,
,,,,,
,,,,,
,,,,,
,,,,,
,,,,,
,,,,,
,,,,,
,,,,,
,,,,,
,,,,,
,,,,,
,,,,,
,,,,,
,,,,,
,,,,,
,,,,,
,,,,,
,,,,,
,,,,,
,,,,,
,,,,,
,,,,,
,,,,,
,,,,,
,,,,,
,,,,,
,,,,,
,,,,,
,,,,,
,,,,,
,,,,,
,,,,,
,,,,,
,,,,,
,,,,,
,,,,,
,,,,,
,,,,,
,,,,,
,,,,,
,,,,,
,,,,,
,,,,,
,,,,,
,,,,,
,,,,,
,,,,,
,,,,,
,,,,,
,,,,,
,,,,,
,,,,,
,,,,,
,,,,,
,,,,,
,,,,,
,,,,,
,,,,,
,,,,,
,,,,,
,,,,,
,,,,,
,,,,,
,,,,,
,,,,,
,,,,,
,,,,,
,,,,,
,,,,,
,,,,,
,,,,,
,,,,,
,,,,,
,,,,,
,,,,,
,,,,,
,,,,,
,,,,,
,,,,,
,,,,,
,,,,,
,,,,,
,,,,,
,,,,,
,,,,,
,,,,,
,,,,,
,,,,,
,,,,,
,,,,,
,,,,,
,,,,,
,,,,,
,,,,,
,,,,,
,,,,,
,,,,,
,,,,,
,,,,,
,,,,,
,,,,,
,,,,,
,,,,,
,,,,,
,,,,,
,,,,,
,,,,,
,,,,,
,,,,,
,,,,,
,,,,,
,,,,,
,,,,,
,,,,,
,,,,,
,,,,,
,,,,,
,,,,,
,,,,,
,,,,,
,,,,,
,,,,,
,,,,,
,,,,,
,,,,,
,,,,,
,,,,,
,,,,,
,,,,,
,,,,,
,,,,,
,,,,,
,,,,,
,,,,,
,,,,,
,,,,,
,,,,,
,,,,,
,,,,,
,,,,,
,,,,,
,,,,,
,,,,,
,,,,,
,,,,,
,,,,,
,,,,,
,,,,,
,,,,,
,,,,,
,,,,,
,,,,,
,,,,,
,,,,,
,,,,,
,,,,,
,,,,,
,,,,,
,,,,,
,,,,,
,,,,,
,,,,,
,,,,,
,,,,,
,,,,,
,,,,,
,,,,,
,,,,,
,,,,,
,,,,,
,,,,,
,,,,,
,,,,,
,,,,,
,,,,,
,,,,,
,,,,,
,,,,,
,,,,,
,,,,,
,,,,,
,,,,,
,,,,,
,,,,,
,,,,,
,,,,,
,,,,,
,,,,,
,,,,,
,,,,,
,,,,,
,,,,,
,,,,,
,,,,,
,,,,,
,,,,,
,,,,,
,,,,,
,,,,,
,,,,,
,,,,,
,,,,,
,,,,,
,,,,,
,,,,,
,,,,,
,,,,,
,,,,,
,,,,,
,,,,,
,,,,,
,,,,,
,,,,,
,,,,,
,,,,,
,,,,,
,,,,,
,,,,,
,,,,,
,,,,,
,,,,,
,,,,,
,,,,,
,,,,,
,,,,,
,,,,,
,,,,,
,,,,,
,,,,,
,,,,,
,,,,,
,,,,,
,,,,,
,,,,,
,,,,,
,,,,,
,,,,,
,,,,,
,,,,,
,,,,,
,,,,,
,,,,,
,,,,,
,,,,,
,,,,,
,,,,,
,,,,,
,,,,,
,,,,,
,,,,,
,,,,,
,,,,,
,,,,,
,,,,,
,,,,,
,,,,,
,,,,,
,,,,,
,,,,,
,,,,,
,,,,,
,,,,,
,,,,,
,,,,,
,,,,,
,,,,,
,,,,,
,,,,,
,,,,,
,,,,,
,,,,,
,,,,,
,,,,,
,,,,,
,,,,,
,,,,,
,,,,,
,,,,,
,,,,,
,,,,,
,,,,,
,,,,,
,,,,,
,,,,,
,,,,,
,,,,,
,,,,,
,,,,,
,,,,,
,,,,,
,,,,,
,,,,,
,,,,,
,,,,,
,,,,,
,,,,,
,,,,,
,,,,,
,,,,,
,,,,,
,,,,,
,,,,,
,,,,,
,,,,,
,,,,,
,,,,,
,,,,,
,,,,,
,,,,,
,,,,,
,,,,,
,,,,,
,,,,,
,,,,,
,,,,,
,,,,,
,,,,,
,,,,,
,,,,,
,,,,,
,,,,,
,,,,,
,,,,,
,,,,,
,,,,,
,,,,,
,,,,,
,,,,,
,,,,,
,,,,,
,,,,,
,,,,,
,,,,,
,,,,,
,,,,,
,,,,,
,,,,,
,,,,,
,,,,,
,,,,,
,,,,,
,,,,,
,,,,,
,,,,,
,,,,,
,,,,,
,,,,,
,,,,,
,,,,,
,,,,,
,,,,,
,,,,,
,,,,,
,,,,,
,,,,,
,,,,,
,,,,,
,,,,,
,,,,,
,,,,,
,,,,,
,,,,,
,,,,,
,,,,,
,,,,,
,,,,,
,,,,,
,,,,,
,,,,,
,,,,,
,,,,,
,,,,,
,,,,,
,,,,,
,,,,,
,,,,,
,,,,,
,,,,,
,,,,,
,,,,,
,,,,,
,,,,,
,,,,,
,,,,,
,,,,,
,,,,,
,,,,,
,,,,,
,,,,,
,,,,,
,,,,,
,,,,,
,,,,,
,,,,,
,,,,,
,,,,,
,,,,,
,,,,,
,,,,,
,,,,,
,,,,,
,,,,,
,,,,,
,,,,,
,,,,,
,,,,,
,,,,,
,,,,,
,,,,,
,,,,,
,,,,,
,,,,,
,,,,,
,,,,,
,,,,,
,,,,,
,,,,,
,,,,,
,,,,,
,,,,,
,,,,,
,,,,,
,,,,,
,,,,,
,,,,,
,,,,,
,,,,,
,,,,,
,,,,,
,,,,,
,,,,,
,,,,,
,,,,,
,,,,,
,,,,,
,,,,,
,,,,,
,,,,,
,,,,,
,,,,,
,,,,,
,,,,,
,,,,,
,,,,,
,,,,,
,,,,,
,,,,,
,,,,,
,,,,,
,,,,,
,,,,,
,,,,,
,,,,,
,,,,,
,,,,,
,,,,,
,,,,,
,,,,,
,,,,,
,,,,,
,,,,,
,,,,,
,,,,,
,,,,,
,,,,,
,,,,,
,,,,,
,,,,,
,,,,,
,,,,,
,,,,,
,,,,,
,,,,,
,,,,,
,,,,,
,,,,,
,,,,,
,,,,,
,,,,,
,,,,,
,,,,,
,,,,,
,,,,,
,,,,,
,,,,,
,,,,,
,,,,,
,,,,,
,,,,,
,,,,,
,,,,,
,,,,,
,,,,,
,,,,,
,,,,,
,,,,,
,,,,,
,,,,,
,,,,,
,,,,,
,,,,,
,,,,,
,,,,,
,,,,,
,,,,,
,,,,,
,,,,,
,,,,,
,,,,,
,,,,,
,,,,,
,,,,,
,,,,,
,,,,,
,,,,,
,,,,,
,,,,,
,,,,,
,,,,,
,,,,,
,,,,,
,,,,,
,,,,,
,,,,,
,,,,,
,,,,,
,,,,,
,,,,,
,,,,,
,,,,,
,,,,,
,,,,,
,,,,,
,,,,,
,,,,,
,,,,,
,,,,,
,,,,,
,,,,,
,,,,,
,,,,,
,,,,,
,,,,,
,,,,,
,,,,,
,,,,,
,,,,,
,,,,,
,,,,,
,,,,,
,,,,,
,,,,,
,,,,,
,,,,,
,,,,,
,,,,,
,,,,,
,,,,,
,,,,,
,,,,,
,,,,,
,,,,,
,,,,,
,,,,,
,,,,,
,,,,,
,,,,,
,,,,,
,,,,,
,,,,,
,,,,,
,,,,,
,,,,,
,,,,,
,,,,,
,,,,,
,,,,,
,,,,,
,,,,,
,,,,,
,,,,,
,,,,,
,,,,,
,,,,,
,,,,,
,,,,,
,,,,,
,,,,,
,,,,,
,,,,,
,,,,,
,,,,,
,,,,,
,,,,,
,,,,,
,,,,,
,,,,,
,,,,,
,,,,,
,,,,,
,,,,,
,,,,,
,,,,,
,,,,,
,,,,,
,,,,,
,,,,,
,,,,,
,,,,,
,,,,,
,,,,,
,,,,,
,,,,,
,,,,,
,,,,,
,,,,,
,,,,,
,,,,,
,,,,,
,,,,,
,,,,,
,,,,,
,,,,,
,,,,,
,,,,,
,,,,,
,,,,,
,,,,,
,,,,,
,,,,,
,,,,,
,,,,,
,,,,,
,,,,,
,,,,,
,,,,,
,,,,,
,,,,,
,,,,,
,,,,,
,,,,,
,,,,,
,,,,,
,,,,,
,,,,,
,,,,,
,,,,,
,,,,,
,,,,,
,,,,,
,,,,,
,,,,,
,,,,,
,,,,,
,,,,,
,,,,,
,,,,,
,,,,,
,,,,,
,,,,,
,,,,,
,,,,,
,,,,,
,,,,,
,,,,,
,,,,,
,,,,,
,,,,,
,,,,,
,,,,,
,,,,,
,,,,,
,,,,,
,,,,,
,,,,,
,,,,,
,,,,,
,,,,,
,,,,,
,,,,,
,,,,,
,,,,,
,,,,,
,,,,,
,,,,,
,,,,,
,,,,,
,,,,,
,,,,,
,,,,,
,,,,,
,,,,,
,,,,,
,,,,,
,,,,,
,,,,,
,,,,,
,,,,,
,,,,,
,,,,,
,,,,,
,,,,,
,,,,,
,,,,,
,,,,,
,,,,,
,,,,,
,,,,,
,,,,,
,,,,,
,,,,,
,,,,,
,,,,,
,,,,,
,,,,,
,,,,,
,,,,,
,,,,,
,,,,,
,,,,,
,,,,,
,,,,,
,,,,,
,,,,,
,,,,,
,,,,,
,,,,,
,,,,,
,,,,,
,,,,,
,,,,,
,,,,,
,,,,,
,,,,,
,,,,,
,,,,,
,,,,,
,,,,,
,,,,,
,,,,,
,,,,,
,,,,,
,,,,,
,,,,,
,,,,,
,,,,,
,,,,,
,,,,,
,,,,,
,,,,,
,,,,,
,,,,,
,,,,,
,,,,,
,,,,,
,,,,,
,,,,,
,,,,,
,,,,,
,,,,,
,,,,,
,,,,,
,,,,,
,,,,,
,,,,,
,,,,,
,,,,,
,,,,,
,,,,,
,,,,,
,,,,,
,,,,,
,,,,,
,,,,,
,,,,,
,,,,,
,,,,,
,,,,,
,,,,,
,,,,,
,,,,,
,,,,,
,,,,,
,,,,,
,,,,,
,,,,,
,,,,,
,,,,,
,,,,,
,,,,,
,,,,,
,,,,,
,,,,,
,,,,,
,,,,,
,,,,,
,,,,,
,,,,,
,,,,,
,,,,,
,,,,,
,,,,,
,,,,,
,,,,,
,,,,,
,,,,,
,,,,,
,,,,,
,,,,,
,,,,,
,,,,,
,,,,,
,,,,,
,,,,,
,,,,,
,,,,,
,,,,,
,,,,,
,,,,,
,,,,,
,,,,,
,,,,,
,,,,,
,,,,,
,,,,,
,,,,,
,,,,,
,,,,,
,,,,,
,,,,,
,,,,,
,,,,,
,,,,,
,,,,,
,,,,,
,,,,,
,,,,,
,,,,,
,,,,,
,,,,,
,,,,,
,,,,,
,,,,,
,,,,,
,,,,,
,,,,,
,,,,,
,,,,,
,,,,,
,,,,,
,,,,,
,,,,,
,,,,,
,,,,,
,,,,,
,,,,,
,,,,,
,,,,,
,,,,,
,,,,,
,,,,,
,,,,,
,,,,,
,,,,,
,,,,,
,,,,,
,,,,,
,,,,,
,,,,,
,,,,,
,,,,,
,,,,,
,,,,,
,,,,,
,,,,,
,,,,,
,,,,,
,,,,,
,,,,,
,,,,,
,,,,,
,,,,,
,,,,,
,,,,,
,,,,,
,,,,,
,,,,,
,,,,,
,,,,,
,,,,,
,,,,,
,,,,,
,,,,,
,,,,,
,,,,,
,,,,,
,,,,,
,,,,,
,,,,,
,,,,,
,,,,,
,,,,,
,,,,,
,,,,,
,,,,,
,,,,,
,,,,,
,,,,,
,,,,,
,,,,,
,,,,,
,,,,,
,,,,,
,,,,,
,,,,,
,,,,,
,,,,,
,,,,,
,,,,,
,,,,,
,,,,,
,,,,,
,,,,,
,,,,,
,,,,,
,,,,,
,,,,,
,,,,,
,,,,,
,,,,,
,,,,,
,,,,,
,,,,,
,,,,,
,,,,,
,,,,,
,,,,,
,,,,,
,,,,,
,,,,,
,,,,,
,,,,,
,,,,,
,,,,,
,,,,,
,,,,,
,,,,,
,,,,,
,,,,,
,,,,,
,,,,,
,,,,,
,,,,,
,,,,,
,,,,,
,,,,,
,,,,,
,,,,,
,,,,,
,,,,,
,,,,,
,,,,,
,,,,,
,,,,,
,,,,,
,,,,,
,,,,,
,,,,,
,,,,,
,,,,,
,,,,,
,,,,,
,,,,,
,,,,,
,,,,,
,,,,,
,,,,,
,,,,,
,,,,,
,,,,,
,,,,,
,,,,,
,,,,,
,,,,,
,,,,,
,,,,,
,,,,,
,,,,,
,,,,,
,,,,,
,,,,,
,,,,,
,,,,,
,,,,,
,,,,,
,,,,,
,,,,,
,,,,,
,,,,,
,,,,,
,,,,,
,,,,,
,,,,,
,,,,,
,,,,,
,,,,,
,,,,,
,,,,,
,,,,,
,,,,,
,,,,,
,,,,,
,,,,,
,,,,,
,,,,,
,,,,,
,,,,,
,,,,,
,,,,,
,,,,,
,,,,,
,,,,,
,,,,,
,,,,,
,,,,,
,,,,,
,,,,,
,,,,,
,,,,,
,,,,,
,,,,,
,,,,,
,,,,,
,,,,,
,,,,,
,,,,,
,,,,,
,,,,,
,,,,,
,,,,,
,,,,,
,,,,,
,,,,,
,,,,,
,,,,,
,,,,,
,,,,,
,,,,,
,,,,,
,,,,,
,,,,,
,,,,,
,,,,,
,,,,,
,,,,,
,,,,,
,,,,,
,,,,,
,,,,,
,,,,,
,,,,,
,,,,,
,,,,,
,,,,,
,,,,,
,,,,,
,,,,,
,,,,,
,,,,,
,,,,,
,,,,,
,,,,,
,,,,,
,,,,,
,,,,,
,,,,,
,,,,,
,,,,,
,,,,,
,,,,,
,,,,,
,,,,,
,,,,,
,,,,,
,,,,,
,,,,,
,,,,,
,,,,,
,,,,,
,,,,,
,,,,,
,,,,,
,,,,,
,,,,,
,,,,,
,,,,,
,,,,,
,,,,,
,,,,,
,,,,,
,,,,,
,,,,,
,,,,,
,,,,,
,,,,,
,,,,,
,,,,,
,,,,,
,,,,,
,,,,,
,,,,,
,,,,,
,,,,,
,,,,,
,,,,,
,,,,,
,,,,,
,,,,,
,,,,,
,,,,,
,,,,,
,,,,,
,,,,,
,,,,,
,,,,,
,,,,,
,,,,,
,,,,,
,,,,,
,,,,,
,,,,,
,,,,,
,,,,,
,,,,,
,,,,,
,,,,,
,,,,,
,,,,,
,,,,,
,,,,,
,,,,,
,,,,,
,,,,,
,,,,,
,,,,,
,,,,,
,,,,,
,,,,,
,,,,,
,,,,,
,,,,,
,,,,,
,,,,,
,,,,,
,,,,,
,,,,,
,,,,,
,,,,,
,,,,,
,,,,,
,,,,,
,,,,,
,,,,,
,,,,,
,,,,,
,,,,,
,,,,,
,,,,,
,,,,,
,,,,,
,,,,,
,,,,,
,,,,,
,,,,,
,,,,,
,,,,,
,,,,,
,,,,,
,,,,,
,,,,,
,,,,,
,,,,,
,,,,,
,,,,,
,,,,,
,,,,,
,,,,,
,,,,,
,,,,,
,,,,,
,,,,,
,,,,,
,,,,,
,,,,,
,,,,,
,,,,,
,,,,,
,,,,,
,,,,,
,,,,,
,,,,,
,,,,,
,,,,,
,,,,,
,,,,,
,,,,,
,,,,,
,,,,,
,,,,,
,,,,,
,,,,,
,,,,,
,,,,,
,,,,,
,,,,,
,,,,,
,,,,,
,,,,,
,,,,,
,,,,,
,,,,,
,,,,,
,,,,,
,,,,,
,,,,,
,,,,,
,,,,,
,,,,,
,,,,,
,,,,,
,,,,,
,,,,,
,,,,,
,,,,,
,,,,,
,,,,,
,,,,,
,,,,,
,,,,,
,,,,,
,,,,,
,,,,,
,,,,,
,,,,,
,,,,,
,,,,,
,,,,,
,,,,,
,,,,,
,,,,,
,,,,,
,,,,,
,,,,,
,,,,,
,,,,,
,,,,,
,,,,,
,,,,,
,,,,,
,,,,,
,,,,,
,,,,,
,,,,,
,,,,,
,,,,,
,,,,,
,,,,,
,,,,,
,,,,,
,,,,,
,,,,,
,,,,,
,,,,,
,,,,,
,,,,,
,,,,,
,,,,,
,,,,,
,,,,,
,,,,,
,,,,,
,,,,,
,,,,,
,,,,,
,,,,,
,,,,,
,,,,,
,,,,,
,,,,,
,,,,,
,,,,,
,,,,,
,,,,,
,,,,,
,,,,,
,,,,,
,,,,,
,,,,,
,,,,,
,,,,,
,,,,,
,,,,,
,,,,,
,,,,,
,,,,,
,,,,,
,,,,,
,,,,,
,,,,,
,,,,,
,,,,,
,,,,,
,,,,,
,,,,,
,,,,,
,,,,,
,,,,,
,,,,,
,,,,,
,,,,,
,,,,,
,,,,,
,,,,,
,,,,,
,,,,,
,,,,,
,,,,,
,,,,,
,,,,,
,,,,,
,,,,,
,,,,,
,,,,,
,,,,,
,,,,,
,,,,,
,,,,,
,,,,,
,,,,,
,,,,,
,,,,,
,,,,,
,,,,,
,,,,,
,,,,,
,,,,,
,,,,,
,,,,,
,,,,,
,,,,,
,,,,,
,,,,,
,,,,,
,,,,,
,,,,,
,,,,,
,,,,,
,,,,,
,,,,,
,,,,,
,,,,,
,,,,,
,,,,,
,,,,,
,,,,,
,,,,,
,,,,,
,,,,,
,,,,,
,,,,,
,,,,,
,,,,,
,,,,,
,,,,,
,,,,,
,,,,,
,,,,,
,,,,,
,,,,,
,,,,,
,,,,,
,,,,,
,,,,,
,,,,,
,,,,,
,,,,,
,,,,,
,,,,,
,,,,,
,,,,,
,,,,,
,,,,,
,,,,,
,,,,,
,,,,,
,,,,,
,,,,,
,,,,,
,,,,,
,,,,,
,,,,,
,,,,,
,,,,,
,,,,,
,,,,,
,,,,,
,,,,,
,,,,,
,,,,,
,,,,,
,,,,,
,,,,,
,,,,,
,,,,,
,,,,,
,,,,,
,,,,,
,,,,,
,,,,,
,,,,,
,,,,,
,,,,,
,,,,,
,,,,,
,,,,,
,,,,,
,,,,,
,,,,,
,,,,,
,,,,,
,,,,,
,,,,,
,,,,,
,,,,,
,,,,,
,,,,,
